Creditability,EFA1,EFA2,EFA3,TSC_3EFA
1,-0.749078749,1.585233875,-0.033066235,1
1,-0.628856559,-0.76109955,0.442159863,3
1,-1.610112595,1.410388818,-0.39440485,1
1,-2.330377621,-1.640749017,-0.264434976,3
1,-1.971217981,-1.967155355,-0.75165521,3
1,-2.254800478,-1.294607691,-0.444799181,3
1,-1.88923921,-1.568675565,-0.208266226,3
1,-2.676676857,-1.376849089,-1.041292879,3
1,-0.930035254,0.875806203,1.687836807,1
1,0.578505512,2.051757824,-0.81421147,1
1,-0.628856559,-0.76109955,0.442159863,3
1,1.339929952,0.73155562,0.47668587,1
1,-0.317050974,1.279413737,0.283359432,1
1,1.965239336,0.046895161,-0.678096415,2
1,-0.342997925,0.431830938,-0.089444425,1
1,-0.572792759,-0.742428902,-0.850217908,3
1,-1.035352452,-0.720618835,0.308259468,3
1,-0.176709012,1.009298495,-0.834524159,1
1,0.234731158,-1.081733794,0.361881739,2
1,-0.376295001,-0.601545511,1.085163281,3
1,-0.548778163,-0.705062749,1.059585201,3
1,-0.906677954,-0.757123495,-0.039213965,3
0,0.622666008,-0.448509491,-1.238805866,2
1,-0.768631825,-0.781611792,0.079770271,3
1,-0.563528049,-0.551542964,0.601131877,3
1,-0.01100037,-0.827343837,-0.276712897,2
1,-1.008608575,1.081822665,-0.510885342,1
1,-1.688833879,-1.179610881,1.549677213,3
1,0.664606628,-0.449750273,-0.026426177,2
1,1.418454394,-1.046186266,0.55019545,2
1,0.524527338,-1.056180879,0.61365194,2
1,0.838790879,-0.922457473,1.379931136,2
1,1.666848473,-0.704552261,1.423601889,2
1,0.318635633,1.129764502,0.517991386,1
1,-0.68079289,-0.581524895,-1.185675391,3
1,-0.358706458,0.768687149,1.22721658,1
1,-1.443380397,-1.240129818,1.483201441,3
1,-0.053350034,-0.726602851,1.303652355,3
1,0.156206948,-0.335537745,-0.00971728,2
1,1.042324062,0.760369026,2.1984686,1
1,-1.098561529,1.311469524,2.156924954,1
1,-0.808138729,0.556660159,-0.286987614,1
1,-0.984023073,0.933580567,1.923696348,1
1,0.936819347,-0.754168106,1.089314113,2
1,-0.114334701,-0.951792845,-0.33259785,3
0,-0.451555441,1.557466267,-0.924733312,1
1,-0.680152552,-0.401063403,-0.387366715,3
0,-0.582595392,1.242283943,1.841184449,1
1,-0.365228058,0.507243184,-0.134887801,1
1,-0.353334936,-0.784266915,0.569098142,3
1,-1.838266433,-0.075798036,-0.018950741,3
1,0.381922439,-0.002830903,-0.889015478,2
1,-1.290834303,-0.526222548,1.15672263,3
1,-0.414609891,-0.827694971,1.292201436,3
1,1.496809489,-0.909166456,0.505279336,2
1,-1.707497168,0.507677404,2.418117562,3
1,-1.355921611,-1.044124727,1.431569534,3
1,-1.966099914,-0.349379275,-1.682557464,3
1,0.38499229,-1.082790437,0.465204913,2
1,0.401797995,-0.741073087,0.222614091,2
1,-1.324111351,-0.870206849,0.932779809,3
1,1.292006122,1.509290887,0.105148995,1
1,0.404102508,-1.021682941,1.350483337,2
1,1.290658676,-0.860215329,1.00089756,2
1,-1.83940721,-1.076866972,-0.007631717,3
1,-0.833774186,1.468642103,1.769794456,1
1,-0.050422786,-0.654032685,-0.294913053,2
1,0.189621822,-0.67538381,-0.27860886,2
1,-0.269589519,1.727860283,-0.614959236,1
1,0.479034935,-1.150074493,1.079518975,2
1,0.669007188,-0.646244329,0.974126498,2
1,0.635892369,-1.083760137,0.458485475,2
1,0.564938338,-1.080127657,0.237217302,2
1,0.053144149,-0.819002767,-0.061027756,2
1,0.551742203,-0.937706191,0.240139702,2
1,-0.217588987,-0.336324249,-0.593206712,3
1,1.079103457,-0.712438386,0.902447375,2
1,-0.289806016,-1.079411186,1.267169544,3
1,0.160764227,-0.080836112,0.792698219,2
1,0.026778001,-0.866124894,0.299048436,2
1,0.190188505,1.018880813,1.210609913,1
1,0.956231581,-1.037892924,1.307958487,2
1,0.676524136,-0.421270977,-0.286637564,2
1,0.301974355,-0.638320567,0.517338493,2
1,-0.29489799,-1.122672306,1.362929858,3
1,-0.193369132,-0.370032568,-0.958876545,2
1,0.546310036,-0.671482341,1.214105444,2
1,0.709519995,1.353357845,1.240707451,1
1,-1.630034735,0.684162718,1.437721284,1
1,0.351711668,0.892502987,1.315119972,1
1,-0.480853558,-0.491260554,-0.088322662,3
1,1.144050995,1.448544569,0.070760058,1
1,1.353832723,1.436343215,-0.705121536,1
1,-1.359190507,-1.039344395,-0.87507455,3
1,0.858914485,-0.950518859,0.238308223,2
1,0.348467196,-0.468575355,0.949776344,2
1,-0.951604666,1.732415648,0.168954185,1
0,1.21065871,0.488599541,0.177902495,1
1,-0.980968801,-0.294373523,-1.369167177,3
1,0.423114277,0.779606543,0.779301056,1
1,0.028228682,-0.752934119,0.98877331,3
1,-1.165963621,1.357913193,-0.882823031,1
1,1.302385783,-0.734225571,0.163283379,2
1,0.985078344,1.231592855,0.15072092,1
1,0.190077516,0.170273843,1.4830638,1
1,-0.286930108,-0.313032501,-0.416448214,3
1,-0.484480647,1.268282126,1.845023457,1
1,-0.697761888,0.28940706,-0.092734843,1
1,0.263177882,1.039205031,-0.034413917,1
1,-0.289288841,0.794799841,1.794655862,1
0,-0.012565659,1.281531742,-0.670203478,1
1,-0.842630659,0.488898913,-0.709862322,1
1,0.375552184,-0.027974531,0.761353928,2
1,-1.291394148,1.206858826,0.244224712,1
1,1.075121348,-0.5015503,-0.475632953,2
1,-0.429503992,-0.666939621,-0.951524283,3
1,-0.492567289,-0.789716784,0.058507846,3
1,0.771487774,1.500294184,0.427329628,1
1,-0.71186999,-1.228655047,1.790960845,3
1,0.890320015,-0.81105292,0.029197545,2
1,1.922974343,1.501519559,-0.46823655,1
1,1.028017436,-0.557964009,1.285147966,2
1,-0.059081053,0.416375681,-0.713250242,1
1,-0.576670307,0.928019093,1.108914124,1
1,-0.622778984,-1.27505644,0.046301792,3
1,1.181900447,0.286572295,1.952113185,1
1,-0.82058152,1.66738501,0.379425763,1
1,0.088413321,-0.2753476,-0.271675178,2
1,0.108291652,0.57100523,-0.075210828,1
1,0.024767328,-0.951571564,0.999153777,3
1,-0.300661752,-0.346690408,-0.68948084,3
1,-0.329647726,-0.702485359,-0.232960902,3
1,-0.958081485,-0.697685205,-0.504489189,3
1,-0.601114889,1.514542092,0.062356169,1
1,-0.675958972,1.102338913,0.3222823,1
1,-0.915659435,0.286794692,0.227889975,3
1,-1.270875566,-1.259273989,-0.115591414,3
1,0.750714556,-0.786094193,-1.986612287,2
1,-1.217302753,0.903904483,1.748493664,1
1,0.706334205,-0.464266428,1.229060913,2
1,0.120854559,0.905918494,0.895694409,1
1,-0.843376405,-0.904879418,0.313712343,3
1,1.120910087,0.872779237,0.400645762,1
1,0.378733126,0.007739252,0.253897101,2
1,1.060292213,1.620127762,0.410992624,1
1,0.55915304,-1.017163615,0.59455178,2
1,1.022750928,-1.420272942,-0.888191578,2
1,-1.350266696,-0.296409087,-0.210942011,3
1,-0.380339126,-0.830373517,-0.145249116,3
1,-0.561512097,-1.248870846,0.903096458,3
1,-1.132039646,0.929642672,0.657531703,1
1,-0.195065452,1.342695964,-0.491369745,1
1,1.710172929,-0.431302717,1.556427164,2
1,0.765913135,-1.068885742,-0.462921698,2
1,-0.724539256,0.276883084,-0.476218528,1
1,-0.467925965,-0.562657954,1.019813556,3
1,-0.287684845,1.179895938,-1.302317764,1
1,1.187969252,-0.756284587,0.689942251,2
0,1.494970688,0.699442695,-0.453112081,1
1,0.064998521,-0.703572275,1.375343226,3
1,-1.00043938,1.176450707,1.736608231,1
1,-0.559725677,0.182998908,1.597240064,3
1,0.425026516,1.648026681,0.073207746,1
1,0.457510401,-0.520825242,0.427258083,2
1,-0.700156689,1.632887072,-0.357405634,1
1,-0.42844032,-0.940511244,1.93453773,3
1,1.286954007,1.481157956,1.589902879,1
1,0.733397614,-0.850071447,0.890422243,2
1,0.526172255,1.363979871,1.080206155,1
1,-0.251388682,1.488557948,1.616966305,1
1,1.18839071,-0.18884138,-0.900840061,2
0,-1.758661683,1.332678296,-0.855171952,1
1,-1.309738033,0.614698474,-0.554143569,1
1,0.360175711,-0.797680066,-0.796198576,2
1,0.04292906,-0.7265075,0.48549418,2
1,1.069622937,-0.063777792,0.552969519,2
1,0.229142963,-0.448372044,1.062437624,2
1,-0.737341384,-0.669468037,0.079338155,3
1,-0.027250453,-0.860838843,0.125134204,2
1,1.676148562,-0.81022909,0.609908493,2
1,-1.147934929,1.935317717,-0.134169791,1
1,-0.695687497,1.35992683,1.601487281,1
1,1.599393901,-0.241173734,-1.260429002,2
1,0.872772696,1.362740318,1.011075275,1
1,-0.305507054,1.122754006,0.926925857,1
1,1.349136117,-0.437411622,0.375382678,2
1,0.027789776,-1.157575206,0.456719794,2
1,0.657984871,-0.704945383,0.024644017,2
1,0.558870455,-0.653322934,-0.213637427,2
1,1.307581275,1.405494332,-0.476476446,1
1,0.663442481,-0.469541984,-0.188622629,2
1,1.023640711,0.523682008,-0.341795547,1
1,1.517696728,1.722887946,-0.104719832,1
1,0.00754938,-0.658586329,0.099939662,2
1,-0.729442779,-0.235814383,-0.57166251,3
1,1.698696223,-0.45641348,1.269053639,2
1,1.088166286,-0.652848067,1.387539611,2
1,0.210121202,1.219785209,1.666763087,1
1,-0.088374285,-0.653982273,-0.202275846,2
1,0.547432207,1.533314612,-0.575341595,1
1,1.507938786,-0.932385011,-0.339618004,2
1,0.949346613,-0.738825564,-0.236600596,2
1,-0.335659372,-1.321613526,-0.965562672,3
1,-0.002417345,0.982032098,-1.080609621,1
1,-1.124378356,-1.016330125,-1.610765867,3
1,0.697111505,-0.726325906,-1.150028773,2
1,-0.828812105,-0.165053744,-1.26596705,3
1,-0.288242068,-0.19061199,-0.784165627,3
1,1.981517686,-0.458536286,-0.992752555,2
1,-0.010759196,-0.76980892,-0.073212764,2
1,-2.076166677,-0.92793869,-1.142057871,3
1,0.095462506,-0.423104884,-1.836881204,2
1,0.095462506,-0.423104884,-1.836881204,2
1,-2.54505721,-1.729913474,1.066385645,3
1,-1.355318099,-0.557683738,-0.692384645,3
1,-0.758596502,-0.488968651,-0.809315946,3
1,-0.346583584,1.69614693,0.43871762,1
1,-2.511605606,-0.182368811,-0.957917648,3
1,0.311786696,1.671140601,-0.971098644,1
1,-2.247864413,-1.957321732,-0.233496934,3
1,0.691450495,-0.876450694,-2.04253836,2
1,0.315971366,-1.273082815,1.345458255,2
1,0.492341512,-0.614628339,0.624071083,2
1,1.39747912,-0.281076559,0.90312088,2
1,0.268140752,-0.638805307,-0.909079762,2
1,-0.669385804,0.930154501,2.120193873,1
1,0.13248881,-0.568487516,-1.28517997,2
1,-0.905296998,-0.674448327,0.590338312,3
1,-0.533688254,0.431886357,0.372238761,1
1,0.866796444,-0.694802687,-1.176562644,2
1,-0.266350988,-1.062307848,0.193878714,3
1,-1.240915304,-0.411943105,-0.674415649,3
1,1.663282575,-0.968380393,0.192804377,2
1,0.930550286,0.082595773,-0.7041714,2
0,-1.039130359,0.234876262,-1.366642906,3
1,0.19421563,0.597972006,-0.221428023,1
1,-0.338429288,-1.135590826,0.708103924,3
1,-0.397576029,-1.446214838,-1.375025089,3
1,-1.598160215,1.877795887,-0.242254232,1
1,0.931278401,-0.18502055,-0.385607622,2
1,-1.072265323,0.119506344,1.63668039,3
1,1.439199808,-0.762454071,0.051800809,2
1,-0.703764298,1.581277814,0.00016134,1
1,-0.070098536,-1.065672117,1.249930951,3
1,-0.886239393,-1.263689181,-0.80904675,3
1,0.692838676,1.540102904,0.188395361,1
1,-0.099850432,-0.296575571,0.940479095,3
1,0.733827027,-0.302678976,0.709503786,2
1,-0.665494139,1.548271589,-0.545573126,1
1,1.134432386,-0.186095706,-0.084115952,2
1,0.306230628,-1.181719823,0.339468215,2
1,-0.43253831,-0.693284553,-0.498655863,3
1,-0.797714252,-1.202719439,0.056046728,3
1,0.859934973,-0.76597556,-0.177196856,2
1,1.749126837,-0.994316001,1.927718494,2
1,0.012448884,-0.512066927,-0.596553955,2
1,-0.325949257,1.087608095,0.505988386,1
1,-0.791246715,1.939219186,1.358544513,1
1,-1.455736167,-1.220797865,-0.875358334,3
1,-1.021318792,-1.031793243,-0.085341955,3
1,-0.284634543,-0.497922926,-0.537602835,3
1,0.055766783,1.402208378,1.67376631,1
1,-1.016790215,1.599547183,-0.351016981,1
1,-0.618220709,-0.340081762,-0.365829823,3
1,-0.409348734,1.366989675,0.052035925,1
1,0.633832188,-0.989260404,0.196858362,2
1,-1.422038415,-0.788864943,-0.885606256,3
1,-0.052924181,-1.098227262,0.279411367,3
1,-1.35093484,1.749385222,1.27594524,1
1,-0.39232445,-1.148328114,-1.067914353,3
1,-0.939129257,-0.701969367,-0.010519175,3
1,1.407790844,1.095069217,1.668765509,1
1,-1.619666609,0.53506838,-0.065010868,1
1,0.357767652,-0.981155412,0.218120787,2
1,0.993526733,-0.741793618,-0.062723761,2
1,-0.976340051,1.1882824,-0.119657162,1
1,0.837624801,0.529033464,0.199437547,1
1,0.330240998,-0.534688073,0.63767071,2
1,0.623861796,1.404769184,-0.72367051,1
1,-1.255073705,-0.158017731,0.132567848,3
1,-0.837389002,1.30076976,-0.28700598,1
1,-0.754388526,1.135366318,-0.105582361,1
1,0.571496155,1.990456564,0.203046785,1
1,0.334230914,0.28726516,0.468161194,1
1,0.757776911,1.133152807,-0.960642402,1
1,-1.658347223,1.459302081,-0.026557839,1
1,-0.753064922,-1.329628767,0.971862967,3
1,-0.534669783,-0.255505137,-0.450418501,3
1,-0.12986622,-1.023564458,0.054472848,3
1,-0.553012843,0.073150063,0.476268918,3
1,-0.631795957,-0.582881377,1.445714924,3
1,0.101731933,1.726880959,0.171801489,1
1,-1.169894759,-0.368799652,1.418610987,3
1,-0.154552104,-0.051796696,0.184718288,3
1,-0.511034387,1.142376878,1.729835854,1
1,1.217977589,1.451096124,-0.428220215,1
1,-0.538324787,1.853598537,-0.039913816,1
1,-1.26559642,-0.37318224,0.651506402,3
1,-1.519192456,1.805031353,-0.456417225,1
1,-0.616141838,0.789726425,0.658946179,1
1,-1.166015125,-0.723384319,-1.550084963,3
1,1.010463323,-0.592616305,-1.257492873,2
1,0.639443441,1.622221232,-0.306337554,1
1,-0.37787149,-0.285073224,1.505763788,3
0,-1.711621685,1.213681634,-0.162708309,1
1,-0.803961099,-0.285002372,0.315438994,3
1,-1.26521617,-0.944819106,-1.676228598,3
1,-1.452441339,-0.492681829,-0.755192524,3
1,0.698682118,1.424527151,-0.671424033,1
1,0.678352785,-0.604152839,-0.849700974,2
1,-1.144499708,-1.584324052,3.513450797,3
1,0.992580584,-1.079858668,1.951199779,2
1,-1.430167556,0.812976416,1.610497149,1
1,-0.47946727,-0.460526758,-1.039944641,3
1,-1.833179077,-0.796593756,-1.240623586,3
1,0.063716368,-1.405048304,-0.020841767,2
1,0.303023021,-1.18982894,-1.033370603,2
1,-0.074012995,0.650897684,-0.638531699,1
1,-0.741865634,-0.598990196,1.154887505,3
1,-1.203268435,-1.565935092,-2.291696955,3
1,-1.404925281,-1.545419624,-0.801502144,3
1,-0.914119149,1.231247183,0.333927159,1
1,-0.760707972,0.280529857,0.407906708,1
1,-1.62418406,0.750742446,0.534755288,1
1,-2.279920238,-1.233157149,-1.131197387,3
1,-0.537195216,0.661199265,2.506674548,1
1,-2.244443223,-1.234973389,-1.0205633,3
1,-2.08326496,-1.646383349,0.616479044,3
1,-0.785138596,-1.379599565,-0.474611067,3
1,0.627085529,-0.730751323,1.302478801,2
1,0.436327646,1.351967674,2.098357252,1
1,0.363313434,1.450099887,1.615461966,1
1,-0.215354357,1.622736733,1.573484257,1
1,-0.204120173,1.392347437,0.609239278,1
1,-0.011354059,-0.307478277,1.812276102,3
1,-1.443241935,-0.939107373,-2.259465685,3
1,-2.162710018,-1.911520492,0.232679785,3
1,-1.111965131,-1.16775506,0.643124922,3
1,-0.499192768,-0.257321377,-0.339784415,3
1,-1.459470409,-1.623640285,-0.411526469,3
1,1.036309976,-0.981856123,1.925383825,2
1,-0.036470647,0.859036145,-2.493934888,1
1,1.089186568,-0.258605831,0.840996714,2
1,-1.364961168,-0.955241871,-0.985042406,3
1,-0.701168868,0.73207822,2.126926534,1
1,-1.490324313,-1.272050239,-0.923792933,3
1,-0.450695685,-1.21445691,0.256052476,3
1,-0.520491129,-1.266785465,1.275397621,3
1,-0.757896108,-0.707099208,0.32124664,3
1,-0.782434623,-0.640435076,1.140013733,3
1,-1.09147273,-0.255450063,1.112755256,3
1,0.354112648,1.127948262,0.628625472,1
1,1.896993812,-0.348470262,1.794605534,2
0,-0.590373489,1.233993717,0.871093544,1
1,-0.271889419,-1.236934381,-0.39798728,3
1,1.697901889,-0.865753973,1.857373807,2
1,0.900808974,-1.014732967,-1.614008471,2
1,-2.583064705,-1.581937343,0.660844791,3
1,0.447305436,1.356102348,0.06886568,1
1,0.854010471,1.024420323,1.797688365,1
1,-1.78517838,-1.266334414,1.504133081,3
1,-0.426390983,1.550330975,-0.939276298,1
1,-0.799837457,0.522373372,1.774391359,1
1,-0.949596165,1.233063423,0.223293072,1
1,-0.061706956,-0.891612324,0.198924415,3
1,-0.22076358,-0.723513504,-0.415563738,3
1,-0.479424212,0.976203928,0.175472052,1
1,-1.376426961,-0.524212539,-1.928225253,3
1,-0.034569712,1.345224699,-0.696350217,1
1,-0.426834197,0.706952345,-1.288749802,1
1,0.530505107,0.606797558,-1.598093173,1
1,0.715732508,-0.589096462,0.979866801,2
1,1.364191519,1.170468122,0.966939557,1
1,-1.344470722,1.256021341,-0.703605463,1
1,0.148814668,-0.635602672,1.061078136,2
1,1.288931435,-0.411152434,-1.17149084,2
0,-1.320959442,-0.914660281,-1.248636302,3
1,1.78130275,-0.487691746,0.36488645,2
1,-0.658856009,-0.327194513,-0.966073164,3
1,1.133891173,-0.699407755,1.77116636,2
1,0.363228703,1.903883096,-1.044044452,1
1,0.229247545,1.295113663,-0.728838607,1
1,2.238602668,-0.986565199,0.830443194,2
1,-1.817424356,0.425516191,-0.909444683,3
1,0.687532178,-0.733539139,1.494060222,2
1,-1.352764533,-0.384922758,-1.049386958,3
0,-1.042792899,1.131438021,-0.323102965,1
1,0.242081819,-0.512562606,-0.441259969,2
1,-0.747750396,-0.740099785,-0.526082399,3
1,0.23740407,1.113441737,0.018855281,1
1,0.302245065,-0.486514012,-0.344783754,2
1,-0.379011368,-1.051764714,1.124770492,3
1,-1.43743921,1.038926784,0.832832309,1
1,0.152061422,-0.588995583,1.091431015,2
1,0.984378092,-0.300489003,-0.756671576,2
1,-1.270941468,1.123585563,-0.216590291,1
1,0.942450008,-0.086179016,-0.766247521,2
1,-1.186280428,-0.864186511,-0.179639831,3
1,-1.05697255,0.0177597,0.503404387,3
1,0.299946234,-0.560965117,-0.905391993,2
1,0.578822001,1.434003115,-0.512864501,1
1,-1.760207133,-1.06502456,-0.599492279,3
1,-1.304218222,1.91522093,-0.99007866,1
1,0.289651763,1.46797904,0.039589404,1
1,0.57655037,-0.25803949,-0.597364034,2
1,1.240891617,-0.686044896,-1.291308828,2
1,0.588432013,-0.408175725,-0.468631737,2
1,-0.835270488,0.200633887,-1.193483206,3
1,-0.491969633,-0.003656275,-0.798671598,3
1,1.128719087,0.475171174,0.333332787,1
1,-0.557942805,1.476549612,0.190656349,1
1,0.134936769,-0.522232391,1.135232017,2
1,-0.616763276,-0.947972506,1.840014673,3
1,0.591959128,-0.819124915,1.043653339,2
1,-0.987934526,-1.220550055,1.81222327,3
1,0.874825204,-0.788278688,1.336449088,2
1,-1.702819151,1.099209333,2.318411344,1
1,0.430528351,-0.484380247,1.438868617,2
1,-0.599957572,-0.606255156,1.597423851,3
1,-0.165587444,-1.266451802,0.723274501,3
1,-1.363888465,0.266038815,-0.083080644,3
1,-0.669559767,0.811266162,1.673397158,1
1,-0.891750533,-0.846251056,1.158048867,3
1,0.470341395,0.674417829,1.139805523,1
1,-0.124392513,-1.165478082,1.542372379,3
1,-1.298604091,-1.250778328,2.255458814,3
1,1.550658977,-0.461035375,-0.399983965,2
0,0.151407208,1.08048895,1.462266042,1
1,-0.763639302,1.154531374,-0.817587353,1
1,-0.812390515,1.421173051,-0.086699776,1
1,1.676677608,1.29633051,1.226960373,1
0,-0.047801069,-1.22220299,1.42419854,3
1,0.43921989,-0.607962255,-0.419682241,2
1,-0.449297454,0.008400597,0.807942338,3
1,-0.851425712,-1.255948605,1.239640859,3
1,-0.346741647,-1.110255537,0.886707021,3
1,-0.066815322,1.268039704,1.155418307,1
1,-1.234241458,1.5990077,0.481396739,1
1,1.39581313,-1.310126486,1.838245699,2
1,-0.242165814,0.260431393,1.217813912,1
1,-0.049452309,1.74575208,0.758711351,1
1,1.259200323,-0.523766619,0.725766872,2
1,1.479615425,-0.654549714,0.939570485,2
1,-0.587701577,0.03400332,0.504349754,3
1,-1.371302097,-1.166846839,0.96897623,3
1,-1.031808627,-0.860032389,-0.179824655,3
1,-0.364851422,-1.240392518,1.990966593,3
1,-0.57320433,1.467698903,0.472021863,1
1,1.991718279,-0.194076564,-0.420402981,2
1,-1.746434055,0.509758662,0.155771882,3
0,-1.804493835,-1.29902213,-0.419560191,3
1,0.26618227,-1.06793751,-0.482956047,2
1,1.069110261,-0.850068415,-1.35211194,2
1,1.282617231,1.868674823,0.719867353,1
1,0.569351818,0.237133548,-1.769371247,2
1,0.410518879,-0.251552171,-0.266927122,2
1,0.731977774,-0.622786939,-0.439300101,2
1,-0.78621541,-0.680768836,-0.701937513,3
1,0.011906582,-0.68337185,-0.803927453,2
1,0.089321779,0.641114391,0.094703367,1
1,0.942714807,0.704238525,-0.316795445,1
1,0.721786594,-0.62436234,0.322974644,2
1,0.439900651,2.003040576,-0.114312487,1
0,0.706126163,-0.784306519,-1.236377018,2
1,-0.470203134,2.031965138,-0.537310355,1
1,-0.327854465,0.763077442,0.904744219,1
1,-0.341082097,-0.666508125,-0.498092757,3
1,1.10473243,1.284600215,0.51253877,1
1,0.844742725,-0.398840118,-1.02420875,2
1,-0.532458303,-1.472640141,0.851086335,3
1,0.276192007,-1.113272021,-0.098533054,2
1,0.062115229,-0.616640325,0.78461837,2
1,1.123502195,-0.967209151,1.055309959,2
1,-0.671385546,1.12518912,0.110866997,1
1,1.188001312,-0.77342887,-0.471161122,2
1,-0.604250266,0.367157269,0.268041753,1
1,0.125973205,-1.413095656,0.823766042,2
1,0.710066268,-0.113822427,0.356558199,2
1,0.03530326,0.504281141,2.073650221,1
1,0.248891265,1.136729631,-0.357285134,1
1,1.152470808,-1.149143185,2.367608496,2
1,-0.243440198,0.98684593,-0.100777738,1
1,0.916061491,-0.203309026,-0.091780757,2
1,-0.706245164,-1.605518405,0.630565333,3
1,-0.532948318,1.187038638,1.507253902,1
1,-1.232774523,1.282558244,1.732054702,1
1,0.685433367,0.618935397,1.293324707,1
1,-0.886450585,0.05234428,0.257654748,3
1,-1.276429679,0.462043906,-0.134712552,1
1,0.253764384,-0.445534588,0.148237863,2
1,-0.702904061,-0.392241245,-0.487159951,3
1,-0.260770561,-1.036686948,0.608331737,3
1,0.089539472,-0.917346703,-2.478981668,2
1,-0.032524614,-0.221762833,1.805603653,3
1,-1.070699046,-1.241615963,0.128946712,3
1,-0.407198219,0.172661126,0.122246008,1
1,-0.922750054,0.338112267,-0.026911894,1
1,0.773528255,-0.830750188,1.803370967,2
1,-1.403741458,1.470859706,0.822584388,1
1,-0.924838705,-0.014632713,-0.470193349,3
1,-0.742503056,0.482854827,-0.224590248,1
1,0.291287978,0.202767191,1.594028672,1
1,-0.700133056,-0.920271071,-0.098170737,3
1,-0.373933199,0.336620061,1.396856353,1
1,1.343019784,-0.751765261,-0.065989307,2
1,-0.89597818,0.165672904,1.615466346,3
1,-1.134985252,0.592703248,2.630085941,1
1,1.255601291,-0.525089577,1.756907157,2
1,0.863640658,-0.753448236,0.678664809,2
1,-1.035767312,-1.199401862,-0.656970592,3
1,-0.265125289,0.870386221,0.695473484,1
1,-0.026248702,1.368577299,0.125539984,1
1,0.455624256,0.18526958,0.298209454,2
1,0.617939152,0.973503215,-1.06401611,1
1,0.490888574,1.60113308,0.390236233,1
1,0.603129033,-0.222033706,-1.044068167,2
1,1.296574733,-0.909068552,-0.040402193,2
0,0.809697807,-0.894477099,-0.508664771,2
0,1.192806844,1.446540556,1.177939461,1
0,1.074584971,1.985540508,1.302068803,1
0,1.344456754,1.400599532,0.248755064,1
0,1.698840455,1.685110855,0.613600122,1
1,-1.247664755,1.304861372,0.218408759,1
1,-0.82058152,1.66738501,0.379425763,1
1,-0.041637927,-0.323751992,0.423636688,3
1,1.401790716,1.43283486,1.335866138,1
1,-1.879461365,-0.176771756,-0.838048619,3
1,-0.535921041,1.237821062,-0.26660343,1
1,0.587396476,-0.509170624,-0.314130488,2
1,0.045668133,1.708210311,1.46417926,1
1,-1.367803254,-0.893988492,1.302837237,3
1,0.322267433,-0.989266918,1.849787775,2
1,-0.798117919,1.037363773,-0.079766408,1
1,0.006409808,0.101587057,0.799701441,1
1,0.271300091,1.215411039,-1.040269127,1
1,0.256252639,1.200259954,-0.292824087,1
1,-0.510339815,1.138487016,1.296264866,1
1,-1.331454251,-0.935954236,1.946078529,3
1,-1.367205781,-1.281704366,1.925407002,3
1,0.549321578,1.221162585,-1.189002306,1
0,-0.412659339,1.583988882,-0.666243672,1
1,1.316492408,-0.990496266,0.385065938,2
0,-1.233432664,-0.992975025,-0.855236774,3
1,-0.723150784,1.292611017,1.055422028,1
1,-1.331454251,-0.935954236,1.946078529,3
1,-1.359504002,0.446861782,-0.783694147,3
1,0.666878259,1.242292332,0.058073356,1
1,-0.918441099,-0.823389186,1.459512175,3
1,-1.260768023,0.477589302,-0.469457982,1
1,-0.31651348,0.896434866,1.547571735,1
1,-0.703443661,-0.703271863,-0.816450334,3
1,-1.404152257,-0.852022748,0.659595945,3
1,-1.283810069,0.322075616,0.534344694,3
1,-0.885692589,0.757037619,0.966445275,1
1,-0.858357366,1.594750145,-0.291816563,1
1,1.007309871,1.506948356,1.167482333,1
1,1.456634505,1.680849515,-0.638401614,1
1,-0.122095132,1.178659789,-0.583423597,1
1,1.299160238,1.890581833,0.388914347,1
1,-0.50701475,0.248370173,-0.255181283,1
1,0.161197306,0.417386003,1.8103112,1
1,0.273405903,-0.606819685,1.194678144,2
0,1.430474968,1.800228322,-0.487291958,1
1,0.53322047,0.655366588,0.41400889,1
1,0.600235267,-0.326860918,0.595030691,2
1,0.073132486,1.42255305,0.762967791,1
1,0.628383014,-0.446310421,0.151881782,2
1,-1.163275796,0.824692624,1.890109796,1
1,-0.956806108,-1.224573731,2.234527174,3
1,1.371018941,-0.99136411,0.042003017,2
1,-1.375067214,-0.485443637,-0.732872284,3
1,1.233175769,-0.316385185,-0.194035518,2
1,1.262432529,-0.202638725,-0.538781254,2
1,0.989281081,-0.658448332,-1.32991365,2
1,1.688190455,-0.253287386,-0.945205808,2
1,1.954229102,-0.784828784,-1.692633531,2
0,0.794587359,-1.1512643,-0.824080389,2
0,-1.312897755,-1.06094252,-1.128600185,3
0,1.436019642,1.820695627,0.785893015,1
0,1.79884951,1.168429214,-0.020005811,1
0,-0.140091831,-0.77969445,-2.304981613,2
0,0.330746066,0.86851294,-1.202359902,1
0,0.702586251,-0.647092342,0.531435268,2
0,-1.02065813,1.680551365,-0.915180444,1
0,0.912774587,-1.17566253,-0.739024053,2
1,1.303973481,-0.504731004,-1.083448269,2
1,1.368106133,-1.010586423,1.359842622,2
1,0.625947716,-0.548879203,-1.137730419,2
1,-0.296325263,1.325812973,-0.666607147,1
1,-0.153188433,1.497612817,-0.390167629,1
1,-0.961392091,-0.480685998,-1.222768786,3
1,0.072824759,-1.398875704,0.319827094,2
0,1.047835041,1.614829883,0.38399354,1
0,-0.166850423,1.633211132,-0.886395678,1
1,0.71547769,0.47807528,-1.262934669,2
1,0.919329827,-0.456667804,0.234401447,2
1,-1.501503506,-0.856832437,-1.158969668,3
1,-0.767033657,-1.527421547,0.952556683,3
1,0.649711,-0.849151673,-0.880265825,2
0,0.872591845,-0.682503457,-1.124696246,2
0,0.948168988,-0.336362131,-1.30506045,2
1,-0.434318984,-0.551098687,1.09658316,3
1,-0.194661862,0.905884012,0.020517652,1
1,-1.540656926,-0.484207487,-1.45176645,3
0,0.732806104,-1.16745302,-1.346223634,2
1,-0.685883635,0.648316975,0.359970091,1
1,-1.451127213,-1.1597528,-0.860516445,3
1,-1.053905352,0.641025732,1.218456995,1
1,0.872591845,-0.682503457,-1.124696246,2
1,0.827379711,-0.876552493,-0.627501794,2
0,-1.318445633,1.286252404,-1.113273725,1
1,-0.106052255,0.112954375,-0.865984215,2
1,-0.627267774,1.319989802,-0.668699138,1
1,-0.434127359,1.023145815,-0.579973836,1
1,1.522667751,-0.224122793,-1.438944893,2
1,-0.71472656,1.123984711,-0.617067231,1
1,1.957643791,-1.041909191,1.372881269,2
1,0.317495666,-0.753991828,-0.872599557,2
0,0.12982954,0.598008457,-1.272918832,1
1,-1.737064525,-0.987508902,0.777703624,3
1,1.32818031,0.291442517,0.340678638,2
1,1.705577411,-0.365751002,0.402025167,2
1,0.21991617,-1.534689871,0.988699515,2
1,-0.793754857,-0.520108224,-1.373047292,3
1,1.576711403,-0.619050871,0.367497834,2
1,0.232891286,-0.691795655,0.944797274,2
1,0.706553028,-0.507613427,0.028612623,2
1,-0.017961466,-1.170926802,1.874274638,3
1,-0.52917201,-0.543812636,0.113000752,3
1,0.625239207,1.305461151,-0.683505482,1
1,-0.35905012,1.419336492,0.717975715,1
1,0.935897948,-0.770813387,-1.004113808,2
1,0.544076677,-0.56570711,-1.24703989,2
1,0.945374221,-0.200777518,-1.381877056,2
1,1.72327882,-0.976004937,-1.40939634,2
1,0.893503304,-0.393969236,-2.061353505,2
0,-0.714556113,-1.193684153,0.725109625,3
1,-0.732815622,-0.703441172,-0.439548468,3
1,0.796130834,1.49882074,0.849740515,1
1,0.216779528,-1.198802325,0.717216633,2
1,0.538944624,0.100773359,0.675574148,2
1,1.007123871,0.687422337,-0.866864139,1
1,1.706450435,0.873500001,1.28554475,1
0,1.098586851,0.485641737,0.86873224,1
1,0.468305549,-1.140243185,1.514721301,2
1,1.612108306,0.596972938,-1.055461967,2
1,0.078477989,-1.346148243,1.176106475,3
1,1.539814524,-0.901466616,0.805261752,2
1,0.656763347,-1.253601479,0.413405485,2
1,0.210918365,-0.60151492,-0.857315309,2
1,0.414586373,1.221637413,0.030543198,1
1,-0.959334014,-1.269195221,-0.026219753,3
1,-0.922985011,-1.311160965,0.617021539,3
1,0.399882522,-1.105093565,1.978850857,2
1,1.533596913,-0.796667971,0.02703225,2
1,0.066515094,-1.215580575,1.003971932,3
0,0.225700863,-1.005469931,0.222251121,2
1,-1.255551332,1.051233083,-0.181258102,1
1,-1.471630864,-1.118743989,-1.615925791,3
1,-2.675497689,-0.308580543,-1.53703658,3
1,-1.900887633,-1.340953676,-1.543362244,3
1,-1.32868657,-0.861339758,-0.105199024,3
1,-1.341579453,0.450903586,0.277083376,1
1,-0.801024858,-0.985720232,-0.662232869,3
1,-1.826373311,-1.367308134,0.685035203,3
1,-1.306661115,0.813262249,0.513615097,1
1,-0.540107616,1.351781057,-0.377669632,1
1,-1.033122418,-0.223749763,0.329138036,3
1,-1.50079083,0.45885608,-0.915833336,3
1,-0.649591857,-0.51882604,-0.944851846,3
1,-0.734856851,1.763917022,-0.811086249,1
1,-1.501180228,-0.12573141,-0.486154397,3
1,-1.452449196,1.115361071,-0.416313634,1
1,-1.781353761,0.647569927,-0.108978339,1
1,-1.726634185,0.071038605,-1.357736397,3
1,-0.663901719,0.087784178,1.431474596,3
1,-1.801831231,-0.498405624,0.083141919,3
1,-0.92559649,0.412378793,0.988489892,1
1,-0.044834288,-1.025457566,1.310957571,3
1,-1.659141507,-0.13123132,-1.126087757,3
1,-1.728848185,-0.562425298,-1.838560606,3
1,-1.635063544,-0.60764832,-0.181899823,3
1,1.333844136,-1.070674281,0.438414067,2
1,-0.562076811,-1.223848872,1.481368323,3
1,-1.198858943,-0.458002891,-1.47269809,3
1,-0.095705166,-0.973896967,1.428513854,3
1,-0.947649983,0.151195785,-0.800686828,3
1,1.345715108,1.247083373,-1.194661129,1
1,-0.320490948,1.243002629,-0.486259407,1
0,-0.561941226,1.097016829,-0.627625678,1
1,0.842870504,1.713859917,0.177783965,1
1,-1.855308682,0.107543264,-1.010262964,3
1,-1.509512069,0.66554998,-1.085255359,1
1,-0.344551935,1.3546755,1.111103718,1
1,-1.389999155,-0.250921634,-0.65815374,3
1,1.327082399,-0.141449054,0.527736573,2
1,-0.258860767,0.952601767,0.86087477,1
1,-0.112758894,0.350818197,-0.138052016,1
1,1.184490735,-0.090692915,-0.303900151,2
1,0.147899675,0.609642384,1.774398686,1
0,1.598087333,-1.04242711,-0.449554062,2
1,1.209126007,-0.431114889,0.486171648,2
1,0.884436008,1.740552061,0.584736169,1
1,0.719362652,0.618207019,0.74765766,1
1,-1.258392646,-1.601366284,1.407870335,3
1,-0.661723872,-1.056736548,0.806697668,3
1,0.986585316,-0.586331414,1.318864691,2
1,0.07119024,-1.157169095,1.468591017,3
0,1.28075165,1.020031105,-0.885246486,1
1,1.69058811,-0.354232035,-0.175672486,2
1,0.853273081,0.717045331,0.55547579,1
1,0.287573052,-0.914859339,0.23876627,2
1,0.782249494,-1.037444089,1.972792989,2
1,-1.309146001,0.527076426,2.500739074,3
1,-0.30233464,-0.361612673,-0.445864973,3
1,0.893979463,-0.52733145,-0.66182481,2
1,1.850793522,-0.92550663,-0.88692231,2
0,1.277932051,-0.584901698,1.419109711,2
0,-0.530399507,1.341958773,-0.015356784,1
0,1.28316033,0.839650345,-0.866843791,1
0,1.415452136,-1.089675481,-0.158039502,2
1,0.297210898,-1.11931103,-0.136221749,2
1,-0.350054938,-0.584636118,0.312908395,3
1,1.878396917,-0.541693405,0.387259486,2
1,0.971012247,-0.487956412,-1.565821103,2
1,0.316347673,0.846584756,-0.969584885,1
1,1.368671576,1.287199763,0.035922564,1
1,-0.005690983,-1.118993012,0.14319953,2
1,1.748644247,-0.369579007,0.965432349,2
1,2.095433667,-0.258826029,-0.088729561,2
1,2.097622299,-0.377562492,-2.004510524,2
1,1.595942269,-0.454868445,-0.034319169,2
1,0.691935811,-0.486194611,1.46183593,2
1,0.351347061,2.054019331,-1.172776749,1
1,1.499908663,-0.937159605,-0.917906361,2
1,-1.185898938,0.272098951,0.232954013,3
1,-1.239053823,-1.369522827,0.045138327,3
1,-0.935651807,-0.880648945,1.680266534,3
1,-0.922420298,-1.336182939,0.038749673,3
1,1.107040285,-0.158206742,-1.123897368,2
1,-1.344210416,1.123407902,0.218124974,1
1,-0.948898993,0.017031293,0.348188629,3
0,0.717428224,0.740999233,-0.780653865,1
1,1.465566745,-0.759646436,1.852820278,2
1,0.838553049,1.532634974,0.134452476,1
1,-0.590685085,0.862461076,-0.374936915,1
1,1.036482572,-1.386615035,-0.615158952,2
1,1.195630908,-0.989831446,1.447042068,2
1,-0.592642332,0.428227833,0.901383755,1
1,0.810776513,-0.159430041,-0.070678146,2
1,1.133283851,-0.833381297,-0.198688121,2
0,-1.288745072,-0.776627499,-1.30081453,3
0,-0.403639043,-1.021577071,1.162052909,3
0,0.994734419,1.513132897,-0.353217694,1
0,-0.252198378,0.215079355,-1.133904853,1
0,-0.440315201,-1.04766661,-1.168817508,3
0,-0.640977188,-1.31683834,0.629733046,3
0,-0.678040198,-1.285347851,-1.739452866,3
0,0.952011912,1.305468519,-1.069713522,1
0,0.797282452,0.462774984,0.652213661,1
0,0.304809973,-0.708910899,-0.166228263,2
0,0.42581788,-1.252057363,-0.274574465,2
0,1.1010599,1.348862915,-0.206458576,1
0,1.402418237,-0.799234319,-0.850706422,2
0,0.094543096,-1.173286736,0.971765319,3
0,-0.419492547,-0.457748567,-0.438045899,3
0,0.736760652,-0.182723576,0.459398497,2
0,-0.229513762,-0.695081856,0.616366149,3
0,-0.061378794,-0.633126849,-1.209359378,2
0,-0.297765736,1.400065072,-0.353464669,1
0,0.626419497,-0.378576395,-1.621706069,2
0,0.261415769,-0.395345452,-1.281387963,2
0,-1.562827839,-0.143431867,-0.844437272,3
0,1.26026785,-0.210288338,-1.369804923,2
0,0.602291501,-0.294831967,-0.249498026,2
0,0.499356911,1.36603562,-0.786227913,1
0,1.217975834,-0.230872646,0.210848962,2
0,-0.18568542,0.304351351,0.129213775,1
0,-0.544047926,0.235515524,0.192345252,1
0,0.773917095,-0.628680163,-0.056436439,2
0,0.92817082,-0.717492864,0.13932347,2
0,-0.755167808,-0.002752006,-0.682158336,3
0,1.876406808,-1.041984958,-0.485157387,2
0,-0.78653693,1.330310447,-1.219123436,1
0,-0.224362418,0.157123409,-1.422099764,2
0,0.82115837,-0.967209929,0.176111546,2
0,-1.264093,1.396263113,-1.207822685,1
0,-0.241816085,-0.083882536,0.633128773,3
0,0.032710772,-0.675367532,-0.549984864,2
0,0.646802902,1.640924926,-0.501969717,1
0,-0.977266295,1.426078632,-0.844772839,1
0,-0.65539176,1.831884516,-0.537722837,1
0,0.718620483,0.133949866,-1.934139121,2
0,-1.092558868,0.96360133,-0.552653543,1
0,0.343466808,-1.310904982,0.500942466,2
0,1.214269614,-1.114056767,-1.313698759,2
0,-0.72572258,-0.411347531,-0.812108268,3
0,0.20369237,0.674859241,0.257693381,1
0,0.145302888,0.628518669,-0.421948145,1
0,0.212828545,-1.247965127,-0.871531689,2
0,0.060448553,1.183399528,-0.187308192,1
0,0.282661286,0.990848714,-0.080169105,1
0,-0.1914633,1.47581954,-0.338260111,1
0,-0.584251311,1.15751295,0.113044727,1
0,-0.686893579,0.425905172,-0.674381372,1
0,-0.410986452,1.598911147,-0.90985954,1
0,0.016835687,1.367571695,-0.642763207,1
0,1.481798888,-1.067296586,0.18635321,2
0,0.652114583,-1.118977366,-0.688344869,2
0,-0.469902799,0.771466354,-0.816398173,1
0,1.262117851,-0.026494196,-1.225504594,2
0,1.412449878,-1.133164695,-0.866274454,2
0,-0.620691599,1.700854567,-0.084042223,1
0,-0.22074812,1.671954299,-0.846971351,1
0,1.185425996,0.348336129,-0.697053005,2
0,-0.6076577,1.410413405,0.608624697,1
0,-0.760881672,0.79896802,0.262185534,1
0,-1.378767217,-0.85303192,-1.021472942,3
0,-1.25097536,1.521860579,-0.499870839,1
0,-0.261388263,1.805344041,0.471430965,1
0,1.839245286,-0.638761163,-0.488266542,2
0,0.913393065,-0.632685315,-1.064113098,2
0,-0.165835468,0.399980712,-1.085882191,1
0,-0.253292967,1.539121301,-0.163371119,1
0,-0.278231287,1.285005209,-0.452721375,1
0,-0.709272746,-0.594032182,-0.44039852,3
0,0.70336508,-0.770260817,-1.741111837,2
0,-0.030960147,-1.14127496,0.683246346,3
0,-0.824788142,-0.685447762,-0.919697463,3
0,0.768048558,1.798496579,-0.607647671,1
0,0.864074269,0.971784252,-1.103584936,1
0,1.653814574,-0.414111099,0.730934969,2
0,1.333615708,-0.328761655,0.936654577,2
0,1.164238027,-0.4731564,-0.728625716,2
0,0.129370874,1.721511495,-0.04601279,1
0,1.533847787,1.862505339,0.081725911,1
0,0.729228746,-0.766265961,-0.795283587,2
0,0.850896673,-0.008642125,-0.472112284,2
0,1.531964715,-1.117439685,-0.261681532,2
0,-0.515118812,1.417331042,0.371666913,1
0,1.32098726,-1.135317018,-0.273790387,2
0,-1.078243618,-0.343376927,0.320704392,3
0,-1.11853633,1.129494532,0.314883593,1
0,1.534730429,-0.54889182,-0.787349625,2
0,1.362294478,-0.593245422,0.747043134,2
0,0.192415523,-0.32405633,0.495151053,2
0,1.305827478,-0.503770502,-0.05851452,2
0,2.187575881,0.590886285,-0.108741977,2
0,1.154157049,0.981525636,-0.143808623,1
0,1.569083431,-0.507042923,-0.817520196,2
0,0.592273562,-0.242415132,-1.021044535,2
0,-1.6211078,1.102548186,-1.782148041,1
0,-0.377633202,-0.030968222,1.108255695,3
0,-0.908792057,-1.310740071,1.040353435,3
0,-0.915652031,0.125777693,-0.196265756,3
0,1.058770253,-1.009233057,-0.974075111,2
0,0.824209542,-0.471449243,-1.61129955,2
0,0.438744236,0.275079374,-0.984800972,2
0,0.783095114,-0.416540575,-1.382491625,2
0,-1.0035197,0.231548285,-1.09214845,3
0,0.514187954,-0.093411108,-0.021132955,2
0,0.974770416,1.80886737,-1.004859066,1
0,-0.906094551,0.95338649,-1.028472039,1
0,0.167895256,-0.721010949,0.698350853,2
0,1.518205,-0.74921339,-0.917322504,2
0,-0.041983433,-0.842435521,1.428264766,3
0,-0.71072793,1.655786831,-0.671127986,1
0,1.705603668,0.862812175,-0.851727342,1
0,-0.507261484,0.925456991,1.075486512,1
0,-0.527686165,1.664944777,-0.791989734,1
0,0.814553466,-0.752989285,-1.107360937,2
0,0.78635554,1.537354773,1.257808551,1
0,-0.930641832,1.92278875,-0.217658834,1
0,1.308461287,0.840471722,0.664697086,1
0,0.183611447,0.770324236,-1.305664994,1
0,1.577424079,0.696637647,0.610634165,1
0,1.577424079,0.696637647,0.610634165,1
0,1.238563912,1.366311123,-0.725174849,1
0,-1.00052411,1.630233915,-0.922898187,1
0,0.460632849,-1.30673722,-0.906296876,2
0,-0.288126183,-0.106290927,-1.778745402,3
0,-0.31490508,-0.50576015,-0.894476053,3
0,1.98949966,-1.295941666,-1.249963775,2
0,-0.640835821,0.692630462,-1.205211467,1
0,0.392785933,1.361305218,0.309626148,1
0,0.98968258,-0.268344225,-0.939059832,2
0,0.248456832,1.36700532,-0.779508474,1
0,2.003896648,1.677739855,0.703078766,1
0,-0.027607705,1.375110311,-0.758246049,1
0,1.900391579,-0.309077473,-0.932934536,2
0,1.888677848,-0.607533703,-0.786104029,2
0,1.187699296,-0.428596556,0.195472928,2
0,-0.796034239,0.697982749,-0.431387443,1
0,-0.487589766,1.423287482,-0.881251264,1
0,0.391734143,1.689950549,-0.096805692,1
0,1.29740236,1.398663542,-0.437793149,1
0,-0.33180138,-0.888633585,-0.285653603,3
0,0.40998447,1.74160525,-0.014834826,1
0,0.784555718,-0.817333924,-0.808512357,2
0,-1.381706615,-0.674813748,-0.017917881,3
0,0.643417105,-0.519838255,-1.1699395,2
0,-1.169159822,-0.557872088,-1.428885257,3
0,0.895029669,-1.404349219,0.035291307,2
0,0.566813791,-0.69546192,-1.141331224,2
0,0.084470256,1.608010451,-1.720972334,1
0,-0.635114657,1.427441484,0.73923814,1
0,-0.066687078,-1.174006313,-1.974812125,2
0,0.336941788,1.39249275,-0.679384453,1
0,-0.779678158,-0.652392895,-0.169789176,3
0,1.490223761,-0.79651804,-1.376718362,2
0,1.141402078,-0.800364005,-0.064722731,2
0,-1.075930806,-1.033576275,0.599642874,3
0,1.068765352,-0.836934149,-0.563842344,2
0,0.956293923,-1.09707939,-1.923270822,2
0,1.372483381,-0.78179916,-1.949067567,2
0,0.273321173,-0.153036476,-1.464828274,2
0,-0.668848538,1.569995234,-0.841244269,1
0,-0.289118118,1.556670109,-0.893076247,1
0,1.562292411,-0.52816047,-1.463682458,2
0,1.427340109,-1.155467823,0.64737149,2
0,0.671508148,-0.882280498,-2.07143042,2
0,-0.700651226,-1.125380308,-1.432982838,3
0,0.266988356,1.274772538,-0.051347719,1
0,0.958060796,-0.382033042,-1.617474059,2
0,0.366887703,-0.388054218,-0.573915718,2
0,-0.51881671,1.743752247,-0.851855665,1
0,0.339832577,-0.822041817,-2.153084338,2
0,-1.092984535,0.291138889,-0.966922996,3
0,1.473266242,-1.066959949,0.291475833,2
0,1.346988871,-0.156306213,-2.341796127,2
0,-0.977900781,-0.860470943,0.861733318,3
0,-1.648294801,0.791888234,-1.157065275,1
0,-1.224203969,-0.133822597,0.366326474,3
0,-0.435968595,-0.063386456,-0.716320278,3
0,-0.914512616,-1.692091873,-0.616525905,3
0,-0.878007499,-0.690677946,-0.580535704,3
0,-0.508715688,1.197041864,-0.913587014,1
0,-0.530002786,-1.217032747,0.373997475,3
0,-1.054779914,-0.445927379,-1.790754765,3
0,1.885007944,-1.065906441,1.714146538,2
0,1.56683557,-0.519883279,0.735399748,2
0,-1.14857833,-1.547855885,-1.089876728,3
0,-1.121115042,-1.480540071,-0.543811476,3
0,1.802338974,-0.732790444,-0.9773917,2
0,-1.841263543,-1.345005006,-0.828610741,3
0,0.908443625,-0.035384105,-1.764901745,2
0,-1.346269763,-0.152919089,-0.683969694,3
0,1.365671641,1.221576492,-0.299341717,1
0,-0.1684645,-1.147420095,-1.504399748,2
0,-1.321342322,0.85335719,1.685283437,1
0,0.578202329,-0.36438182,-0.367554819,2
0,-1.243545201,0.014343322,2.150774435,3
0,-0.32245646,0.809535399,0.04216676,1
0,0.94778288,1.76796121,1.41208832,1
0,-1.629678838,1.035685214,-1.192600741,1
0,-0.547205178,1.205081858,1.266871543,1
0,0.098851672,-0.384289316,0.349158543,2
0,1.14068116,1.533966958,-1.010380558,1
0,0.851625667,1.181000054,-0.650939984,1
0,0.569117786,0.832239549,-0.942439842,1
0,0.825525354,-1.038183325,0.689871756,2
0,-0.725058317,-0.054991416,-1.272276012,3
0,1.455724759,-0.570758155,-1.875659324,2
0,-0.453680308,1.601903501,-1.038544835,1
0,-0.508544015,-1.236695364,-0.496407177,3
0,1.454697195,1.525811554,-1.12428019,1
0,1.089357402,-0.379130294,-0.042898785,2
0,-1.088449871,0.198404984,-0.908567176,3
0,0.753395992,-0.316671378,-1.426304459,2
0,-0.29808631,-1.239313968,-0.982245157,3
0,1.648161065,0.016298353,-0.630789196,2
0,2.143145396,0.791023163,-0.434507462,1
0,-0.728906745,-0.860350407,-0.459245935,3
0,1.305804584,-0.706367953,-1.296021641,2
0,-1.044253503,1.53223137,-0.897082233,1
0,1.194310485,0.485706814,-1.853965039,2
0,0.796429958,0.723719031,-2.381863669,1
0,1.146634579,-1.386268716,-1.136031332,2
0,-0.038184725,1.454632441,0.085372489,1
0,0.188633394,-0.877071392,-1.024207153,2
0,0.003237036,1.011961275,-1.062511771,1
0,-0.164057269,0.319204625,0.282276538,1
0,1.724791463,1.575156022,0.500530917,1
0,0.065297684,1.171270083,-0.665465125,1
0,0.749629953,0.445604207,-0.289613673,1
0,0.025084926,-0.6509006,0.896029404,3
0,-0.071735719,-0.662064736,-1.177566992,2
0,-1.057507519,0.289322649,-0.856288909,3
0,-0.770592549,1.793952072,-1.110265614,1
0,-0.108273093,1.575322726,-0.683858291,1
0,-1.489944125,1.381975634,-0.946810855,1
0,1.617833062,0.733455945,0.096563339,1
0,0.500149995,-0.896891813,-0.445883812,2
0,0.000655606,0.90080168,1.222005108,1
0,-0.031382599,-0.694015248,-1.461425943,2
0,-0.754197643,-0.187213032,-1.515844879,3
0,-0.415973223,-1.194598802,-0.754235246,3
0,1.731838543,-0.711296357,1.208023171,2
0,1.108346509,-0.352719553,-0.590016177,2
0,1.02638155,-0.839904652,-0.553427603,2
