Creditability,Factor1,Factor2,Factor3,Factor4,Factor5,Factor6
1,-0.57396985,-0.832526806,1.446644883,-1.149353545,-0.839215358,0.486918928
1,-2.378666774,-1.870357198,1.097296403,-1.301987744,-2.165482909,0.351980174
1,-2.369124374,-1.666152662,1.144152119,-1.355616909,-3.493961383,0.359210882
1,-2.045294963,-1.886975587,1.287085029,-0.994029493,-3.475520937,0.157364516
1,-2.723984326,-1.790358717,0.04792792,-1.209375509,-2.531064574,0.669585562
1,-0.57396985,-0.832526806,1.446644883,-1.149353545,-0.839215358,0.486918928
1,2.074319641,-0.35008055,-0.427145731,-0.718413993,-0.881761616,1.130193798
1,-0.599354894,-0.971816694,-0.743153405,-0.151397522,-0.808463389,0.296512547
1,-1.065546003,-0.818769602,1.519204563,-1.114532318,-1.710443231,0.129267106
1,0.341489534,-1.114633496,0.519536629,-0.346445848,0.586778393,0.754032267
1,-0.482466029,-0.673288473,1.64057464,0.164356684,-1.946905435,0.32111545
1,-0.547727446,-0.690798307,2.515153798,-1.30635084,-1.487127846,0.14563247
0,0.73972517,-0.663989012,-0.841196337,-1.140072851,0.231356054,0.35251989
1,-0.604185106,-0.832976081,0.194398126,-0.661305046,0.93013872,0.988237014
1,-0.724983422,-0.679107381,1.07605827,0.325649221,-2.329106472,0.066191581
1,-0.00422454,-1.015413531,0.049542591,-0.340479606,-0.77241919,0.477344767
1,-1.716212058,-0.898869302,2.581214461,-0.63792459,-0.259903045,-0.304558699
1,0.591598773,-0.566822846,-1.115403097,1.6260266,-0.009836816,0.452654641
1,1.495389507,-1.034998776,0.522788677,0.060134245,0.721015016,0.524601846
1,0.611425746,-1.049593313,0.536834518,0.069543478,0.718714158,0.72918086
1,0.906424266,-0.792451537,1.512800245,0.092226451,0.616908098,0.533996248
1,1.788474782,-0.662460291,1.39909993,0.115765488,0.685907065,1.029206297
1,-0.611086861,-0.858671974,-0.608438839,-1.16335645,-0.628214758,0.490868647
1,-1.432884866,-1.011434002,1.564545468,0.321079084,0.60049452,0.308001693
1,-0.03689018,-0.611540309,1.407343898,0.249985367,0.1319271,0.426294488
1,0.039826727,-0.547662677,-1.021409707,1.707085026,-0.908005039,0.63357125
1,0.950531846,-0.628917276,0.810200737,0.66950339,0.655430449,0.293990588
1,-0.114413421,-0.892662483,-1.120725836,0.880182419,1.327502443,-0.017982411
1,-0.534231127,-0.555032007,-0.85484738,-0.067627697,0.919185524,1.173934078
1,-0.21053135,-0.750202813,1.11688826,-0.940707754,0.623918729,0.68119579
1,-1.801807602,-0.026301207,-0.442256626,0.27023834,0.740727553,0.316578352
1,0.459550259,-0.413114802,-0.777327267,-0.549183531,-1.049061342,1.153799972
1,-1.197313074,-0.49017,1.27482041,-0.142247652,0.218441933,1.035951222
1,-0.611511777,-0.872521986,0.299100718,2.363318938,-1.236731203,0.554614467
1,1.391495673,-0.956089054,-0.77980776,2.189106768,0.176873218,0.397737225
1,-1.425736535,-0.908879707,1.669009998,0.442865679,-0.561271571,0.198853329
1,-1.878463713,-0.767248614,-1.089741272,-1.424305214,-1.096890117,0.883134906
1,0.286480534,-1.043422193,-0.818547331,2.101468069,0.623753167,0.236067384
1,0.332862561,-0.834440952,-0.899472113,1.737352544,0.095179237,0.590276542
1,-1.279456715,-0.815775272,0.178382111,1.005875033,0.870945077,0.994454789
1,0.335566711,-0.961135685,0.18264077,2.110539335,0.396398209,0.729453868
1,1.236049933,-0.8473728,1.219141243,0.389007066,-0.677027033,0.153412855
1,-1.737249741,-0.975859034,0.823629573,-1.329901638,0.678277443,0.045198361
1,-0.071994844,-0.820521844,-0.463752793,0.304232318,-0.502815414,0.444886906
1,0.289055915,-0.752081456,-0.690196225,0.111667758,0.994560306,0.691755362
1,0.530072616,-0.920562968,1.024953302,0.258992685,1.309856863,0.07928665
1,0.674045165,-0.607582224,0.986626755,0.339268902,-0.049853551,0.409753396
1,0.554803087,-0.988102013,-0.853730895,2.057263039,1.060873502,0.091115831
1,0.550027605,-1.015869224,-0.647104513,1.254842337,1.12935677,0.196299018
1,-0.070965988,-0.630648849,-1.118718326,1.693860605,1.136939964,-0.743680743
1,0.435655194,-0.979749654,-0.820293795,1.85990542,0.010694467,0.211946041
1,-0.256628274,-0.523790638,-1.280862923,0.844180427,-0.250819448,0.456641115
1,1.06796778,-0.81494099,0.677089505,0.717651337,-0.56514781,0.839978929
1,-0.314705573,-0.979236096,0.244826395,1.721939659,0.782130738,0.747428066
1,0.325100254,0.097747289,1.355351864,-1.071456124,1.201596166,0.273871009
1,-0.023054185,-0.819936523,-1.059252456,1.915291491,1.060812727,0.361304297
1,0.890912923,-0.929018706,0.140879645,2.090374206,0.713683387,0.493963078
1,0.677096183,-0.598289485,0.235284332,-0.565907068,-0.975237663,0.232012161
1,0.267276813,-0.74339133,0.271749913,0.679569831,-0.613304228,0.62245082
1,-0.353911721,-0.971033249,0.10722036,2.136434015,0.943038268,0.573385459
1,-0.255043163,-0.678953466,-0.99381189,0.111918873,-1.338019404,0.34920108
1,0.647833989,-0.602546799,1.320690965,-0.073111667,0.580340749,0.807890333
1,-0.319336122,-0.599733504,-0.045013255,-0.621008779,0.72111491,1.050658169
1,-1.267333707,-1.117466409,-0.586581042,-0.860807553,0.637583949,0.278067289
1,0.871740742,-1.024904671,0.56225019,-0.19741791,-0.341031101,0.315148258
1,0.216218043,-0.374639876,1.011195818,0.74927759,-0.850567948,-0.344253712
1,-0.814968653,-0.61005064,-0.973868566,-1.402876794,0.009739397,0.980557546
1,0.018700112,-0.793458056,0.157324052,1.381864035,0.133721652,1.011097987
1,-0.256747896,-0.579993899,-0.601579384,0.078203722,-0.651203346,0.93447686
1,-0.652804506,0.168362931,-0.426833024,0.169177274,-0.068013942,0.716078279
1,0.429995997,0.001847253,0.324511036,0.532670393,0.54728767,0.659077452
1,0.978464094,-0.727001013,-1.019910795,1.007663767,-0.880727315,0.248276203
1,-0.404424561,-0.925188754,-0.610214039,-0.640611304,-0.734001164,0.44192429
1,-0.326512,-0.816917592,0.173517563,-0.67138761,1.08878131,0.870491619
1,-0.706230402,-0.896507425,1.268115263,1.118650831,1.454625579,0.239493578
1,0.897727983,-0.82742844,-0.832379071,1.09017755,0.936447689,0.383359485
1,1.022799689,-0.61348443,1.544772437,0.221562578,-0.924846444,0.734725689
1,0.151001369,0.278664056,-0.809620012,-0.903290981,1.137345408,0.926345421
1,-0.735752358,-1.009508024,-0.668317854,1.289009487,1.323073525,-0.918436555
1,-0.002968478,-0.5298335,-0.796843906,0.978841628,-1.225255652,0.562729241
1,0.012710659,-0.973248602,0.531400325,0.991168151,-0.045253359,0.828948849
1,-0.249011003,-0.628975593,-0.639757836,-0.347868168,-0.624496522,0.841582873
1,-0.311648227,-0.882176722,-0.460811651,0.240137579,-0.275724122,0.738657497
1,-0.948221711,-0.884098074,-0.487885403,-0.112430339,-0.478409448,0.556571932
1,-0.910199794,0.246991097,-0.923505326,1.32199267,0.540289234,0.770392693
1,-1.273875612,-1.179761287,-0.852965613,0.883417851,1.255747651,0.151381606
1,0.671090081,-0.443066682,0.863883202,0.991135383,-0.277514392,0.566434861
1,-1.114154383,-0.986647679,-0.647467123,2.314891596,-1.494870237,-0.120398643
1,0.496112618,-0.291451683,0.188900425,-0.186876548,-0.65117507,1.630257864
1,0.503957747,-1.021960738,-0.817994184,2.137622704,0.755455406,0.65689042
1,-1.489012658,-0.202399566,-0.77124315,1.059399622,0.014182752,-0.632121887
1,-0.403006461,-0.904649642,-0.433859263,0.468892182,-0.021118711,0.297596057
1,-0.501203984,-1.049860406,1.494132566,-0.587880401,0.739537607,0.01187956
1,1.590090934,-0.424182787,1.032149736,1.630823091,-0.911240185,0.405247596
1,-0.666810918,0.236060671,-0.913793183,0.098610811,0.67933097,0.316219562
1,-0.400268472,-0.570533481,1.325170692,-0.254434368,-0.194001641,0.856682555
1,1.215947742,-0.849148183,0.576471143,0.381766237,-0.211929825,0.797046119
1,0.055770453,-0.601356131,2.448091755,-0.738317248,-0.93619865,0.047877227
1,0.585965931,-0.597028667,0.212512657,-0.017352828,0.675806972,1.089530667
1,-0.35493196,-0.648045246,2.403515951,-0.241736087,0.807670318,0.32163441
1,0.778202204,-0.975478209,0.705580753,0.464658935,-0.296002059,1.1706883
1,1.336365687,-0.501074562,-0.895837638,-0.680379359,0.115005607,1.058369323
1,0.168340482,-0.667588657,0.278928446,-0.033417624,1.290888842,0.700709489
1,1.043169844,-0.034966853,-0.481593939,1.491141521,0.619779049,0.363962122
1,0.211984088,-0.506836681,1.280924487,0.208342611,-0.965468052,0.662683161
1,-0.65411178,-0.776158831,0.20679657,-0.361328229,0.054663199,0.836229679
1,-0.048498161,-0.634993612,0.325114088,-0.094748924,0.928399312,-0.792820487
1,1.708553233,-0.873441049,-0.186162547,1.138188075,0.606917677,0.86354702
1,1.297762317,-0.558497842,0.396074614,0.414919332,-0.934952077,0.308832302
1,-0.07438035,-1.070842199,-0.866252458,2.138118645,0.855408906,0.110910752
1,0.623629042,-0.792209782,-0.759266244,1.161153412,0.196922055,0.446530698
1,0.650039101,-0.686577099,0.315368069,-0.920839888,0.363554891,0.168386548
1,0.788988044,-0.599027665,-0.871445644,0.363534419,1.083951117,1.05862048
1,-0.034954808,-0.720949026,-1.019089055,1.564464894,0.438600339,0.554292823
1,-0.61145067,-0.413466135,-0.928809618,-0.155582148,0.561888424,0.992836941
1,1.794443017,-0.509532902,1.393723381,0.001243026,-0.061688364,1.091011188
1,1.060786751,-0.667781847,1.615767498,0.371751456,-0.882218217,0.575400869
1,-0.065843062,-0.71434071,-0.788982278,0.610421982,0.611091365,0.459432954
1,-1.309591265,-1.583008946,-1.492141334,0.321311416,-3.15153019,0.478959774
1,-0.644861717,-0.503731105,-0.969679,-1.326667322,0.0341855,1.198149227
1,-0.217394579,-0.417363692,-1.466252235,0.358278307,0.382372713,0.919998636
1,2.006165526,-0.699233762,-1.629748092,0.529779881,0.282559291,0.432032208
1,-0.017292688,-0.849571883,-0.682777618,0.806676202,0.304176839,0.491711054
1,-2.344531005,-1.468067965,-1.354612643,1.108198907,-3.658180255,0.527008993
1,0.108682738,-0.597531655,-1.649189047,-0.72039693,0.114606474,-0.411854134
1,0.108682738,-0.597531655,-1.649189047,-0.72039693,0.114606474,-0.411854134
1,-2.753618258,-1.773509706,2.4453762,-0.367999169,-3.059633845,-0.166603972
1,-1.370161717,-0.704325359,-1.259759543,0.55436006,0.042965795,0.453361069
1,-0.831113141,-0.770154583,-0.466099816,-0.252351541,-1.672691436,0.228465564
1,-2.694043258,-0.584339306,-1.211944277,0.750550713,-2.668633012,0.495216478
1,-2.481793762,-2.055931491,-1.170203394,2.045704412,-0.895399959,0.008231434
1,0.481129241,-0.644614913,0.937518301,-0.03871218,-0.589768548,0.295182553
1,1.308678012,-0.390777515,0.615287047,1.05310191,-1.186250626,0.505995922
1,0.33117444,-0.794987172,-1.157976965,-0.104210154,0.526765747,0.398883849
1,0.163440354,-0.826519623,-0.85107562,-0.861053733,-0.590963179,0.177326991
1,-0.825170496,-0.56341374,0.73111909,-0.283922355,0.805861651,0.369694856
1,0.951055842,-0.870247309,-1.312186382,-0.363053982,0.678344322,0.302025454
1,-0.162828313,-1.042450275,-0.460171988,0.51126951,1.522390584,0.80543324
1,-1.258741815,-0.27409046,-1.33569538,0.578549459,1.423643292,-0.523606052
1,1.700025279,-1.02727777,-0.508688171,0.901215849,0.823974592,0.613791806
1,1.104412903,-0.051975054,-0.522659961,-1.014503673,0.820691905,0.599246686
1,-0.306692846,-1.007041311,0.604147361,0.278062742,0.850031993,0.246555101
1,1.004786727,-0.406803213,-1.092000851,0.537357337,0.334799835,1.015168346
1,1.427112764,-0.95466557,-0.280029888,0.631874658,-0.462192454,0.674980432
1,0.063020233,-0.293469378,1.043257589,-0.424621441,0.692045337,1.167251712
1,0.706962429,-0.456342464,0.829381709,0.284130343,-1.239903372,0.725218885
1,0.968958542,-0.476110235,-0.948930439,1.745285085,-1.681736391,0.495869069
1,0.264106576,-1.108763465,-0.445749451,1.27378593,0.856213082,0.11479613
1,-0.455386901,-0.945602476,0.046554037,-0.555251442,-1.424625566,0.412097212
1,-0.74116641,-1.091331736,-0.508430262,0.511765451,1.622344084,0.259453571
1,0.93454639,-0.849514893,-0.591459845,0.274472843,0.809781794,0.609993686
1,1.734961287,-0.832453459,1.267857355,1.508101229,0.656256086,0.593831813
1,0.035618588,-0.753829036,-0.588726583,-0.148412507,-0.577619296,0.634664564
1,-1.436260546,-1.274159037,-0.48092953,-0.700707968,0.198967183,-0.110477646
1,-1.181987996,-1.152175846,-0.113126177,0.723339122,-1.451542159,-0.071252901
1,-0.609090476,-0.514212323,-0.709127461,0.317035966,-0.266452901,0.650930434
1,0.562952324,-1.003853767,-0.580569247,1.349858101,0.269995979,0.168930995
1,-1.435635136,-0.970599713,-0.50573644,-0.5645743,-0.742047453,0.160600304
1,-0.056263049,-1.014405271,-0.653939234,1.254169006,1.285698502,0.283132636
1,-1.002127565,-0.773768237,-0.704929179,1.095223792,-0.099972631,0.39562556
1,0.285279218,-1.019912256,-0.559688685,1.359940665,0.11135339,0.28667639
1,1.110429713,-0.833734196,-0.625199543,0.323911484,1.136633197,0.909365707
1,0.392783002,-0.614014382,1.369679154,-0.793386288,-0.686654283,0.63069939
1,-1.294172455,-0.124625539,-0.384393526,0.744066985,0.195196246,0.132263905
1,0.319395575,0.220333117,1.178854697,-0.615170348,-1.285634648,0.120890328
1,-0.683019722,-1.043452508,1.153579907,-0.15956484,1.53474605,-0.039188384
1,-0.563090172,-0.58971769,-0.5484564,0.196586056,-1.474057562,0.903403219
1,-0.289484712,-1.01751657,-0.555714694,1.421329904,-0.369576156,-0.31387746
1,-0.802712711,-0.549858514,1.089765516,1.522133134,-1.354716988,0.250790553
1,-1.34714655,-0.387123669,1.014074876,1.569064171,-1.685619844,0.444270621
1,-1.358055916,-0.46707736,0.84056682,0.354255483,-1.566792044,0.416077666
1,-0.523378683,-0.367126167,1.021462744,1.605892137,-1.710259336,0.778260039
1,-0.83705646,-0.189762031,-0.375812341,0.986302966,0.651913215,0.06955163
1,0.44365894,-0.847476303,-1.734740704,1.811385128,-1.481067619,-0.28071855
1,-1.272141374,-0.931598476,3.314500304,1.694160164,1.007872171,-0.481223074
1,0.913581161,-0.838567356,1.157156296,1.872483613,0.646653944,0.207250802
1,-0.296972815,-0.645280409,-0.888605477,-1.091980873,0.87089092,0.825559148
1,-1.757695888,-0.951685871,-0.681471254,-1.237711143,0.013814355,0.207747793
1,-0.603947139,-0.50364941,1.215119865,-0.236590084,0.921460993,0.976485627
1,-1.59424318,-1.814526536,-1.040608217,0.943936255,-1.738923645,0.087019569
1,-0.904265434,0.197522057,-0.651590904,1.855504082,-0.868935137,0.373912004
1,-2.371361262,-1.67882523,-0.950037145,-0.016941441,-2.219442068,0.823038646
1,-2.368973521,-1.664941624,-1.053350336,0.38426891,-2.253683702,0.770447052
1,-2.225247597,-1.81809761,1.345292765,0.038090325,-2.441908733,0.468027505
1,-0.947070565,-1.718422957,-1.357993771,1.705801256,-1.511316654,0.770817023
1,0.65836464,-0.692181584,1.444835045,0.197319856,-0.112307659,0.664143238
1,-0.081599873,0.067802377,0.724168542,1.978372106,1.3886703,-0.152292619
1,-1.372446865,-1.504216249,-1.347166574,-1.776986562,-1.712595418,0.882575482
1,-2.214534401,-2.004731688,1.06115814,-0.534629699,-1.260970628,0.3387963
1,-0.963074241,-0.985627967,1.323478037,-1.127318736,1.277874347,0.30011927
1,-0.560702431,-0.575834084,-0.65176959,0.597796407,-1.508299197,0.850811625
1,-1.654445402,-1.896890206,-1.064878884,1.566799565,-1.633393246,0.456617335
1,0.917155327,-0.787290208,1.209388561,1.933376911,0.065770899,0.15267662
1,1.041926964,-0.409763508,-0.053123621,1.573220408,-0.592931669,1.02825201
1,-1.538057323,-1.542389827,-0.941497938,0.542883471,-3.440089285,0.995288107
1,-1.652066224,-1.734336486,-0.708083596,0.309539348,-2.859146817,0.621622824
1,-0.458717822,-1.047506036,-0.735937206,1.304103587,1.712503404,0.036524989
1,-0.425595885,-0.957197841,1.41568263,-0.119924325,1.70845826,0.134037383
1,-0.571385906,-0.689856184,1.11488751,-1.480683289,0.723103719,0.725009823
1,-0.645541028,-0.509330169,1.18082702,-0.223306079,1.116610157,0.855034613
1,-1.292511875,-0.403952667,0.729328448,1.57437623,-2.369458638,0.602861621
1,1.527020147,-0.737477014,1.268455546,1.99494354,-0.671453878,0.011268821
1,-2.674606422,-1.69754617,1.120637105,0.127598862,-1.670268218,0.644591919
1,-1.761502415,-0.99391156,1.536830185,0.310323188,0.91547884,0.277089915
1,-0.120536654,-0.833960785,-1.030065931,1.766448665,0.99561105,0.195011723
1,-0.278603419,-0.814391229,-0.456970207,0.236195849,-0.43593081,-0.051173885
1,-1.382450705,-0.835561477,-1.651328694,-0.77563426,-0.782915582,0.066264537
1,0.637083237,-0.650443279,0.156548087,1.645612332,-0.450408419,0.711300393
1,0.257662145,-0.60404066,0.727648573,0.352402351,0.850245982,1.076987658
1,1.461269692,-0.704362401,-0.789307979,-1.267608979,0.265939282,0.812573325
0,-1.195055204,-0.943253969,-0.76812891,-1.350651404,1.110569422,-0.048406571
1,1.810924923,-0.644895111,0.995992192,-0.564876035,-0.987225527,0.493728042
1,-0.504624977,-0.57672324,-1.077823287,-0.659854421,0.493167409,1.07913974
1,0.974068003,-0.667943751,1.252607858,1.839692909,-1.155451439,0.363138683
1,-1.664980378,0.299023375,-0.876007523,-0.959314817,0.647993353,0.685989785
1,0.686865153,-0.712673506,1.318041458,0.750152417,-0.250557052,0.8115947
1,-1.154897261,-0.59482365,-1.015637662,-1.048454097,0.878899939,1.097113938
1,0.125907435,-0.796867077,-0.315772702,0.313158865,-1.920683348,0.243303494
1,-0.721493047,-0.834458653,-0.557361812,-0.143351364,0.153860051,0.290169364
1,0.3055548,-0.688788852,-0.571428694,0.267576819,-0.445683531,0.609813157
1,0.280016621,-0.489054874,1.201074024,-0.245999317,0.923761851,0.771906614
1,0.970794221,-0.411572768,-0.961938714,0.158376793,0.054925597,-0.099191856
1,0.981021577,-0.489654931,-0.186195766,-0.875938222,-1.674171487,0.822794275
1,-0.974293591,0.031999169,0.048578871,0.318243942,0.699985164,0.836535505
1,0.33037914,-0.826013931,-0.633482597,-0.550444495,-0.670747628,0.45123134
1,-1.767833178,-1.092121054,-0.631388366,-0.059597383,0.286290662,0.015292043
1,0.63538632,-0.55428796,-0.711163302,-0.133392102,-0.513209571,0.928057259
1,0.632992251,-0.655938201,-0.653554489,0.042023658,-0.346497188,0.811678187
1,0.100686666,-0.515781989,0.408142886,1.365301469,-0.024520452,0.763426086
1,-0.640778202,-0.657096229,0.882791885,1.732366844,1.313068386,0.411910095
1,0.590580678,-0.723076207,0.751705139,0.731420327,0.434321919,0.355518779
1,-0.983903508,-0.912565915,1.288995826,1.128733395,1.295982989,0.357238974
1,0.964706915,-0.682457793,1.391712061,0.078937522,0.710546557,0.69521688
1,0.430662617,-0.508885163,1.022618988,0.98602465,-0.321366035,1.032897192
1,-0.594396176,-0.448114988,0.801867103,1.368251318,0.784494456,0.766119253
1,-0.039910661,-1.067002914,1.401333854,-0.974596215,1.251738423,0.100612199
1,-1.245980565,0.222862722,-0.641281038,0.107605722,0.957998457,0.897255697
1,-0.892699295,-0.650056096,2.50112736,-1.19441464,-0.572900049,-0.348427287
1,-0.063121341,-0.920057831,1.51586921,0.303619455,1.171617952,0.379294161
1,-1.243683858,-0.865940264,2.532779419,0.118504666,1.138794226,0.29345528
1,1.571987116,-0.692551218,-0.233991875,-0.218238784,-0.671969295,0.477978943
0,-0.101298151,-0.922390647,0.688189165,1.509356877,1.28014511,-0.085899368
1,-0.941600371,-0.98065302,0.044659084,2.10280749,1.321469513,0.000199632
1,-0.44662203,-0.930158802,-0.406883694,2.178595222,1.047034193,0.062735355
1,1.295546554,-0.585355721,0.930603168,-0.03600668,-0.335930295,0.601965812
1,1.545957389,-0.6682792,0.83458356,0.277058025,0.303706028,0.774282428
1,-0.649221776,0.070969965,-0.834709238,1.888541139,0.542614949,0.443907015
1,-1.289020334,-1.046842966,0.500226119,0.554285852,1.272853111,0.866879832
1,-0.963106936,-0.937670675,-0.554171481,0.191854956,0.656649819,0.758614283
1,-0.423781814,-0.852681725,1.040608319,1.910988968,1.544784899,0.016564996
1,2.047923832,-0.507604124,-0.615705637,0.07217332,-0.551405966,0.949847488
0,-1.827302252,-1.23950834,-0.665845638,0.294008599,0.739293615,-0.143946001
1,0.261140841,-1.055136102,-1.039287347,0.626998178,1.010788166,-0.074892679
1,0.677871677,-0.251803589,-1.006135785,-1.674780087,-1.361014588,0.785548536
1,0.256948937,-0.583668425,-0.466338892,0.875045429,-2.288562222,0.432167597
1,-0.778003426,-0.782061469,-1.106305819,0.295116334,0.366055826,0.275533814
1,0.795685711,-0.576627943,1.277506711,-1.204413597,0.024277539,-0.05248889
0,0.738909885,-1.008568718,-0.542240868,-1.120292535,-0.55666077,-0.040269882
1,-0.322059255,-0.736338677,-1.264239269,0.735682761,0.817308184,0.404568847
1,1.013090964,-0.634184055,-0.90412256,-0.941791385,0.623409134,0.818184486
1,0.050940219,-0.478579497,-0.235975804,1.474573743,1.199187106,0.324985566
1,0.960607481,-0.897476889,0.29108915,1.931860099,-0.375650216,-0.070601677
1,1.270900831,-0.91601903,-0.601923014,-0.140843151,0.521504297,0.548011475
1,0.715357521,-0.208673658,-0.353371678,0.969838255,0.069081316,0.735946336
1,1.002369792,-0.767851335,2.271410185,1.435185616,0.071173944,-0.589452047
1,0.912209279,-0.459760851,-0.100825894,0.130782858,-1.087245842,0.743546005
1,-0.98615018,-1.89181883,-0.036025173,2.248186037,-2.743979978,0.666831512
1,-0.946403387,-0.090256269,0.523270872,0.008627655,-1.524970601,0.39169835
1,0.157427401,-0.641875725,-0.934061222,1.769812595,-0.674792095,0.77172264
1,-0.580769154,-0.602637201,-0.777065009,-0.195632062,0.380356937,1.156298677
1,-0.387919119,-0.914899325,0.651686599,0.675609014,-0.395877158,-0.492348326
1,0.014484191,-0.016591035,1.718060625,0.42638526,0.56228012,0.541355835
1,-0.937192106,-1.211310492,0.413406047,-0.713173923,1.037989262,0.619109646
1,-0.329779797,0.194633072,-0.681041413,0.627416127,1.176098645,0.617950873
1,-0.912608754,0.206244334,-0.451492411,0.415563973,-0.352039571,0.702640039
1,0.651226843,-0.740960147,1.186963311,1.802166182,-0.538061819,0.414007246
1,-0.890590826,-0.065860927,-0.767277599,0.054291466,0.407193061,0.256969999
1,-0.684253733,-0.971985279,-0.465210965,0.418081449,0.401121746,0.469915634
1,1.384338778,-0.909973235,-0.424163811,0.408849606,0.147127372,0.724482671
1,1.152345396,-0.550512813,1.161259347,1.71371579,-0.995312419,0.778889776
1,0.951389231,-0.812170834,0.389738412,0.330950581,0.499098254,1.009135314
1,-0.989666929,-1.189174555,-0.653165982,-0.294264007,0.928697287,-0.008648771
1,0.572205899,0.145945534,0.307526314,-0.353069985,0.465629605,0.703334968
1,0.64747146,-0.547828904,-0.852904133,-0.557554701,-0.796442858,0.60789735
1,1.402372284,-1.007027291,-0.172618543,-0.091799485,0.731079534,0.726645019
0,0.786758047,-0.775901721,-0.564130377,0.079614892,0.987419735,-0.777663
1,0.198488763,-0.383995573,0.996640357,-1.389453412,0.811959547,1.235994199
1,-1.778596922,-0.17324629,-0.556791982,-1.00797733,0.820848025,0.03789639
1,0.745006414,-0.618592029,-0.802425298,-0.024391926,1.313341916,0.98976106
1,-1.423342466,-0.807229466,1.611401184,0.267449919,-0.727983954,0.315232401
1,0.268090686,-0.74113392,1.058419916,1.709678528,0.831432457,0.289012478
1,0.22570454,0.199119737,1.284883915,-1.187350679,1.203092597,0.807367497
1,-1.400674228,-0.716778115,2.627677834,0.049559326,-0.795013397,0.028520125
1,-1.474278345,-0.922318648,1.10269686,1.905082026,0.937154893,-0.051021854
1,1.252574277,-0.929008695,0.084010605,0.833324697,0.250576683,-0.203181794
0,-1.165110362,-1.057095519,-0.631081532,-0.696443459,0.578361228,0.152003272
1,-1.400674228,-0.716778115,2.627677834,0.049559326,-0.795013397,0.028520125
1,-1.224538544,0.277826723,-0.72301449,-0.859060521,0.263816677,0.773272612
1,-0.908320346,-0.620486171,0.807885182,1.140961758,1.014420238,0.553140575
1,-0.608103228,-0.858304683,-0.720264866,-0.62276702,0.381461469,0.561727363
1,-1.446010704,-0.897680817,0.595124534,0.485340512,-0.660954512,0.601944677
1,-0.571912393,0.10741431,-0.611222335,0.578783381,-0.817786429,0.244421242
1,0.33214116,-0.5730089,1.359510948,0.0111482,0.035964278,0.749610532
1,0.531079105,-0.47212316,0.863121406,0.234691703,-1.566754775,0.425846863
1,0.547732989,-0.620459643,0.896605581,-0.381143021,-1.92751179,0.069105635
1,-0.91506631,-0.883462707,2.560494703,0.129260561,0.823809906,0.324367057
1,1.173476933,-0.873120915,-0.843463196,1.891466411,0.228554351,-0.924839497
1,-1.220916804,-0.6558357,-0.856371027,-0.609093278,0.758554656,1.028787293
1,1.067174158,-0.52710959,-0.988303569,1.624870583,-1.26906216,0.133325833
1,1.315636501,-0.467044354,0.307813273,-1.189266319,-1.180721561,0.408394064
1,0.917270074,-0.692454114,-1.563975632,0.2520583,0.407510544,-0.880936615
1,1.785724512,-0.621626002,-0.671181979,-0.769887895,-0.656634908,0.881804909
0,0.897080352,-1.208103961,-0.527298205,-0.815038139,0.96297619,0.053712019
0,-1.208317911,-1.072496281,-0.71785583,-1.14335381,1.078694961,-0.089547888
0,0.647483705,-0.664364889,0.412555862,0.602945766,-0.416748799,0.157835834
0,1.04072034,-1.237265713,-0.581027746,-0.718193026,1.206499011,0.258839186
1,1.4208559,-0.760416253,-0.713759745,-1.018015916,0.046917784,0.520169058
1,1.41996443,-0.85546372,2.536297623,-1.033198916,-0.158038334,-0.048092641
1,0.63491788,-0.867030525,-0.464938475,-0.973107201,-1.271740302,0.240493013
1,-0.872071206,-0.770417478,-0.742939304,-1.153278808,-0.498069724,0.64838366
1,0.743208027,0.204967952,-0.478587773,-1.326901241,-1.212943496,-0.045370188
1,1.047224341,-0.608406177,1.262787189,-1.46837791,-0.597267692,0.743376051
1,-1.478842685,-0.986000475,-0.592510738,-1.01148465,-0.241713719,-0.080950856
1,-0.665284144,-1.271502188,1.607488975,-0.799848864,1.286004915,0.031297127
1,0.630129743,-1.070331007,-0.349720847,-0.622275682,-0.938315536,0.00773487
0,1.011095581,-0.928390666,-0.715008169,-1.158320126,0.249562973,0.596347967
0,1.020637981,-0.72418613,-0.668152453,-1.211949291,-1.078915501,0.603578676
1,-0.446458652,-0.536048495,1.43864819,0.021929526,-0.715428439,0.482497947
1,-1.36463758,-0.6652668,-1.054369261,-1.510680622,0.773904524,0.583396914
1,-1.429858246,-1.339014495,0.229075606,-1.468109975,-0.98302404,0.08717861
1,1.011095581,-0.928390666,-0.715008169,-1.158320126,0.249562973,0.596347967
1,0.910814029,-0.939275434,-0.805422785,-0.163176581,1.024102971,0.250163103
1,-0.063716963,-0.036099957,-0.458985425,-0.858772003,-0.363256701,0.058158431
1,1.749507323,-0.575542267,-0.963335432,-1.655293895,0.393562406,1.009366414
1,2.054924254,-0.863262371,2.510889923,-1.140825354,0.349831562,0.013892778
1,0.49053766,-0.869362237,-0.941784469,-0.715898922,1.367290547,0.659853827
0,0.184331384,0.288833579,-0.613846411,-1.308981667,-1.16155015,0.277921817
1,-1.736486227,-0.887670412,1.507328997,-0.595449757,-0.359585986,0.098532649
1,1.167447964,0.208394091,-0.724043546,1.978225262,-0.80969859,0.047051639
1,0.352969051,-1.246807714,1.525410591,-0.746535451,1.81030634,0.004639122
1,-0.76093087,-0.809401375,-0.715777168,-1.178677547,-0.944756284,0.258472402
1,1.665462743,-0.729218843,1.481694998,-1.351633244,-0.721291074,0.430241838
1,0.445890282,-0.538111412,2.13255499,-1.854793772,1.003353441,0.461042837
1,0.70801935,-0.6106628,-1.13789569,1.452445112,0.637546792,0.761759284
1,-0.055958118,-0.878407014,1.205929638,1.507250507,1.068893049,0.221519381
1,-0.504561959,-0.607734894,-1.151565132,1.451098449,0.950230254,0.93542652
1,0.957567194,-1.037480356,-0.431846642,-0.847828843,-0.839129194,0.2095999
1,0.694222655,-0.848479673,-0.786029265,-1.310369316,0.119357165,0.70902142
1,1.184810557,-0.568397555,-0.935877309,-1.669251232,0.354754973,1.217651046
0,-0.633276596,-1.053523504,1.461034399,-0.880253783,0.548719364,0.160077794
1,0.330300776,-1.078844598,1.463341982,-0.977124325,0.741604939,0.25297499
1,0.642997276,0.128839249,1.533071626,-1.175217767,-0.149771205,0.326818058
1,0.53381876,-0.882260094,1.50840093,0.27017032,1.293753966,0.265254385
1,1.722640026,0.252415771,-0.526578337,-1.242875267,-0.830840683,0.636022848
1,0.318662065,-0.773772689,-0.913172132,-0.480558965,0.568542191,0.596961023
1,-0.993814765,-1.149819192,-0.977159366,1.274545637,1.380148606,-0.018955383
1,-0.971146527,-1.059367841,0.039117284,1.056655044,1.313119163,-0.305667658
1,0.31664106,-0.876365093,1.164624576,1.905932748,0.52451793,0.321290579
1,1.513719357,-0.86344844,-0.527307793,0.876894602,0.293433435,0.268131894
1,0.009101708,-1.034370604,0.591407761,1.065977902,0.63054105,-0.05417075
1,-1.528545443,-1.705513969,-0.966773916,-0.771363958,-2.771550958,0.916665907
1,-2.697043754,-0.726248965,-0.992415422,-0.940045527,-1.95831824,0.614671453
1,-1.864311322,-1.790545822,-1.098953729,-0.903906448,-1.294800546,0.994902493
1,-1.19529981,-0.817666526,0.236944798,-0.902224242,1.051656804,0.416422886
1,-0.665015905,-0.97765114,-0.763484163,-0.529083018,1.602683807,0.3512653
1,-1.738291734,-1.140856643,1.422294829,-0.967892482,0.995599312,-0.001592047
1,-0.803075671,-0.304377061,0.923337713,-1.442771748,0.576445744,1.302421822
1,-0.554764717,-0.790235373,-0.729277834,-0.777344319,-0.258877823,0.826763607
1,-1.411178239,-0.094181845,-0.568680617,-0.443145179,1.017985468,0.179337556
1,-1.61215016,-0.514268189,0.949683208,-1.696133379,0.516026698,0.786365504
1,-1.694749042,-0.622270727,-1.46631193,-1.097596463,0.569019881,-0.586089391
1,-0.593442802,-0.994603776,1.068020669,1.076482207,0.770779884,0.218630603
1,-1.036020032,-0.682789242,-1.026653978,-1.499924726,0.458920203,0.614308692
1,-0.019133383,-0.812726831,1.492553241,0.11491969,0.809756405,0.617124247
1,-0.841693336,0.101973925,-0.711356368,-0.780019362,0.723368135,0.203811068
1,-1.717920203,0.038397695,-0.735488978,-1.196682019,0.747774101,0.315496093
1,-1.333329652,-0.500625501,-0.839005795,-0.150733194,-0.360725903,0.956161868
1,1.359797439,-0.322434588,0.804138436,-0.163818071,-0.989887265,0.824991334
1,-0.001155921,0.264877265,-0.607621752,0.061545913,0.728643576,0.817833316
1,1.301668194,-0.416633256,0.045277611,-0.78411916,-0.765968885,1.18540347
0,1.516496135,-1.102756344,-0.881483981,0.851369893,0.088784876,-0.298062154
1,1.317160554,-0.543365994,1.280085079,-1.052388584,-0.465331927,0.718524644
1,-1.29426717,-1.259446261,1.167411648,0.851725679,1.222051528,-0.186480484
1,-0.669734732,-0.865782174,0.277904038,0.907595793,1.124969826,0.105388194
1,1.001077602,-0.469941838,0.727291005,1.082286352,0.722362084,0.548105208
1,0.045091187,-0.95112528,1.094845233,1.029749066,0.697766735,0.22604184
1,0.380990115,-0.883609825,1.42446286,-1.549603881,-0.020379483,0.023774157
1,0.686852497,-0.888206777,1.226632704,1.903404638,0.014384446,0.47365337
1,-0.288991232,-0.624936348,-0.621569227,0.125610194,-0.734531928,0.840232005
1,0.954510478,-0.632368808,-0.657296079,-0.316604541,0.44153338,0.184104083
1,2.000915393,-1.070397728,-0.598399712,-0.963708497,0.930266904,0.386335114
0,1.165133605,-0.550550817,1.313953931,1.072259574,-0.995894433,0.172833624
0,1.499380256,-1.122283345,0.001162597,-0.377115281,0.763824737,0.245740124
1,0.409605345,-1.098576681,-0.525808564,0.099154956,1.587904841,0.50425462
1,-0.44139577,-0.509183466,0.906401274,-0.216611366,-0.794419915,-0.578017316
1,1.736624279,-0.534376963,-0.506807715,1.800904726,-0.151160687,-0.212768599
1,0.938088773,-0.681491146,-0.689999352,-1.210557945,-0.919404464,-0.712030292
1,0.082601457,-1.071334235,-0.501042394,0.548593417,1.597704591,0.593442989
1,1.780145645,-0.494076737,-0.14564711,1.587665965,0.282545205,1.338310343
1,2.076694726,-0.511730215,-0.621867675,0.836048579,-0.651061752,0.739660874
1,1.555176145,-0.592143941,-1.113095514,1.529156058,0.18304876,0.545551837
1,0.675260139,-0.405305849,0.907602631,1.191407759,0.185520424,0.635310988
1,1.510519337,-1.107013619,-0.415998954,-0.692578212,-0.355131633,-0.142269962
1,-1.291159304,0.192817391,-0.512513627,1.281411004,-0.780060023,0.350750261
1,-1.198174703,-1.136363718,0.451816899,-0.584340993,1.318383461,-0.51612432
1,-0.935133741,-0.689701068,1.104757853,1.165828221,0.733167425,0.658856538
1,-0.878907708,-1.114624471,0.465229181,-0.607707563,1.281876886,-0.512418701
1,-1.13265502,-0.018791222,-0.534692287,1.792583539,-0.987019699,-0.004900309
1,1.252921206,-0.702258355,1.341568374,2.065919402,-1.410979513,0.074440034
1,1.194628022,-0.866027832,1.616063762,0.35257541,0.082902279,0.272503758
1,0.828654043,-0.133177214,-0.313699157,0.226494295,0.583266902,-0.044571714
1,1.233827167,-0.879233312,-0.308562874,-0.175365515,0.971493499,0.439836457
0,-1.147641192,-0.860852296,-0.896552827,-1.332058498,1.005621037,0.188051816
0,-0.35001905,-0.752884734,0.888867609,0.468930148,1.559366257,0.160968318
0,-0.36146023,-0.256186086,-1.304818554,0.384348731,-2.410795701,0.627695458
0,-0.322836066,-0.991047984,-0.738868939,-1.218767343,1.558060408,-0.396570815
0,-0.544411533,-1.065261168,1.407358268,-1.034790752,1.239871341,-0.2296716
0,0.419736271,-0.787493668,0.332612212,-0.950812161,0.312168438,0.489363297
0,0.502999125,-1.153416119,0.504752688,-1.158404987,0.867251645,-0.402998449
0,1.50042225,-0.957285737,-0.597502659,-0.739124437,0.446502869,0.292530533
0,0.08586674,-0.991663845,1.093876563,0.253759075,0.545885125,-0.075133818
0,-0.288801356,-0.583915967,-0.895717786,-0.03030379,0.994499532,0.961943828
0,0.823671157,-0.414212081,1.252990285,-0.984619086,-1.269861692,1.060661884
0,-0.050541253,-0.799329825,-1.296554545,-0.192006137,0.099724865,0.033103062
0,0.773643801,-0.508180129,-0.985439492,-1.678615781,0.829250331,-0.128869699
0,0.454918334,-0.634348971,-0.935749485,-1.393763489,0.682373534,0.769178369
0,-1.459329927,-0.151507042,-0.543379699,-1.031343901,0.78434145,0.041602009
0,1.356593737,-0.598133896,-0.810121199,-1.235320785,-0.826634453,0.647053912
0,0.725773022,-0.434334786,0.634172513,-1.463545533,-0.279798152,0.484485817
0,1.341063786,-0.196874927,0.073313341,-0.18909872,1.186620957,0.433360014
0,-0.112846403,0.097185905,0.581575806,-0.729286234,-1.00328589,0.91408815
0,-0.348401284,0.255361309,0.220908472,-0.765714486,1.259984914,0.85161802
0,0.792180487,-0.832237125,-0.577617535,0.668093332,-0.175962659,0.902309926
0,0.957322588,-0.911892913,0.573227066,-0.399401681,-0.898041812,0.674429358
0,-0.67972772,0.096081008,-0.112010072,-1.204769184,0.819726297,-0.543425879
0,1.990784431,-1.123066275,-0.502612447,-0.362220847,1.070272463,0.362850029
0,-0.064879162,0.06826779,-1.274190426,-1.201279382,1.215165273,0.11028159
0,-0.098447696,-0.806592002,0.694409,-0.987038809,-2.12776538,-0.770099108
0,0.435862549,-1.260556275,0.204921751,0.272469269,1.25457754,0.65552468
0,1.326057047,-1.164627139,-1.52493827,-0.406087911,1.732446898,-0.070908995
0,-0.734810768,-0.705757228,-0.605127419,-0.339817772,-1.193319096,0.565711391
0,1.533359554,-1.029536541,1.03149306,-0.960184467,0.142619073,-0.188440321
0,0.795290569,-1.208381754,-0.54015734,-0.755516934,1.131185004,0.470829436
0,1.351250912,-0.447501961,-0.82955156,-0.984664654,-1.02005366,0.856326972
0,1.503371006,-1.209567914,-0.520463484,-0.814364807,0.806634458,-0.033121599
0,-1.210231154,-0.957099571,-0.817510304,-1.110405539,1.14539307,0.610241175
0,0.976280474,-0.740061808,-0.276723409,-1.33445091,0.031109566,-0.29546318
0,0.024448828,0.219582423,-0.779765922,-1.392085517,0.642051665,0.655530425
0,-0.494892992,-0.72292983,-0.331221645,-0.994709098,1.124507542,1.145972654
0,0.729832486,-0.930011638,-1.796187158,-0.410386253,0.56274498,-0.304765317
0,0.023958501,-1.088568389,1.516464966,-0.858741991,-0.081249278,0.221901348
0,-0.660227767,-0.774350657,-0.87870179,-0.879914538,1.269259041,0.584023444
0,1.789516776,-0.497462683,0.800434674,-0.246243667,0.368585196,1.075996706
0,1.30631149,-0.377797964,0.349900513,1.157109906,-0.225438552,0.678931763
0,1.275688969,-0.712718547,-0.717140641,-0.49167467,0.188079531,0.780769619
0,0.889729447,-0.114089599,-0.360890576,-0.354154894,-0.030365566,0.127570543
0,1.350837192,-1.081468662,-1.009474228,0.795036874,1.589981391,-0.002233887
0,-1.023136829,-0.468509139,1.254541939,-1.147596639,-1.117575571,0.643507892
0,1.435941325,-0.687952135,1.477274643,-0.753351958,-0.646289645,0.68572278
0,0.277597615,-0.391287936,0.85602213,-0.526311271,-0.160009171,0.72927132
0,1.389255063,-0.380413108,0.499290582,-0.916079873,0.974017931,-0.419730694
0,1.513532488,-0.789570689,-0.544119055,-0.155234194,-1.330387902,0.076216394
0,0.740199667,-0.534708697,-1.044164002,-0.70591423,0.263812528,0.99971736
0,-0.237982852,0.114612004,1.43529144,-0.625219104,0.857604164,0.602255787
0,-0.873855884,0.095624329,-0.479618436,0.072129341,0.381166864,0.349829425
0,1.177147526,-1.09039523,-0.605787581,-1.000536463,0.954906396,0.052345696
0,0.924374725,-0.707725673,-1.603188497,-0.725463035,0.53253391,0.267847003
0,0.61899486,0.155729919,-0.729625388,-1.250118892,0.930900062,0.425111577
0,0.964939276,-0.691509252,-0.878821642,-1.529990107,0.389765117,0.680448939
0,-0.880119076,0.20210701,-0.95905267,-1.001135122,1.022747851,0.026047386
0,-0.088415623,-0.625346541,0.952856787,1.171612285,0.620677337,0.105560589
0,0.905442655,-0.953526331,-0.590283567,-1.104976361,0.048668378,0.231895981
0,-0.105674245,-0.459213465,-1.121624602,-1.873449485,-0.067352869,0.763938836
0,-0.155244323,-0.572353175,-0.869078174,-0.843432202,1.331361015,0.437726398
0,1.069997313,-0.602604233,-0.90660764,-0.458849277,-0.465342455,0.859675883
0,2.061031096,-0.592587961,-0.957449075,-0.675962464,0.462819756,0.936995355
0,2.053855218,-0.809772049,-0.738918257,-0.726341295,0.830486156,0.756828805
0,1.379605931,-0.533631092,1.068586178,-1.552642701,0.235896401,0.84142547
0,0.894131596,-0.955821784,-0.60433738,-0.739797768,0.6028446,0.379364151
0,-1.438974015,-0.67443128,-1.174389671,1.56108114,0.629891439,0.374112799
0,0.698976918,-0.847575619,-0.623955922,-1.013166961,-0.875696543,0.483493985
0,-1.043358239,-0.826363918,-0.856969949,-1.465797337,-0.108345165,0.601745232
0,0.599100379,-0.963250122,-0.537160583,-0.986594027,-0.774185838,0.200822339
0,-0.598777295,-0.691560112,0.714909095,-1.701394228,0.562184356,0.588445383
0,1.52690926,-0.941144682,-0.534067452,-1.344548894,-0.142497001,-0.513585383
0,1.218880696,-0.847975306,0.90286315,-1.287649416,-0.154299118,0.040612204
0,-0.904791591,-0.875634223,1.202389854,-1.140607665,1.371512805,0.461339902
0,0.391836268,-0.522439708,-0.92226986,-1.3747593,-0.605349366,0.72510997
0,1.643474559,-0.721157194,-0.776243819,-1.371126752,0.044779916,-0.191144119
0,1.533531532,-1.042510814,1.462708423,-1.009900128,0.707399222,0.052101595
0,0.979925351,-0.718684031,-0.55529169,-1.614321987,-1.374089991,-0.09991063
0,0.360606569,-0.449622726,0.745281391,-1.593359994,-1.012907455,-0.609562143
0,-0.886814129,0.201969873,-0.897785139,-1.193981442,1.290399977,0.662048971
0,1.551101551,-0.927014971,1.454481003,-1.425561753,0.505863191,-0.490167079
0,1.302803305,-0.475731968,-1.784000872,-1.018912586,-1.023485992,-0.709766452
0,-0.86736043,-0.769694623,1.327093416,-0.666926483,0.568773772,0.621110722
0,-1.262580898,-0.04576234,0.749250127,-0.240212551,-0.391767784,-0.249324947
0,-0.39472858,-0.120227756,-0.429091895,-0.694112139,0.118440003,-0.089132418
0,-0.981841016,-2.055036645,0.248389233,-0.668993503,-2.248415224,0.571309765
0,-0.39893334,-1.090950128,0.395520372,-0.341389628,1.607045362,0.449306685
0,1.504364564,-0.652395093,0.34358765,1.059581912,-0.869365933,0.635922427
0,-1.76845226,-1.307913742,-0.560877078,-0.772357161,1.094834549,-0.086815241
0,0.835565998,-0.402628883,-1.314426217,-0.624870358,-1.710349022,-0.262394254
0,-1.329755486,-0.449348354,-0.78677353,-0.089839896,-0.941608949,0.901587686
0,0.085049325,-0.182679533,0.550061564,-0.093140641,0.640598278,-0.607527634
0,-0.590008648,-0.358502135,-1.010543071,-1.122248391,-0.132293357,0.868853856
0,1.498898197,-0.880964097,-1.569774464,-0.876002171,-0.268886766,-0.017600047
0,-0.406425628,-1.167555877,-0.571374884,-0.3637449,1.639251157,0.077371215
0,-0.90350289,0.097656887,-0.742404111,-1.193976519,1.001612354,0.622279353
0,0.972277484,-0.547934576,-1.048505671,-1.564117496,0.957030485,0.693012398
0,1.771464697,-0.371639278,-0.762274967,-0.329468932,-0.462590276,1.354925209
0,-0.636103048,-0.964913121,-0.578937651,-0.257583504,0.646850068,0.669425914
0,1.3086989,-0.897582521,-0.524433995,-1.111446201,-0.621671794,-0.405572609
0,0.281203357,-0.994342082,-0.714880346,-0.882832384,0.577181534,0.14787529
0,0.751880411,0.231200608,0.598148562,-1.068236912,-1.659319953,0.155612029
0,0.081382938,-0.449300427,1.264140203,-0.360497603,0.795981696,-0.049975483
0,-0.176924071,-1.129000775,-0.539583167,-0.478416161,-2.762293725,0.370743019
0,-0.884426388,0.215853478,-1.00109833,-0.792771091,1.256158343,0.609457377
0,0.329764265,-1.075797523,-0.762082891,1.040054757,-1.317253243,-0.179130965
0,0.070864616,-0.878112567,-0.763472436,-1.50388204,0.157546666,0.042962437
0,-0.668010816,-0.552814941,-0.874484321,-1.414788707,-0.934501627,0.630316961
0,-0.306150403,-1.244437745,-0.526664645,-0.782262335,0.997181907,0.254585414
0,1.733763619,-0.703057978,-0.064722328,1.95178149,0.811119135,0.984101185
0,1.059259016,-0.623594336,-1.082072781,0.732843822,-0.785789972,0.497734723
0,1.018252476,-0.974506485,-1.070652118,0.621937036,0.279308819,0.269602521
