"","df.Movies","df.Horror","df.Thriller","df.Comedy","df.Romantic","df.Sci.fi","df.War","df.Fantasy.Fairy.tales","df.Animated","df.Documentary","df.Western","df.Action","cluster","Pc1","Pc2","kclust","hclust"
"1",-5,-4,-2,-5,-4,-4,-1,-5,-5,-3,-1,-2,1,1.79170512779628,1.46736604051897,"1","1"
"2",-5,-2,-2,-4,-3,-4,-1,-3,-5,-4,-1,-4,1,0.893682555745436,0.0355943756032043,"1","1"
"3",-5,-3,-4,-4,-2,-4,-2,-5,-5,-2,-2,-1,1,0.774508660881495,0.338311678158678,"1","2"
"4",-5,-4,-4,-3,-3,-4,-3,-1,-2,-5,-1,-2,2,-0.747143307634308,-2.55096431499895,"2","3"
"5",-5,-4,-4,-5,-2,-3,-3,-4,-4,-3,-1,-4,3,-0.463847889099643,0.146797465403764,"3","2"
"6",-5,-5,-5,-5,-2,-3,-3,-4,-3,-3,-2,-4,3,-1.37607996626239,-0.193067223669351,"3","2"
"7",-4,-2,-1,-5,-3,-1,-3,-5,-5,-3,-1,-2,1,2.83359338974174,0.321796407749244,"1","1"
"8",-5,-4,-4,-5,-2,-3,-3,-4,-4,-3,-1,-3,2,-0.133112421342661,0.0626705802997367,"2","2"
"9",-5,-2,-1,-5,-5,-1,-3,-4,-4,-4,-1,-2,1,2.68447811986952,0.562142761695394,"1","1"
"10",-5,-5,-4,-5,-3,-3,-2,-5,-5,-3,-1,-3,1,0.374063510798077,1.27272532320723,"1","1"
"11",-5,-3,-4,-4,-3,-2,-5,-5,-5,-5,-1,-4,3,-0.46864252954845,1.03813768862147,"3","2"
"12",-5,-1,-5,-4,-3,-1,-4,-5,-3,-3,-1,-1,1,1.39825668747027,-0.514839736411692,"1","3"
"13",-5,-3,-2,-5,-5,-2,-1,-5,-4,-2,-1,-3,1,2.57121260334617,1.00706395007223,"1","1"
"14",-4,-1,-3,-5,-4,-1,-1,-5,-5,-3,-1,-4,1,2.56189394985568,0.774787108616876,"1","1"
"15",-5,-5,-5,-5,-3,-3,-5,-4,-4,-5,-2,-4,3,-1.99627070387217,0.820066007531357,"3","2"
"16",-5,-3,-3,-5,-3,-2,-2,-2,-2,-4,-1,-2,2,0.991441227338635,-1.63152087981907,"2","3"
"17",-5,-4,-2,-5,-5,-5,-2,-4,-4,-5,-1,-3,1,0.582773223544783,1.30441996284508,"1","2"
"18",-5,-2,-4,-5,-4,-5,-5,-4,-4,-5,-5,-5,3,-2.65745671585081,1.39688177371956,"3","2"
"19",-3,-1,-4,-4,-2,-3,-5,-4,-4,-5,-2,-5,3,-0.912896674119658,-0.904962654746443,"3","2"
"20",-5,-5,-5,-5,-3,-3,-4,-3,-3,-3,-2,-4,3,-1.57917429422892,-0.35937394356923,"3","2"
"21",-5,-5,-5,-5,-2,-5,-3,-3,-4,-5,-2,-5,3,-2.66837204776464,0.345141709980492,"3","2"
"22",-5,-2,-4,-5,-5,-4,-3,-5,-5,-3,-2,-2,1,0.892699769280164,1.82652431726264,"1","1"
"23",-5,-4,-2,-5,-5,-2,-2,-2,-2,-3,-1,-4,2,1.04663540579072,-1.02343924392143,"2","3"
"24",-5,-1,-2,-5,-5,-1,-1,-4,-3,-3,-1,-1,1,3.59286124760224,-0.124611817625045,"1","1"
"25",-5,-3,-2,-5,-4,-2,-5,-5,-5,-5,-2,-1,1,1.09845254657525,1.4830601217254,"1","1"
"26",-5,-2,-4,-3,-4,-5,-3,-2,-4,-5,-2,-5,3,-1.42639367896551,-0.5730115645276,"3","2"
"27",-5,-3,-3,-5,-3,-1,-5,-4,-4,-3,-4,-4,3,-0.651339667390176,0.287423350855215,"3","3"
"28",-5,-3,-2,-5,-5,-2,-4,-5,-5,-4,-2,-2,1,1.44852046577011,1.70802729667014,"1","1"
"29",-5,-2,-5,-4,-3,-4,-4,-3,-3,-4,-3,-5,3,-2.05054358595215,-0.539398495135566,"3","3"
"30",-4,-1,-1,-5,-5,-2,-2,-5,-5,-4,-1,-1,1,3.67465856800417,0.993289765690683,"1","1"
"31",-5,-5,-5,-5,-5,-2,-3,-5,-5,-3,-2,-4,3,-0.146327424865513,1.90033952041371,"3","2"
"32",-4,-3,-4,-4,-3,-1,-3,-5,-4,-5,-2,-3,1,0.612597330658747,-0.0585887512925449,"1","1"
"33",-5,-2,-3,-5,-4,-4,-2,-2,-5,-3,-1,-5,1,0.215191215579379,0.305438492913754,"1","1"
"34",-5,-1,-2,-5,-5,-3,-4,-1,-1,-1,-1,-5,2,0.58713755125292,-2.05171827622534,"2","3"
"35",-5,-3,-5,-4,-4,-4,-4,-5,-5,-3,-1,-5,3,-0.863240925273333,1.39714499244962,"3","2"
"36",-4,-3,-2,-5,-2,-3,-4,-2,-2,-4,-3,-4,2,-0.838667603422274,-2.01645609189592,"2","3"
"37",-5,-1,-4,-5,-5,-3,-3,-5,-5,-5,-2,-5,1,0.08704361994022,2.18469742815227,"1","1"
"38",-4,-5,-5,-5,-5,-3,-4,-5,-5,-4,-2,-3,3,-0.319965778286821,1.61223778614358,"3","2"
"39",-5,-1,-5,-5,-3,-2,-1,-2,-2,-4,-1,-5,2,0.0793012547471374,-1.39309358851936,"2","3"
"40",-3,-1,-5,-5,-1,-5,-5,-1,-1,-5,-5,-5,2,-3.54759482502951,-3.10465631321835,"2","3"
"41",-5,-4,-4,-5,-5,-5,-3,-5,-5,-4,-3,-5,3,-1.28500239667967,2.42017378761375,"3","2"
"42",-5,-1,-1,-5,-4,-3,-2,-5,-5,-3,-1,-4,1,2.08276255846598,1.40887668524959,"1","1"
"43",-5,-3,-4,-5,-4,-3,-1,-5,-4,-4,-1,-3,1,1.09588460048401,1.15527049576843,"1","1"
"44",-5,-5,-5,-5,-3,-5,-1,-3,-2,-1,-1,-5,2,-1.03821343247425,-0.8347942600979,"2","3"
"45",-3,-2,-2,-3,-2,-2,-1,-2,-2,-3,-1,-2,2,2.2054920116731,-3.92967141916008,"2","3"
"46",-5,-3,-4,-5,-3,-3,-3,-5,-3,-1,-1,-4,1,0.353311880943917,0.169324234801717,"1","1"
"47",-5,-1,-5,-5,-4,-2,-4,-4,-4,-4,-1,-5,1,-0.193924083964735,0.764478333218011,"1","1"
"48",-5,-5,-5,-5,-5,-5,-5,-5,-5,-5,-5,-5,3,-3.19456603766763,2.72279515252532,"3","2"
"49",-5,-3,-3,-5,-5,-1,-5,-5,-3,-3,-1,-5,1,0.462936571306693,0.84603695642495,"1","1"
"50",-5,-5,-5,-5,-5,-5,-3,-5,-5,-5,-2,-5,3,-1.66660227700997,2.5737236009172,"3","2"
"51",-5,-2,-4,-3,-3,-2,-3,-4,-4,-3,-2,-3,1,0.460263029952698,-0.680198917638508,"1","1"
"52",-5,-4,-4,-5,-3,-5,-3,-5,-5,-5,-2,-4,3,-1.25124813903926,1.85636067705185,"3","2"
"53",-5,-2,-4,-5,-1,-3,-2,-3,-3,-5,-1,-4,2,-0.480089592859787,-0.878959012030443,"2","3"
"54",-5,-5,-3,-3,-3,-4,-3,-3,-2,-3,-1,-3,2,-0.391803382524788,-1.78560174441449,"2","3"
"55",-5,-1,-4,-4,-4,-4,-5,-3,-2,-4,-3,-4,2,-1.32598621779148,-0.833775571965847,"2","3"
"56",-5,-3,-4,-5,-5,-5,-3,-4,-4,-2,-2,-4,3,-0.311263522684775,1.1030925088054,"3","2"
"57",-5,-4,-5,-5,-1,-5,-5,-5,-5,-5,-1,-5,3,-2.63714946837145,1.40356414065106,"3","2"
"58",-5,-2,-1,-5,-5,-1,-3,-5,-5,-2,-1,-2,1,3.19889145771719,1.22256455963533,"1","1"
"59",-5,-5,-5,-5,-3,-5,-5,-4,-4,-3,-2,-5,3,-2.59179497679516,0.87879327240902,"3","2"
"60",-4,-3,-4,-5,-3,-5,-5,-5,-5,-4,-3,-3,3,-1.21298081949807,1.22756756582726,"3","2"
"61",-5,-3,-3,-5,-5,-1,-2,-4,-1,-2,-1,-3,1,1.9109882935346,-0.854931553083036,"1","1"
"62",-5,-1,-2,-5,-4,-4,-2,-5,-5,-2,-1,-3,1,1.95969734921391,1.34601841399435,"1","1"
"63",-5,-1,-1,-5,-5,-1,-1,-3,-5,-1,-1,-1,1,4.23562112537708,0.0125538845066223,"1","1"
"64",-5,-1,-3,-5,-3,-3,-3,-2,-3,-2,-1,-1,2,1.54317689497344,-1.45696299877324,"2","3"
"65",-4,-2,-3,-5,-3,-1,-3,-3,-4,-3,-1,-5,1,0.870926703196056,-0.736134577277566,"1","1"
"66",-5,-4,-5,-5,-5,-3,-3,-5,-5,-4,-2,-5,3,-0.713772679185196,2.19033056601673,"3","2"
"67",-5,-4,-4,-5,-4,-3,-5,-5,-5,-3,-3,-5,3,-1.36475684333488,1.81998066997763,"3","2"
"68",-5,-1,-1,-5,-1,-4,-5,-3,-1,-4,-5,-5,2,-2.03745483610669,-1.62630368535813,"2","3"
"69",-4,-2,-3,-5,-2,-1,-4,-1,-2,-4,-4,-4,2,-0.806797098680733,-2.66902480222416,"2","3"
"70",-5,-1,-2,-5,-3,-1,-1,-5,-5,-5,-2,-4,1,1.78815783384297,1.20593602480027,"1","1"
"71",-5,-3,-3,-5,-4,-2,-3,-5,-5,-5,-3,-3,1,0.399920232896418,1.68928522624628,"1","1"
"72",-5,-4,-4,-5,-4,-5,-5,-5,-5,-5,-3,-4,3,-1.93269512205468,2.21233946523845,"3","2"
"73",-5,-5,-4,-5,-4,-3,-4,-5,-5,-4,-2,-3,3,-0.46585470754503,1.75417543654162,"3","2"
"74",-5,-4,-3,-5,-3,-5,-3,-5,-4,-4,-3,-5,3,-1.48030481310353,1.3748360203276,"3","2"
"75",-5,-1,-2,-3,-2,-4,-3,-5,-5,-5,-3,-4,1,-0.251847743104137,0.446286716390322,"1","1"
"76",-5,-3,-5,-5,-5,-1,-1,-5,-5,-5,-1,-5,1,0.828268776443609,1.98534586078323,"1","1"
"77",-5,-5,-5,-4,-1,-5,-5,-3,-5,-5,-5,-5,3,-4.3720226485602,0.211722348946679,"3","2"
"78",-5,-3,-3,-5,-4,-3,-5,-5,-5,-3,-3,-3,3,-0.169252546719185,1.58537979612418,"3","2"
"79",-5,-2,-4,-4,-1,-4,-4,-3,-4,-4,-3,-5,3,-2.11125800245221,-0.695775446005195,"3","3"
"80",-5,-1,-5,-5,-4,-1,-5,-3,-2,-4,-2,-3,2,-0.114881899973525,-0.816990340409275,"2","3"
"81",-5,-5,-5,-5,-2,-2,-1,-3,-3,-4,-1,-5,2,-0.79844357020734,-0.635658889108056,"2","3"
"82",-5,-1,-4,-4,-3,-2,-3,-3,-3,-3,-3,-3,2,0.182788027992781,-1.1421465767755,"2","3"
"83",-4,-2,-2,-5,-4,-2,-2,-5,-5,-3,-1,-5,1,1.75144722575821,0.98722861704643,"1","1"
"84",-5,-1,-3,-3,-4,-3,-2,-4,-4,-5,-3,-3,1,0.597915718013367,-0.0782516254754213,"1","1"
"85",-4,-4,-3,-3,-1,-4,-3,-3,-4,-3,-3,-1,2,-0.211753625257332,-2.04697562394386,"2","3"
"86",-5,-5,-5,-5,-1,-4,-2,-2,-3,-3,-1,-5,2,-1.87421262955557,-1.26878283920242,"2","3"
"87",-5,-3,-3,-5,-3,-5,-5,-4,-4,-3,-1,-5,3,-1.21282353849258,0.707830449628479,"3","2"
"88",-2,-1,-1,-5,-1,-5,-5,-5,-5,-1,-1,-2,1,1.64021180866223,-0.96176317590429,"1","3"
"89",-5,-2,-3,-5,-3,-5,-5,-3,-5,-5,-3,-5,3,-2.00183122193901,0.980528019401117,"3","2"
"90",-3,-3,-3,-2,-2,-5,-5,-1,-3,-5,-3,-5,2,-2.40375215593016,-3.34254830865714,"2","3"
"91",-3,-2,-1,-5,-4,-2,-1,-4,-3,-5,-1,-3,1,2.69282976230904,-0.796379177759204,"1","1"
"92",-5,-2,-2,-5,-5,-3,-2,-5,-5,-3,-2,-3,1,1.7932672944661,1.71280998683867,"1","1"
"93",-4,-1,-4,-5,-3,-4,-5,-4,-5,-5,-4,-5,3,-1.75788476240715,0.915148362244093,"3","2"
"94",-5,-4,-5,-5,-4,-5,-4,-5,-5,-5,-2,-5,3,-1.97630734195843,2.27503330624525,"3","2"
"95",-4,-4,-4,-4,-2,-3,-5,-4,-4,-5,-3,-4,3,-1.77353504072912,-0.39433434339246,"3","2"
"96",-4,-1,-2,-4,-3,-1,-4,-4,-5,-5,-3,-3,1,1.00925166331446,-0.158285122343175,"1","1"
"97",-5,-2,-3,-5,-5,-5,-5,-5,-5,-4,-3,-4,3,-0.802856093505564,2.27158682431978,"3","2"
"98",-5,-3,-5,-5,-4,-3,-2,-4,-4,-3,-1,-5,3,-0.156323047538828,0.782270177332806,"3","2"
"99",-5,-1,-4,-4,-2,-5,-5,-3,-3,-4,-3,-5,3,-2.32970801438526,-0.759285698734863,"3","3"
"100",-4,-1,-2,-5,-3,-4,-5,-4,-3,-4,-5,-4,3,-1.07135822649332,-0.21307889685844,"3","3"
"101",-4,-1,-2,-4,-4,-2,-2,-5,-4,-4,-2,-4,1,1.73986633414637,0.146455731396024,"1","1"
"102",-5,-1,-3,-4,-4,-3,-1,-4,-4,-4,-1,-2,1,2.02483015413223,0.06200693401605,"1","1"
"103",-5,-1,-4,-4,-3,-2,-2,-5,-5,-3,-2,-4,1,0.855523816899633,0.709307736740423,"1","1"
"104",-4,-1,-2,-5,-5,-3,-3,-5,-5,-3,-1,-2,1,2.592497617058,1.11581811721294,"1","1"
"105",-4,-1,-2,-4,-5,-2,-2,-4,-2,-4,-1,-4,1,2.01071352853531,-0.964213272979563,"1","1"
"106",-5,-3,-2,-3,-2,-2,-3,-2,-2,-3,-3,-2,2,0.290630163958381,-2.86778871952234,"2","3"
"107",-3,-2,-3,-4,-3,-1,-2,-3,-3,-2,-1,-2,1,2.47624951159739,-2.47847721372536,"1","3"
"108",-3,-1,-3,-5,-4,-2,-5,-4,-4,-5,-3,-5,3,-0.143841292338243,-0.00301818984512395,"3","2"
"109",-4,-4,-4,-4,-3,-3,-4,-3,-4,-1,-3,-4,2,-0.747494815024579,-1.09679206902243,"2","2"
"110",-4,-4,-4,-3,-2,-2,-2,-4,-4,-5,-2,-5,2,-0.627899230591639,-0.956172999813361,"2","3"
"111",-3,-1,-4,-4,-2,-1,-1,-2,-4,-5,-1,-4,2,1.24062027581766,-2.25520067574179,"2","1"
"112",-5,-2,-3,-5,-4,-4,-3,-4,-4,-3,-2,-2,1,0.791927831069921,0.597746977507167,"1","1"
"113",-3,-1,-2,-4,-4,-1,-1,-5,-5,-3,-1,-4,1,3.10761458786617,-0.162058710555295,"1","1"
"114",-5,-2,-4,-4,-3,-4,-4,-3,-3,-4,-2,-4,2,-1.08749712767,-0.695762419691306,"2","3"
"115",-5,-1,-4,-3,-5,-5,-5,-2,-5,-2,-1,-1,1,0.592245433865917,-0.594389794655186,"1","3"
"116",-5,-1,-1,-4,-5,-2,-2,-5,-5,-5,-2,-2,1,2.61368579592433,1.25698028005799,"1","1"
"117",-5,-3,-5,-2,-1,-4,-3,-3,-3,-3,-4,-5,2,-2.60394102741872,-2.06529801938002,"2","3"
"118",-5,-4,-4,-5,-5,-5,-4,-2,-5,-4,-1,-3,3,-0.68987743683876,0.791863518913793,"3","2"
"119",-5,-1,-1,-2,-2,-1,-4,-5,-4,-5,-1,-4,1,1.1807725764544,-0.873407892586044,"1","1"
"120",-5,-5,-3,-5,-5,-5,-3,-5,-5,-5,-3,-4,3,-1.00395897650004,2.45992848337899,"3","2"
"121",-4,-3,-5,-5,-2,-4,-5,-3,-3,-5,-2,-4,3,-2.04147252282753,-0.78607929451236,"3","2"
"122",-5,-4,-4,-5,-4,-3,-5,-2,-2,-4,-3,-4,2,-1.78490521248244,-0.872768234685219,"2","3"
"123",-5,-1,-2,-5,-5,-1,-3,-5,-4,-4,-3,-2,1,2.08406636715131,1.1071537769807,"1","1"
"124",-5,-3,-3,-5,-5,-2,-1,-3,-4,-1,-2,-3,1,1.83701911368794,0.020061584321579,"1","1"
"125",-3,-3,-1,-5,-5,-1,-1,-5,-5,-5,-1,-1,1,3.92201146165619,0.594263540683316,"1","1"
"126",-4,-2,-4,-4,-4,-1,-2,-2,-2,-4,-1,-1,2,1.95328485428441,-2.44626246333143,"2","3"
"127",-5,-2,-3,-3,-3,-4,-3,-4,-2,-4,-2,-4,2,-0.423856674451132,-1.16798691769593,"2","3"
"128",-4,-4,-4,-5,-5,-4,-3,-3,-3,-4,-3,-4,3,-0.815755167156311,-0.0588040509139523,"3","2"
"129",-3,-2,-2,-4,-2,-5,-5,-4,-4,-4,-2,-2,3,0.0862351508339745,-1.09282977337759,"3","3"
"130",-5,-2,-4,-4,-3,-4,-2,-2,-2,-3,-1,-4,2,-0.220342431075177,-1.80513251370328,"2","3"
"131",-5,-4,-4,-5,-2,-2,-2,-3,-3,-2,-1,-4,2,0.0856429231266116,-1.01994267558364,"2","3"
"132",-5,-5,-3,-5,-3,-2,-5,-2,-3,-5,-2,-4,2,-1.39024025153206,-0.73889084369002,"2","3"
"133",-3,-2,-4,-5,-4,-3,-3,-3,-5,-4,-2,-4,1,0.363737872924936,-0.128435733864592,"1","1"
"134",-4,-4,-4,-5,-3,-2,-5,-1,-1,-5,-3,-4,2,-1.83210116429547,-2.51422788228351,"2","3"
"135",-4,-5,-4,-3,-3,-4,-2,-3,-4,-3,-1,-2,2,0.292326475150347,-1.42328278362745,"2","3"
"136",-5,-4,-4,-4,-4,-3,-3,-3,-2,-3,-2,-4,2,-0.608376276120745,-1.0474166937266,"2","3"
"137",-5,-5,-5,-3,-2,-4,-5,-3,-3,-3,-4,-4,3,-3.05072850527361,-1.32343051912811,"3","3"
"138",-5,-4,-4,-5,-5,-4,-1,-5,-5,-2,-1,-4,1,0.870600224201928,1.86152980106112,"1","1"
"139",-5,-5,-4,-5,-3,-5,-5,-4,-4,-4,-1,-3,3,-1.45648428608373,0.763773787897053,"3","2"
"140",-5,-2,-5,-5,-3,-5,-2,-4,-4,-3,-1,-5,3,-0.750134582128533,0.691990060160651,"3","2"
"141",-4,-2,-2,-5,-5,-3,-5,-2,-1,-5,-3,-2,2,0.186162413629642,-1.66863136960454,"2","3"
"142",-4,-5,-5,-3,-3,-5,-3,-2,-2,-4,-1,-3,2,-1.37154181360539,-2.40565663825339,"2","3"
"143",-5,-1,-1,-5,-5,-2,-5,-3,-2,-4,-1,-3,1,1.41548962136306,-0.594916669154307,"1","3"
"144",-4,-4,-4,-5,-3,-3,-2,-3,-4,-3,-1,-4,2,0.170895253534369,-0.51312550155297,"2","2"
"145",-5,-5,-5,-5,-3,-3,-3,-4,-4,-4,-3,-4,3,-1.55345457228331,0.698597592734416,"3","2"
"146",-5,-3,-2,-2,-1,-2,-4,-3,-5,-3,-2,-3,2,0.0622526331366593,-1.73144365353675,"2","3"
"147",-3,-1,-2,-5,-2,-3,-5,-4,-5,-4,-1,-3,1,0.946330256290899,-0.416885952015483,"1","1"
"148",-5,-5,-5,-5,-3,-3,-4,-3,-4,-3,-2,-4,3,-1.51188029426702,0.085106464639029,"3","2"
"149",-3,-3,-3,-4,-2,-5,-4,-3,-4,-5,-3,-3,3,-1.08046169050179,-1.26263273658734,"3","3"
"150",-5,-4,-3,-5,-4,-5,-3,-3,-4,-5,-3,-4,3,-1.34368696969101,0.765856847874768,"3","2"
"151",-5,-1,-5,-5,-5,-5,-5,-5,-1,-5,-3,-5,3,-1.99142425861423,0.73882156997907,"3","3"
"152",-4,-2,-4,-5,-5,-1,-1,-4,-5,-2,-1,-2,1,2.94233323780923,0.363969544437095,"1","1"
"153",-5,-3,-4,-5,-5,-4,-3,-4,-4,-5,-3,-4,3,-0.80671630685628,1.40500358470393,"3","2"
"154",-3,-3,-3,-3,-2,-2,-2,-5,-5,-4,-3,-3,1,0.855230310685155,-0.825962677007296,"1","1"
"155",-4,-4,-4,-4,-2,-4,-5,-4,-5,-5,-2,-4,3,-1.68620196257879,0.124648964360671,"3","2"
"156",-4,-5,-5,-5,-1,-5,-1,-1,-1,-4,-1,-3,2,-1.38663077001379,-3.03112202015927,"2","3"
"157",-4,-2,-3,-4,-2,-2,-3,-3,-3,-3,-3,-3,2,0.309447728539379,-1.88653133052997,"2","3"
"158",-5,-1,-4,-5,-4,-3,-1,-5,-5,-4,-2,-4,1,0.946792589941186,1.6573890452036,"1","1"
"159",-5,-3,-3,-5,-2,-3,-1,-3,-3,-3,-2,-1,2,1.14926590434192,-1.0792918314384,"2","3"
"160",-5,-1,-2,-5,-5,-3,-3,-5,-5,-3,-2,-3,1,1.70826957496165,1.69756415972468,"1","1"
"161",-4,-1,-2,-5,-5,-2,-2,-4,-1,-5,-2,-2,1,2.15378800731635,-0.969680657466095,"1","1"
"162",-4,-2,-4,-4,-1,-2,-2,-2,-2,-2,-1,-3,2,0.64376871518314,-3.26651323105824,"2","3"
"163",-2,-2,-2,-2,-2,-2,-5,-5,-5,-5,-3,-3,1,0.562232381503203,-1.61831729300677,"1","1"
"164",-5,-5,-5,-4,-4,-4,-5,-3,-3,-4,-5,-4,3,-3.05241627115662,-0.149274790082403,"3","2"
"165",-4,-3,-5,-4,-4,-3,-3,-4,-4,-4,-2,-2,1,0.293196961709605,-0.192115079982492,"1","1"
"166",-4,-1,-2,-4,-5,-1,-1,-5,-5,-4,-1,-1,1,3.92346924301318,0.453826968756353,"1","1"
"167",-5,-3,-3,-5,-4,-3,-2,-5,-5,-4,-1,-2,1,1.51769553644879,1.49878844748013,"1","1"
"168",-5,-3,-4,-5,-5,-4,-3,-3,-4,-5,-1,-4,3,-0.315083741888419,0.861582313697153,"3","2"
"169",-5,-3,-5,-4,-2,-4,-4,-3,-3,-2,-2,-3,2,-1.19855989580336,-1.2479293190035,"2","2"
"170",-4,-5,-5,-5,-4,-3,-3,-3,-2,-3,-2,-4,2,-0.881548284326428,-0.99689327870694,"2","3"
"171",-5,-1,-2,-5,-5,-4,-3,-5,-5,-4,-3,-3,1,0.948027985624136,1.97407561539685,"1","1"
"172",-3,-5,-3,-3,-2,-3,-5,-5,-5,-3,-2,-3,3,-0.284387967690544,-0.760775185535033,"3","2"
"173",-4,-1,-4,-5,-2,-3,-3,-3,-3,-4,-2,-4,2,-0.250225589451423,-1.15731362316249,"2","3"
"174",-5,-4,-4,-5,-5,-5,-5,-4,-4,-5,-4,-3,3,-1.8856278921451,1.53856121494658,"3","2"
"175",-5,-5,-3,-5,-2,-5,-5,-4,-4,-2,-3,-5,3,-2.32612325415851,0.440209247269072,"3","3"
"176",-5,-3,-3,-5,-5,-3,-3,-5,-5,-2,-2,-4,1,0.789344894754942,1.75494550300974,"1","1"
"177",-5,-1,-2,-4,-2,-5,-1,-4,-5,-4,-2,-3,1,0.74074427795467,0.253568513809432,"1","1"
"178",-5,-1,-1,-4,-4,-3,-3,-5,-4,-5,-2,-1,1,2.06392947418457,0.574832886791806,"1","1"
"179",-5,-5,-4,-4,-1,-4,-4,-2,-2,-4,-4,-5,2,-3.32480884573258,-1.91621564790896,"2","3"
"180",-5,-5,-5,-5,-5,-5,-5,-5,-5,-5,-1,-4,3,-1.62021170551416,2.48559380546231,"3","2"
"181",-3,-3,-4,-4,-2,-3,-5,-5,-3,-4,-1,-3,3,-0.144421093261776,-1.14979537440616,"3","3"
"182",-5,-5,-5,-5,-5,-5,-5,-5,-5,-5,-5,-5,3,-3.19456603766763,2.72279515252532,"3","2"
"183",-5,-2,-5,-5,-5,-3,-3,-5,-1,-3,-2,-5,2,-0.399223270353722,0.22218024866903,"2","3"
"184",-5,-5,-5,-5,-3,-5,-5,-5,-5,-5,-3,-5,3,-3.02217129635739,2.07936898642991,"3","2"
"185",-5,-1,-3,-5,-4,-3,-3,-5,-5,-4,-2,-5,1,0.342213784249953,1.74181321148454,"1","1"
"186",-5,-1,-3,-5,-2,-3,-2,-4,-4,-5,-3,-4,1,-0.145687451320019,0.326040031097155,"1","1"
"187",-4,-5,-1,-5,-3,-1,-5,-1,-1,-3,-4,-5,2,-1.11434150298306,-2.82507313922242,"2","3"
"188",-4,-4,-2,-3,-1,-1,-4,-1,-1,-3,-1,-2,2,0.513462986815452,-4.66174539099505,"2","3"
"189",-5,-1,-3,-5,-5,-3,-2,-5,-5,-4,-2,-4,1,1.19528140363108,1.92399794136903,"1","1"
"190",-5,-3,-2,-5,-3,-5,-5,-3,-4,-5,-1,-5,3,-1.33853660195231,0.457920635934831,"3","2"
"191",-5,-5,-5,-5,-1,-3,-5,-3,-3,-5,-3,-5,3,-3.28479644580856,-0.535791875226333,"3","2"
"192",-5,-3,-3,-5,-3,-2,-3,-4,-5,-4,-3,-4,1,-0.127228212207253,0.897612278617261,"1","1"
"193",-5,-4,-5,-5,-3,-4,-3,-4,-5,-4,-3,-2,3,-0.902928188042455,1.05521706608581,"3","2"
"194",-5,-1,-3,-5,-5,-3,-3,-5,-5,-3,-3,-3,1,1.07595858443649,1.76980119917639,"1","1"
"195",-5,-1,-2,-5,-3,-2,-2,-4,-5,-4,-1,-4,1,1.53886647394856,0.705216411739497,"1","1"
"196",-5,-4,-3,-4,-3,-4,-5,-2,-4,-3,-1,-5,3,-1.41321221637414,-0.74985731906951,"3","2"
"197",-5,-3,-3,-4,-2,-5,-5,-2,-4,-5,-3,-5,3,-2.65491001590678,-0.62542907000119,"3","2"
"198",-5,-2,-4,-3,-3,-2,-4,-4,-5,-5,-2,-4,3,-0.417745714677917,0.116483878538823,"3","2"
"199",-5,-1,-2,-3,-2,-5,-5,-3,-3,-4,-3,-3,2,-1.04369802467502,-1.43900317015909,"2","3"
"200",-3,-1,-3,-4,-1,-2,-2,-3,-2,-3,-3,-5,2,0.108815198715599,-2.95506451025897,"2","3"
"201",-4,-1,-3,-4,-4,-4,-4,-4,-4,-4,-2,-4,3,0.111302304308258,-0.0266511494611702,"3","2"
"202",-5,-4,-4,-5,-5,-2,-1,-4,-3,-3,-1,-3,1,1.35983086529843,0.321486354591856,"1","1"
"203",-5,-4,-5,-5,-5,-5,-5,-2,-3,-3,-2,-5,3,-2.25740093365414,0.0350550395786853,"3","3"
"204",-5,-5,-5,-5,-5,-4,-3,-4,-4,-3,-2,-3,3,-0.594794100122209,1.13039121714338,"3","2"
"205",-3,-1,-1,-5,-5,-2,-2,-5,-5,-4,-2,-3,1,2.94487077463133,0.740461609470516,"1","1"
"206",-5,-1,-2,-5,-3,-1,-4,-5,-5,-3,-2,-3,1,1.5429613537149,0.922265047108965,"1","1"
"207",-5,-2,-3,-5,-3,-3,-5,-5,-5,-5,-2,-5,3,-0.848841495557723,1.6504844538967,"3","2"
"208",-4,-3,-2,-5,-5,-2,-3,-5,-5,-4,-2,-3,1,1.65799766243352,1.31567078728676,"1","1"
"209",-5,-5,-4,-5,-5,-3,-4,-5,-5,-3,-2,-3,3,-0.0826761267733358,1.91214857895178,"3","2"
"210",-5,-1,-3,-5,-3,-3,-3,-4,-4,-2,-1,-4,1,0.878618226125161,0.173666144801664,"1","1"
"211",-3,-3,-3,-5,-3,-3,-4,-5,-5,-4,-3,-4,3,-0.100366072587218,0.575699602412668,"3","2"
"212",-5,-3,-3,-4,-4,-4,-5,-4,-3,-3,-2,-4,3,-0.762987298097722,-0.0553621289629549,"3","2"
"213",-5,-1,-5,-5,-4,-4,-2,-3,-2,-2,-1,-3,2,0.533242791589329,-0.819285618799096,"2","1"
"214",-5,-5,-5,-5,-4,-2,-1,-5,-5,-2,-1,-4,1,0.693590793477594,1.41888940707932,"1","1"
"215",-5,-5,-4,-5,-3,-2,-1,-5,-5,-3,-2,-5,1,-0.00982169672416433,1.34934334130097,"1","1"
"216",-5,-4,-4,-5,-4,-5,-5,-5,-2,-5,-5,-5,3,-3.0871220218956,1.03956235669719,"3","2"
"217",-5,-1,-1,-5,-5,-2,-3,-4,-5,-5,-1,-2,1,2.51506233326872,1.21248733040264,"1","1"
"218",-5,-4,-4,-5,-5,-4,-3,-5,-5,-3,-2,-5,3,-0.524760807342161,2.14366233194158,"3","2"
"219",-5,-4,-4,-5,-3,-5,-3,-5,-5,-5,-2,-5,3,-1.58198360679625,1.94048756215588,"3","2"
"220",-5,-3,-5,-5,-5,-4,-2,-2,-2,-2,-2,-3,2,-0.108385619647555,-0.899699216411809,"2","3"
"221",-5,-5,-4,-5,-5,-5,-3,-5,-5,-5,-2,-2,3,-0.35298959931299,2.28737452164315,"3","2"
"222",-5,-2,-2,-5,-5,-4,-4,-5,-5,-4,-3,-4,3,0.107040625011319,2.10771403275375,"3","2"
"223",-3,-5,-5,-5,-5,-3,-1,-2,-1,-2,-1,-2,2,1.11437255146661,-2.45042321728698,"2","3"
"224",-5,-1,-2,-5,-5,-1,-5,-5,-2,-3,-1,-4,1,1.47303848687919,0.218703879783834,"1","1"
"225",-5,-1,-3,-4,-4,-2,-1,-5,-5,-5,-4,-2,1,1.42198127561015,1.10087703883401,"1","1"
"226",-3,-2,-2,-5,-5,-2,-2,-5,-5,-2,-2,-2,1,3.05851535194197,0.471739177716284,"1","1"
"227",-5,-3,-4,-5,-3,-5,-5,-4,-5,-5,-4,-5,3,-2.71659243190947,1.55202777856354,"3","2"
"228",-5,-4,-5,-5,-2,-5,-3,-5,-5,-3,-1,-2,3,-0.508043636640832,1.14941959746245,"3","2"
"229",-3,-1,-1,-5,-1,-1,-4,-3,-1,-5,-1,-1,2,2.02603210038277,-3.26456284409466,"2","3"
"230",-3,-3,-3,-3,-3,-3,-3,-3,-3,-3,-3,-3,2,0.254976712981441,-2.36081406346416,"2","3"
"231",-5,-5,-4,-5,-5,-4,-1,-4,-5,-3,-1,-4,1,0.369325034968162,1.55249576586507,"1","1"
"232",-4,-1,-2,-3,-3,-3,-3,-4,-4,-5,-3,-3,1,0.639577699055508,-0.837882206343875,"1","1"
"233",-5,-4,-2,-5,-4,-3,-2,-4,-5,-1,-1,-3,1,1.64097609519485,0.738027572834941,"1","1"
"234",-5,-3,-3,-5,-5,-4,-2,-2,-2,-2,-1,-3,2,0.845331645303647,-1.00590467982549,"2","3"
"235",-5,-2,-3,-5,-5,-3,-3,-4,-4,-3,-2,-2,1,1.30750081442462,0.768419930030509,"1","1"
"236",-4,-2,-3,-5,-4,-2,-2,-5,-5,-4,-4,-4,1,0.669591035464091,1.17734732752141,"1","1"
"237",-4,-1,-1,-5,-5,-4,-2,-5,-5,-5,-2,-3,1,1.962080405242,1.55082650660552,"1","1"
"238",-5,-4,-4,-4,-3,-3,-4,-4,-4,-4,-2,-3,3,-0.693679328161421,0.0834609877724523,"3","2"
"239",-5,-3,-3,-5,-4,-2,-2,-5,-5,-5,-2,-5,1,0.346978819661723,1.80213752839515,"1","1"
"240",-5,-4,-3,-4,-2,-1,-5,-3,-3,-4,-2,-5,2,-1.17181573224438,-1.18547275927476,"2","3"
"241",-5,-3,-2,-5,-2,-2,-4,-3,-5,-5,-1,-2,1,0.666478175748772,0.0111285235997465,"1","1"
"242",-5,-3,-5,-4,-5,-4,-5,-5,-5,-4,-3,-3,3,-1.05496811802145,1.73147709849626,"3","2"
"243",-4,-3,-3,-5,-4,-1,-2,-3,-4,-5,-2,-2,1,1.54499098466095,-0.400613672132352,"1","1"
"244",-5,-4,-3,-5,-4,-5,-3,-5,-5,-4,-3,-4,3,-0.857567999940653,2.01863401098979,"3","2"
"245",-5,-5,-4,-5,-4,-5,-5,-3,-3,-4,-4,-4,3,-2.69269742388636,0.334786538792738,"3","2"
"246",-5,-4,-4,-5,-2,-5,-3,-5,-5,-5,-3,-5,3,-2.11759566833937,1.69531171008767,"3","2"
"247",-4,-3,-3,-5,-5,-3,-2,-5,-5,-5,-1,-1,1,2.15725497256232,1.3642268131639,"1","1"
"248",-4,-1,-1,-5,-5,-3,-1,-3,-4,-3,-2,-4,1,2.20913011780858,-0.124142114452938,"1","1"
"249",-4,-1,-4,-5,-2,-3,-3,-4,-1,-5,-5,-5,2,-1.67655757352688,-1.25498634283066,"2","3"
"250",-3,-3,-4,-5,-2,-1,-1,-3,-3,-1,-1,-2,2,2.1918783412153,-2.39465190206293,"2","3"
"251",-5,-4,-4,-4,-2,-5,-5,-5,-5,-4,-2,-5,3,-2.26174282392864,1.12231062129677,"3","2"
"252",-5,-3,-4,-5,-4,-2,-2,-3,-3,-2,-1,-3,2,1.07842016844728,-0.569559305255177,"2","1"
"253",-5,-4,-4,-5,-3,-3,-4,-4,-4,-4,-1,-4,3,-0.695236585163482,0.572846110678969,"3","2"
"254",-5,-3,-3,-4,-4,-2,-3,-4,-4,-3,-2,-2,1,1.14275852555983,-0.0389442261708745,"1","1"
"255",-5,-2,-4,-5,-5,-3,-3,-5,-5,-4,-1,-2,1,1.33599888796229,1.80095551188607,"1","1"
"256",-4,-2,-4,-4,-4,-4,-3,-4,-4,-3,-2,-4,3,0.0333649847143677,-0.102908223533016,"3","2"
"257",-5,-2,-4,-5,-5,-3,-2,-5,-5,-3,-2,-5,1,0.488983810100063,1.94900060497066,"1","1"
"258",-5,-1,-1,-5,-4,-5,-4,-5,-5,-4,-3,-1,1,1.11770740602929,1.61831332127293,"1","1"
"259",-5,-3,-5,-3,-4,-2,-5,-5,-4,-4,-4,-2,3,-0.763680930603897,0.288624069754285,"3","2"
"260",-5,-5,-5,-5,-1,-4,-4,-1,-1,-3,-4,-5,2,-3.66694125736741,-2.4755561440381,"2","3"
"261",-5,-2,-2,-4,-3,-4,-2,-2,-3,-2,-2,-3,2,0.668066104724355,-1.59991854818104,"2","3"
"262",-5,-2,-2,-5,-4,-2,-5,-5,-5,-4,-2,-3,1,0.808079933064671,1.49346388710222,"1","1"
"263",-5,-5,-5,-5,-3,-1,-3,-5,-5,-5,-1,-5,3,-0.641649700156063,1.51747999017306,"3","1"
"264",-3,-2,-4,-1,-3,-5,-4,-4,-5,-5,-1,-4,3,-0.530809185141988,-1.38922498226748,"3","3"
"265",-5,-1,-3,-4,-2,-4,-5,-5,-2,-5,-4,-5,3,-1.99375231897647,-0.252998025247594,"3","3"
"266",-5,-3,-4,-5,-4,-1,-1,-5,-5,-3,-1,-1,1,2.56485204710896,1.08048277855159,"1","1"
"267",-5,-1,-3,-5,-4,-1,-3,-3,-3,-3,-4,-5,2,0.0656651288162325,-0.355392809224087,"2","1"
"268",-5,-1,-3,-5,-4,-3,-1,-4,-4,-2,-1,-4,1,1.69857518392945,0.422844907220739,"1","1"
"269",-5,-1,-1,-5,-5,-2,-4,-5,-4,-4,-1,-4,1,1.77732069417079,1.29480625985136,"1","1"
"270",-5,-3,-1,-5,-5,-2,-1,-5,-5,-2,-1,-1,1,3.62138381324808,1.24932216411047,"1","1"
"271",-5,-1,-1,-5,-3,-4,-1,-5,-5,-5,-1,-1,1,2.54007831390698,1.21963287514033,"1","1"
"272",-4,-5,-5,-3,-2,-3,-2,-3,-3,-2,-1,-3,2,-0.202479739200183,-2.27135519051009,"2","3"
"273",-3,-3,-4,-3,-3,-3,-2,-2,-4,-3,-1,-5,2,0.128650874151346,-2.2746655846621,"2","3"
"274",-5,-4,-4,-5,-4,-5,-3,-4,-5,-5,-3,-5,3,-1.79835784468175,1.7953166051763,"3","2"
"275",-5,-4,-4,-4,-3,-4,-5,-2,-2,-3,-1,-3,2,-1.20773555521001,-1.77310348173212,"2","3"
"276",-5,-4,-4,-5,-4,-5,-3,-4,-3,-3,-1,-3,3,-0.332723006237955,0.410622137276637,"3","2"
"277",-5,-4,-4,-5,-5,-5,-5,-5,-5,-5,-4,-5,3,-2.34962796046678,2.61817943339018,"3","2"
"278",-4,-1,-3,-4,-1,-2,-5,-4,-3,-3,-2,-4,2,-0.1875360270167,-1.65534646299091,"2","3"
"279",-4,-2,-3,-5,-4,-3,-2,-3,-5,-3,-1,-3,1,1.54029251447467,0.0319467057803932,"1","1"
"280",-5,-5,-5,-5,-1,-5,-5,-3,-3,-3,-1,-5,3,-2.92777581877632,-0.63772872643219,"3","3"
"281",-5,-3,-4,-4,-5,-5,-3,-2,-1,-1,-4,-3,2,-0.924375480800608,-1.74070462843852,"2","3"
"282",-5,-1,-3,-5,-5,-3,-4,-5,-5,-3,-2,-4,1,0.758503026598482,1.83279232136012,"1","1"
"283",-5,-2,-4,-5,-2,-3,-4,-5,-5,-3,-4,-5,3,-1.40219727079047,1.20947013841515,"3","2"
"284",-5,-5,-5,-5,-4,-2,-3,-3,-5,-3,-4,-4,3,-1.25319793696852,0.75966420378068,"3","2"
"285",-4,-1,-2,-5,-5,-2,-3,-5,-5,-5,-1,-2,1,2.56642078431331,1.25398925247392,"1","1"
"286",-3,-2,-4,-5,-4,-2,-2,-3,-2,-5,-1,-5,2,0.572044330144527,-1.42045173133135,"2","3"
"287",-5,-2,-3,-5,-5,-3,-2,-4,-4,-3,-2,-4,1,0.943654685090802,0.919540847669121,"1","1"
"288",-4,-1,-2,-4,-3,-3,-4,-4,-4,-5,-2,-4,1,0.340395635873302,-0.331364230867915,"1","1"
"289",-5,-5,-4,-5,-5,-4,-5,-3,-3,-4,-2,-2,3,-0.893844072819456,0.260668490128532,"3","3"
"290",-5,-3,-4,-5,-3,-3,-3,-4,-5,-5,-1,-5,3,-0.606897395430421,1.17741319688618,"3","2"
"291",-5,-4,-5,-5,-5,-4,-5,-3,-3,-3,-3,-3,3,-1.48579220909822,0.25918240985304,"3","3"
"292",-5,-4,-5,-4,-4,-2,-4,-5,-4,-3,-1,-2,1,0.430775667181417,0.507119578543469,"1","1"
"293",-5,-2,-1,-5,-3,-3,-5,-2,-2,-2,-5,-2,2,-0.263535587325832,-1.66553452302011,"2","3"
"294",-5,-3,-1,-5,-5,-1,-2,-5,-5,-3,-2,-3,1,2.48377775803785,1.4856772124909,"1","1"
"295",-4,-2,-2,-5,-5,-3,-2,-5,-5,-3,-3,-3,1,1.72495043660723,1.29172806041045,"1","1"
"296",-5,-4,-5,-5,-2,-1,-5,-3,-4,-4,-1,-1,2,-0.0952141993517108,-0.604304805756187,"2","1"
"297",-5,-5,-4,-5,-3,-4,-5,-3,-3,-4,-2,-3,3,-1.67399423146444,-0.222093559883362,"3","2"
"298",-5,-5,-4,-5,-3,-4,-1,-3,-5,-5,-1,-3,3,-0.196473526048626,0.685538555913439,"3","2"
"299",-5,-2,-2,-5,-1,-2,-5,-5,-5,-5,-3,-4,3,-0.666153522451127,0.890997310169912,"3","2"
"300",-5,-1,-2,-5,-5,-1,-3,-5,-5,-5,-1,-2,1,2.61469856398376,1.60056827935727,"1","1"
"301",-4,-2,-2,-4,-4,-4,-5,-3,-3,-5,-1,-2,2,0.538890234971571,-1.00352354995581,"2","3"
"302",-5,-5,-5,-5,-1,-4,-5,-1,-1,-4,-5,-5,2,-4.43394201497437,-2.29468335083111,"2","3"
"303",-3,-1,-2,-5,-3,-5,-2,-4,-4,-3,-2,-3,1,1.26245326372061,-0.490980129962927,"1","1"
"304",-4,-2,-5,-4,-3,-1,-2,-5,-5,-4,-1,-1,1,1.99958383599122,0.0383548377792036,"1","1"
"305",-4,-1,-2,-5,-4,-1,-1,-5,-2,-1,-1,-1,1,3.99056709832236,-1.09594584557755,"1","1"
"306",-4,-1,-3,-5,-3,-5,-4,-2,-1,-1,-1,-5,2,-0.392649964411885,-2.35156225920074,"2","3"
"307",-5,-3,-4,-5,-3,-4,-3,-2,-1,-3,-2,-5,2,-1.42125501309322,-1.63417903577266,"2","3"
"308",-5,-1,-1,-5,-2,-3,-1,-5,-5,-5,-3,-4,1,0.992220770904489,1.15233477883932,"1","1"
"309",-5,-5,-5,-5,-5,-2,-1,-5,-5,-3,-1,-3,1,1.09056237135088,1.74367831468106,"1","1"
"310",-5,-3,-3,-4,-2,-5,-3,-2,-5,-2,-3,-5,3,-1.5169526976015,-0.591628342375219,"3","3"
"311",-5,-4,-4,-5,-5,-2,-3,-5,-5,-4,-2,-3,1,0.559970168665504,1.87533685681209,"1","1"
"312",-5,-2,-5,-5,-3,-3,-5,-3,-2,-5,-5,-4,3,-2.55586845929665,-0.5181090414935,"3","3"
"313",-5,-4,-4,-5,-4,-2,-2,-2,-2,-3,-2,-2,2,0.529681730909477,-1.36893201827377,"2","3"
"314",-5,-1,-4,-4,-5,-3,-4,-5,-5,-3,-2,-3,1,0.749558725273626,1.33910700692582,"1","1"
"315",-5,-2,-4,-5,-3,-3,-4,-5,-5,-2,-2,-4,3,-0.0664737900635548,1.20677916474179,"3","2"
"316",-4,-3,-2,-5,-2,-5,-3,-4,-4,-4,-4,-4,3,-1.03873705477808,0.0529515975647081,"3","2"
"317",-4,-2,-2,-5,-4,-4,-4,-5,-5,-4,-2,-3,1,0.76656132166367,1.24252352268404,"1","1"
"318",-5,-2,-2,-5,-3,-3,-5,-3,-2,-4,-3,-3,2,-0.480633500735613,-0.90614975461072,"2","3"
"319",-5,-1,-2,-5,-5,-3,-3,-5,-5,-5,-3,-4,1,0.749686920450159,2.07090231061406,"1","1"
"320",-5,-1,-2,-5,-5,-1,-2,-5,-3,-3,-2,-4,1,2.12230218928241,0.650054345773511,"1","1"
"321",-5,-5,-4,-5,-4,-3,-1,-5,-5,-2,-1,-2,1,1.3856023655069,1.32943872794392,"1","1"
"322",-5,-1,-4,-2,-3,-4,-3,-2,-2,-4,-3,-4,2,-1.12216780741717,-2.50542349127445,"2","3"
"323",-5,-2,-4,-3,-2,-1,-4,-1,-1,-4,-4,-5,2,-1.8053676883775,-3.42311306603292,"2","3"
"324",-5,-1,-5,-2,-2,-1,-5,-2,-2,-5,-3,-4,2,-1.5494053612431,-2.93347704968761,"2","3"
"325",-5,-5,-5,-5,-2,-5,-4,-3,-3,-3,-4,-5,3,-3.33815781544954,-0.256611264974433,"3","3"
"326",-5,-2,-4,-5,-4,-5,-5,-3,-3,-5,-2,-5,3,-1.92221343474572,0.37071147901478,"3","2"
"327",-5,-1,-4,-5,-3,-1,-3,-5,-5,-5,-2,-5,1,0.219360204873614,1.39226546296711,"1","1"
"328",-5,-1,-2,-5,-5,-3,-2,-5,-5,-3,-3,-2,1,2.02572513279965,1.63457303754096,"1","1"
"329",-4,-3,-3,-4,-3,-5,-4,-3,-5,-5,-1,-4,3,-0.739974238894874,-0.0677676647786192,"3","2"
"330",-5,-2,-4,-5,-4,-5,-3,-4,-4,-1,-3,-5,3,-0.806512729981496,0.784193537009979,"3","2"
"331",-5,-3,-4,-5,-5,-2,-4,-5,-3,-3,-2,-2,1,0.829591152321923,0.761532003029755,"1","1"
"332",-5,-5,-5,-5,-3,-1,-3,-4,-4,-4,-1,-2,1,0.311557071250292,0.228263561477631,"1","1"
"333",-5,-3,-4,-5,-3,-4,-4,-5,-5,-4,-3,-5,3,-1.52854916916143,1.72526751034922,"3","2"
"334",-5,-4,-3,-4,-3,-2,-1,-5,-4,-2,-1,-4,1,1.23875558894366,0.147122150413502,"1","1"
"335",-5,-1,-5,-4,-3,-4,-3,-5,-5,-4,-2,-4,3,-0.503709774855642,1.11142336848887,"3","2"
"336",-5,-4,-2,-5,-5,-2,-4,-5,-5,-4,-2,-4,1,0.574422443580456,1.90865974656163,"1","1"
"337",-5,-5,-5,-5,-4,-2,-1,-4,-4,-5,-1,-5,3,-0.310029247454751,0.968065819391209,"3","1"
"338",-2,-1,-1,-3,-3,-1,-1,-4,-4,-2,-1,-1,1,4.38183465183902,-2.67156542598085,"1","1"
"339",-5,-3,-3,-5,-5,-5,-4,-5,-5,-4,-4,-5,3,-1.35949855785721,2.40922815202754,"3","2"
"340",-4,-3,-3,-5,-3,-5,-2,-2,-2,-4,-2,-3,2,-0.280208012009313,-1.63016137603941,"2","3"
"341",-5,-5,-5,-5,-5,-1,-1,-5,-5,-3,-1,-5,1,0.719957073747616,1.79916056985449,"1","1"
"342",-5,-3,-5,-4,-4,-2,-5,-5,-3,-4,-1,-5,3,-0.872193690883577,0.425245323681106,"3","3"
"343",-5,-3,-3,-4,-4,-3,-3,-4,-4,-4,-2,-2,1,0.693421652321436,0.199298614011545,"1","1"
"344",-5,-1,-1,-4,-3,-3,-2,-5,-5,-5,-4,-4,1,0.590125099413423,1.04765386116424,"1","1"
"345",-4,-2,-2,-4,-4,-3,-3,-4,-3,-3,-2,-4,1,0.899749171515245,-0.728096994699826,"1","1"
"346",-5,-4,-5,-4,-4,-2,-3,-5,-5,-3,-3,-3,3,-0.156850426631763,1.09513125026581,"3","2"
"347",-5,-5,-4,-3,-1,-5,-5,-2,-1,-3,-4,-5,2,-3.84039554911343,-2.79978986695319,"2","3"
"348",-4,-2,-4,-4,-3,-1,-2,-4,-3,-3,-1,-4,1,1.22249007531983,-1.22454911246228,"1","1"
"349",-5,-4,-4,-3,-2,-5,-5,-3,-2,-3,-3,-5,3,-2.89468553370233,-1.67562824633286,"3","3"
"350",-2,-2,-2,-4,-4,-4,-1,-3,-3,-2,-2,-3,1,2.04833869829963,-2.24477451891914,"1","3"
"351",-5,-3,-3,-5,-5,-2,-2,-3,-3,-2,-1,-3,1,1.62453378831732,-0.320083261659183,"1","1"
"352",-5,-1,-3,-5,-5,-3,-2,-3,-2,-5,-3,-4,2,0.263669717857801,-0.179471422672763,"2","3"
"353",-5,-4,-5,-5,-4,-4,-2,-2,-3,-1,-1,-3,2,-0.00905010037852991,-0.870024536715626,"2","3"
"354",-5,-2,-3,-4,-2,-4,-4,-4,-4,-4,-2,-4,3,-0.793327331495681,-0.101810862975691,"3","2"
"355",-4,-2,-1,-5,-2,-1,-3,-3,-3,-1,-1,-1,1,2.86162224832555,-2.11944649167943,"1","3"
"356",-4,-2,-2,-5,-3,-4,-2,-5,-4,-5,-3,-3,1,0.600433637191246,0.644072882416486,"1","1"
"357",-5,-1,-1,-5,-5,-5,-1,-5,-5,-5,-1,-2,1,2.3678918991273,1.98342021039489,"1","1"
"358",-5,-1,-3,-5,-5,-5,-1,-5,-5,-3,-1,-3,1,1.71128635317363,1.88454129312725,"1","1"
"359",-5,-3,-3,-5,-3,-2,-4,-5,-5,-4,-2,-3,1,0.346964032699087,1.25923367062021,"1","1"
"360",-4,-5,-4,-5,-5,-2,-3,-5,-3,-5,-1,-2,1,0.938511888834673,0.562480002715061,"1","1"
"361",-5,-2,-3,-5,-5,-3,-2,-2,-2,-1,-5,-2,2,0.594412208578221,-1.20757862283638,"2","3"
"362",-5,-5,-5,-5,-1,-5,-5,-5,-5,-5,-5,-5,3,-4.09339541944363,1.58901728229348,"3","2"
"363",-5,-1,-3,-4,-5,-2,-3,-5,-5,-2,-1,-3,1,2.12883139521732,1.01149427472225,"1","1"
"364",-2,-1,-1,-5,-3,-1,-1,-1,-3,-1,-1,-3,2,3.4575573393113,-3.58686180262624,"2","3"
"365",-5,-3,-3,-4,-2,-3,-5,-3,-3,-4,-2,-5,2,-1.54091992139008,-0.99230840888895,"2","3"
"366",-5,-4,-3,-4,-4,-3,-2,-4,-4,-4,-1,-2,1,1.08932408792501,0.176275825635787,"1","1"
"367",-5,-5,-5,-5,-4,-1,-3,-5,-5,-4,-1,-1,1,1.06447075164356,1.33894559216711,"1","1"
"368",-5,-5,-5,-3,-1,-3,-4,-1,-1,-3,-2,-4,2,-2.46007770881308,-3.63604548174071,"2","3"
"369",-5,-1,-5,-5,-4,-3,-1,-3,-3,-3,-1,-2,1,1.36129146807136,-0.463365138151125,"1","1"
"370",-3,-1,-2,-2,-2,-2,-5,-4,-1,-5,-2,-4,2,0.113087991202804,-3.39029283401827,"2","3"
"371",-5,-1,-3,-5,-1,-2,-3,-5,-5,-5,-1,-4,1,0.442126334357059,0.781784118330068,"1","1"
"372",-5,-1,-2,-5,-5,-5,-5,-5,-5,-5,-2,-5,3,-0.447124719389387,2.37656931543646,"3","2"
"373",-5,-5,-5,-5,-5,-5,-5,-5,-5,-5,-3,-5,3,-2.57275660546939,2.64625792154583,"3","2"
"374",-4,-4,-5,-4,-1,-1,-1,-4,-5,-4,-1,-1,1,1.2923629107016,-0.947793630566582,"1","1"
"375",-5,-4,-5,-5,-5,-5,-5,-5,-5,-5,-1,-5,3,-1.73832008659545,2.53734201088291,"3","2"
"376",-4,-1,-4,-4,-2,-3,-3,-4,-4,-4,-1,-1,1,1.23208290245513,-0.980125299021017,"1","3"
"377",-5,-2,-4,-4,-3,-4,-2,-5,-5,-5,-1,-3,1,0.385863167603264,1.09577659619492,"1","1"
"378",-5,-1,-3,-4,-5,-3,-1,-5,-5,-3,-1,-3,1,2.27474413433922,1.21547140976578,"1","1"
"379",-5,-1,-3,-5,-4,-4,-3,-4,-5,-5,-2,-3,1,0.424170979295142,1.34491824143162,"1","1"
"380",-5,-4,-4,-5,-3,-3,-2,-4,-5,-4,-3,-5,3,-0.985237872796516,1.14372492983186,"3","2"
"381",-4,-5,-4,-4,-2,-3,-3,-2,-3,-4,-4,-2,2,-1.20952279472465,-2.02992633697685,"2","3"
"382",-5,-3,-5,-4,-3,-3,-2,-2,-2,-5,-1,-2,2,-0.118981689407633,-1.76886804500496,"2","3"
"383",-5,-1,-3,-4,-1,-4,-3,-2,-3,-5,-4,-5,2,-1.94644665378943,-1.52687990981803,"2","3"
"384",-4,-2,-2,-4,-3,-2,-2,-3,-4,-2,-1,-2,1,2.33149628983438,-1.49584317252648,"1","3"
"385",-4,-3,-3,-5,-4,-4,-3,-4,-4,-2,-2,-4,3,0.318888902448209,0.213557560332884,"3","2"
"386",-5,-3,-3,-4,-4,-2,-3,-1,-1,-3,-1,-3,2,0.530515172325121,-2.72717930126322,"2","3"
"387",-5,-1,-2,-4,-5,-2,-2,-5,-5,-4,-1,-2,1,2.7616554729251,1.12720876338241,"1","1"
"388",-5,-3,-5,-5,-3,-3,-4,-2,-2,-3,-2,-5,2,-1.68212645582681,-1.25136886606761,"2","3"
"389",-5,-3,-3,-5,-4,-2,-3,-3,-2,-3,-2,-2,2,0.896267153061444,-0.951262229322441,"2","3"
"390",-5,-5,-4,-5,-4,-3,-3,-5,-5,-4,-3,-3,3,-0.479134617464006,1.77531119946193,"3","2"
"391",-4,-3,-4,-4,-2,-5,-4,-3,-3,-2,-1,-4,2,-0.945262152705633,-1.58261850023453,"2","2"
"392",-5,-3,-3,-4,-2,-3,-3,-2,-3,-3,-2,-2,2,0.0748304623384643,-1.871310134515,"2","3"
"393",-5,-1,-2,-5,-5,-3,-1,-5,-5,-3,-1,-3,1,2.61442390342106,1.62502983909605,"1","1"
"394",-5,-4,-3,-5,-1,-3,-3,-1,-2,-3,-1,-4,2,-0.892267561732551,-2.46022836261453,"2","3"
"395",-4,-2,-2,-4,-4,-1,-1,-3,-3,-5,-1,-1,1,2.93272184118123,-1.49449639044146,"1","1"
"396",-5,-3,-4,-5,-4,-3,-3,-4,-4,-3,-2,-2,1,0.548760107878889,0.551322566117946,"1","1"
"397",-5,-5,-5,-5,-4,-2,-1,-5,-5,-4,-1,-2,1,1.03811925833617,1.50157828716687,"1","1"
"398",-5,-4,-5,-5,-3,-5,-3,-5,-5,-5,-1,-5,3,-1.59248516512316,1.9361873706281,"3","2"
"399",-4,-2,-4,-4,-4,-2,-4,-3,-3,-5,-3,-4,2,-0.507846599591174,-0.933471583483005,"2","3"
"400",-5,-3,-5,-5,-5,-1,-1,-5,-2,-3,-1,-1,1,2.26627111824122,0.0644544454467408,"1","1"
"401",-5,-5,-5,-5,-4,-2,-2,-5,-5,-4,-1,-3,1,0.409758984399042,1.60283802484034,"1","1"
"402",-5,-1,-3,-5,-5,-1,-1,-5,-4,-3,-1,-5,1,2.14598396934056,1.15722859498857,"1","1"
"403",-5,-3,-3,-5,-1,-2,-2,-1,-1,-4,-2,-5,2,-0.958555450111714,-2.81912499236871,"2","3"
"404",-5,-2,-4,-5,-3,-5,-5,-2,-3,-4,-2,-5,3,-2.11862641209241,-0.505088353718265,"3","2"
"405",-5,-1,-2,-5,-4,-1,-2,-5,-5,-4,-2,-1,1,2.86591801170546,1.12866136446779,"1","1"
"406",-5,-5,-5,-5,-2,-2,-3,-3,-3,-5,-3,-5,3,-2.17397385009357,-0.399384627841877,"3","3"
"407",-4,-2,-3,-5,-3,-2,-3,-3,-3,-4,-3,-3,2,0.393957333311484,-1.03408868453197,"2","3"
"408",-5,-1,-1,-4,-5,-1,-1,-4,-5,-2,-1,-2,1,3.85831779486699,0.245509281493499,"1","1"
"409",-3,-1,-4,-4,-5,-1,-3,-3,-3,-2,-2,-1,1,2.53909096021275,-1.93872395137574,"1","3"
"410",-5,-2,-3,-5,-3,-3,-4,-3,-3,-4,-4,-4,2,-1.07876115287571,-0.322438274416164,"2","3"
"411",-5,-3,-3,-3,-3,-3,-3,-3,-3,-3,-3,-3,2,-0.230199003499055,-1.44211297962822,"2","3"
"412",-5,-2,-2,-5,-4,-2,-1,-3,-3,-2,-1,-4,1,1.90074914239822,-0.602880800327956,"1","1"
"413",-3,-4,-3,-4,-3,-3,-3,-3,-3,-3,-4,-4,2,-0.581017062894554,-1.76251302989472,"2","3"
"414",-4,-5,-5,-5,-5,-2,-1,-3,-3,-2,-1,-3,2,1.09667973053426,-0.6638724488558,"2","1"
"415",-5,-2,-4,-5,-3,-5,-4,-4,-5,-4,-3,-5,3,-1.73696458762682,1.33877630567312,"3","2"
"416",-3,-5,-4,-5,-2,-2,-2,-1,-1,-4,-2,-1,2,0.327609035063288,-3.69216336573397,"2","3"
"417",-5,-1,-2,-4,-3,-1,-1,-4,-3,-5,-1,-2,1,2.47749512364607,-0.799958070633573,"1","1"
"418",-5,-3,-3,-5,-3,-3,-1,-2,-2,-5,-1,-4,2,0.178258224766427,-1.24215712199804,"2","3"
"419",-5,-1,-2,-5,-4,-1,-1,-3,-3,-4,-1,-3,1,2.4180348640862,-0.581215229854433,"1","1"
"420",-5,-4,-4,-4,-3,-4,-2,-3,-3,-3,-3,-4,2,-1.06993516943252,-0.752473475121384,"2","2"
"421",-5,-4,-4,-3,-1,-4,-4,-1,-2,-2,-2,-5,2,-2.32188021808944,-3.186485102187,"2","3"
"422",-5,-2,-4,-5,-5,-5,-2,-5,-5,-5,-3,-4,3,-0.38985918471886,2.37962801572121,"3","2"
"423",-5,-1,-4,-3,-2,-4,-4,-3,-2,-5,-5,-2,2,-1.61485932916711,-1.82756942702421,"2","3"
"424",-5,-1,-4,-5,-4,-4,-2,-2,-3,-3,-1,-4,2,0.302559495662211,-0.666059464328257,"2","3"
"425",-5,-1,-3,-5,-5,-2,-1,-5,-5,-3,-1,-2,1,2.9146187346627,1.46209986291937,"1","1"
"426",-5,-2,-4,-5,-3,-3,-3,-1,-5,-3,-1,-4,2,-0.13712297203351,-0.590687138278728,"2","1"
"427",-5,-2,-5,-5,-4,-3,-3,-4,-2,-4,-2,-1,2,0.477657152634027,-0.294704065976265,"2","1"
"428",-5,-4,-4,-4,-2,-4,-4,-3,-3,-4,-4,-4,3,-2.35926807866363,-0.837912296902912,"3","3"
"429",-5,-3,-5,-5,-2,-1,-5,-5,-5,-4,-1,-1,1,0.445060621746644,0.741565002823207,"1","1"
"430",-1,-2,-2,-5,-5,-1,-1,-5,-4,-1,-1,-1,1,4.86499893173521,-1.26921350767355,"1","1"
"431",-5,-4,-4,-5,-4,-4,-2,-4,-4,-4,-1,-4,3,-0.166145265269887,0.934796388132663,"3","2"
"432",-5,-1,-2,-3,-5,-2,-5,-5,-5,-5,-2,-4,1,0.71966067278809,1.06707417864411,"1","1"
"433",-5,-3,-5,-4,-2,-3,-4,-2,-3,-3,-2,-5,2,-1.85781329596471,-1.53385977870954,"2","3"
"434",-5,-2,-3,-5,-5,-3,-3,-3,-4,-3,-1,-1,1,1.81896413105034,0.179140389409452,"1","1"
"435",-4,-3,-4,-4,-4,-2,-2,-5,-4,-4,-2,-2,1,1.33327054745687,0.110896168478763,"1","1"
"436",-3,-1,-1,-5,-3,-3,-3,-1,-1,-5,-2,-2,2,1.28934640331265,-3.30063631093974,"2","3"
"437",-5,-1,-1,-4,-3,-2,-4,-5,-5,-4,-2,-3,1,1.39675726024675,0.683012610037183,"1","1"
"438",-5,-3,-3,-5,-5,-5,-5,-5,-5,-4,-1,-3,3,-0.0629382802260284,2.14330138791969,"3","2"
"439",-4,-4,-5,-3,-5,-1,-5,-2,-2,-4,-1,-1,2,0.520183838754759,-2.45622050802854,"2","3"
"440",-5,-3,-5,-4,-2,-5,-5,-5,-5,-3,-5,-5,3,-3.14476492464867,1.11323488689674,"3","2"
"441",-5,-2,-1,-5,-5,-5,-3,-5,-5,-5,-4,-2,1,0.627301051793954,2.16487044168645,"1","1"
"442",-5,-5,-4,-5,-3,-4,-5,-4,-2,-3,-1,-2,2,-0.810999945012158,-0.447556753805912,"2","3"
"443",-5,-2,-4,-5,-3,-4,-3,-3,-4,-4,-5,-5,3,-1.96775444292651,0.374044720813012,"3","3"
"444",-5,-1,-5,-5,-2,-3,-3,-2,-2,-3,-2,-4,2,-0.853219353982299,-1.7008304306659,"2","3"
"445",-4,-2,-3,-3,-2,-4,-1,-5,-1,-5,-3,-2,2,0.444251302061037,-1.92715783006223,"2","3"
"446",-4,-2,-3,-4,-4,-4,-4,-4,-3,-4,-4,-4,3,-0.790428214527576,-0.362215647006505,"3","3"
"447",-5,-3,-3,-5,-4,-4,-2,-4,-4,-3,-3,-4,3,-0.0954501010387084,0.819515190318957,"3","2"
"448",-4,-3,-5,-5,-3,-3,-3,-4,-4,-3,-2,-4,3,-0.416236589264866,0.0107497508120371,"3","2"
"449",-5,-3,-4,-5,-3,-3,-5,-5,-5,-5,-4,-4,3,-1.67394882110072,1.70924190341756,"3","2"
"450",-5,-5,-4,-5,-1,-4,-4,-1,-4,-3,-5,-5,3,-3.45455769915479,-1.13781472788554,"3","3"
"451",-5,-5,-5,-5,-1,-5,-5,-5,-5,-3,-3,-5,3,-3.15464351659,1.26153740101839,"3","2"
"452",-5,-4,-5,-3,-2,-1,-1,-4,-5,-4,-2,-3,1,0.283833251636473,-0.442003088685085,"1","1"
"453",-4,-1,-2,-5,-3,-3,-2,-5,-5,-5,-1,-4,1,1.4622943261808,0.95099275003123,"1","1"
"454",-4,-3,-3,-4,-2,-3,-5,-2,-2,-4,-2,-4,2,-1.16506746258514,-2.44715028414649,"2","3"
"455",-5,-2,-3,-5,-5,-3,-2,-3,-3,-4,-2,-3,1,0.918448050327808,0.0495208394773522,"1","1"
"456",-5,-3,-5,-5,-4,-1,-1,-5,-5,-4,-1,-1,1,2.08497453735523,1.23992252766136,"1","1"
"457",-5,-1,-2,-5,-4,-3,-3,-4,-4,-3,-2,-4,1,0.955355894568385,0.586882129035206,"1","1"
"458",-4,-3,-4,-5,-3,-2,-2,-2,-3,-3,-2,-2,2,0.827483330343315,-1.69962529922487,"2","3"
"459",-5,-5,-4,-5,-3,-4,-4,-5,-5,-3,-2,-5,3,-1.484427391086,1.62628492907853,"3","2"
"460",-5,-2,-5,-5,-2,-5,-3,-4,-4,-5,-1,-5,3,-1.58940920440807,0.676621095467734,"3","2"
"461",-4,-1,-2,-3,-2,-2,-3,-4,-4,-4,-2,-2,1,1.505847410706,-1.48196501467803,"1","1"
"462",-4,-1,-1,-5,-3,-3,-1,-3,-1,-5,-1,-5,2,1.22106020472164,-1.72767135428375,"2","3"
"463",-5,-2,-1,-4,-4,-3,-4,-5,-5,-5,-2,-3,1,0.959500645776667,1.23707859746099,"1","1"
"464",-5,-4,-3,-5,-4,-2,-2,-5,-5,-5,-1,-3,1,1.10672738459912,1.62799382238077,"1","1"
"465",-5,-3,-3,-4,-3,-3,-3,-3,-3,-3,-1,-3,2,0.409883923354988,-1.07512335731548,"2","3"
"466",-5,-4,-4,-5,-5,-5,-5,-5,-5,-3,-2,-5,3,-1.41087605761315,2.29069955211509,"3","2"
"467",-5,-5,-5,-5,-3,-1,-3,-3,-3,-2,-1,-5,2,-0.561177728557547,-0.681662881741429,"2","3"
"468",-5,-2,-4,-3,-4,-1,-4,-2,-4,-4,-2,-3,2,0.259386237338791,-1.30068986745249,"2","3"
"469",-5,-3,-4,-5,-4,-4,-3,-5,-5,-2,-1,-4,3,0.263270353073326,1.57997235895861,"3","2"
"470",-5,-2,-5,-2,-1,-5,-5,-2,-1,-5,-4,-3,2,-3.19766559330962,-3.22379545524621,"2","3"
"471",-5,-3,-5,-4,-4,-5,-5,-5,-5,-5,-1,-5,3,-1.76867384001956,1.77799201034928,"3","2"
"472",-5,-3,-3,-5,-5,-3,-2,-5,-5,-3,-2,-4,1,0.928498465607394,1.8632839755881,"1","1"
"473",-5,-1,-4,-1,-2,-4,-4,-4,-4,-4,-1,-3,2,-0.315286819357322,-1.55319717916764,"2","3"
"474",-5,-5,-5,-5,-3,-5,-5,-5,-5,-4,-5,-5,3,-3.48550949322794,2.0304348922616,"3","2"
"475",-5,-5,-5,-5,-3,-5,-5,-3,-5,-3,-2,-4,3,-2.32394237630666,0.772262755485968,"3","2"
"476",-5,-3,-5,-5,-2,-2,-4,-4,-4,-5,-3,-4,3,-1.51813814797307,0.380228428492217,"3","2"
"477",-5,-1,-3,-4,-3,-5,-3,-5,-5,-4,-2,-4,3,-0.15176286391426,1.15625803559956,"3","2"
"478",-4,-2,-2,-5,-5,-3,-2,-4,-3,-2,-3,-4,1,1.28792133702376,-0.105461236077127,"1","1"
"479",-4,-1,-2,-4,-4,-2,-3,-3,-2,-4,-2,-4,2,1.04729979358166,-1.65914031250562,"2","1"
"480",-4,-2,-4,-5,-5,-1,-2,-4,-2,-4,-2,-5,1,0.82277284171793,-0.410746906520808,"1","3"
"481",-5,-3,-4,-5,-5,-5,-2,-3,-3,-4,-3,-5,3,-1.1696922382084,0.547933358889789,"3","2"
"482",-5,-4,-5,-5,-5,-2,-1,-3,-3,-1,-1,-2,1,1.55592566205438,-0.44649879687309,"1","1"
"483",-4,-3,-4,-5,-2,-5,-5,-4,-4,-4,-3,-4,3,-1.96589449989133,0.11688553513778,"3","2"
"484",-5,-4,-4,-5,-3,-3,-5,-4,-3,-3,-3,-5,3,-1.85422905593306,0.180691345975872,"3","3"
"485",-5,-1,-5,-5,-3,-5,-5,-5,-5,-5,-1,-5,3,-1.54985351745639,1.87331703671669,"3","2"
"486",-5,-3,-5,-5,-5,-5,-3,-5,-5,-3,-2,-5,3,-0.924405633003208,2.25802359125474,"3","2"
"487",-5,-1,-2,-5,-5,-2,-4,-3,-3,-2,-3,-5,1,0.492664256022245,-0.139752338661578,"1","1"
"488",-5,-2,-3,-5,-5,-1,-1,-2,-4,-5,-1,-3,1,1.88735474583229,-0.128355965322297,"1","1"
"489",-5,-2,-2,-5,-5,-4,-3,-4,-4,-4,-2,-3,1,0.848834747855286,1.05682123135499,"1","1"
"490",-5,-4,-2,-5,-3,-1,-5,-3,-3,-3,-1,-5,2,-0.138052666291724,-0.656209803024073,"2","3"
"491",-4,-1,-3,-5,-4,-1,-1,-3,-2,-3,-1,-3,1,2.4303936832662,-1.5765490811665,"1","1"
"492",-5,-1,-3,-5,-3,-3,-4,-3,-3,-5,-1,-4,2,-0.091891153230348,-0.344151475421033,"2","3"
"493",-5,-1,-3,-5,-5,-1,-1,-5,-5,-3,-1,-3,1,2.87474890481642,1.43345523298878,"1","1"
"494",-4,-2,-2,-5,-3,-3,-3,-5,-4,-4,-3,-2,1,1.08288117200647,0.338836009699482,"1","1"
"495",-5,-3,-5,-5,-5,-5,-5,-4,-5,-5,-5,-5,3,-2.89948873154664,2.19115375313118,"3","2"
"496",-5,-4,-4,-4,-5,-4,-2,-2,-3,-2,-1,-2,2,0.691054257265,-1.02273090636809,"2","3"
"497",-5,-3,-3,-5,-5,-5,-2,-5,-5,-2,-2,-5,3,0.174502957356711,2.04748256561356,"3","2"
"498",-5,-3,-5,-5,-3,-5,-2,-4,-5,-4,-1,-5,3,-1.05393890417002,1.29432047320014,"3","2"
"499",-5,-2,-3,-5,-1,-5,-3,-5,-5,-4,-1,-4,3,-0.48462643072303,1.02700601796955,"3","2"
"500",-4,-2,-4,-5,-2,-1,-1,-4,-4,-3,-1,-4,1,1.38097503067367,-0.637119171089191,"1","1"
"501",-5,-4,-3,-3,-2,-4,-4,-3,-2,-4,-2,-4,2,-1.50161986665704,-1.83642521334487,"2","3"
"502",-5,-4,-5,-5,-3,-5,-2,-2,-2,-3,-1,-5,2,-1.57033048986448,-1.06598147694357,"2","3"
"503",-4,-1,-4,-5,-5,-3,-3,-5,-5,-4,-1,-4,1,1.12974289736427,1.47748006049273,"1","1"
"504",-4,-1,-4,-5,-5,-4,-5,-4,-4,-3,-1,-5,3,-0.126107452528295,0.671808392386916,"3","3"
"505",-5,-1,-5,-2,-3,-5,-4,-5,-5,-5,-2,-4,3,-1.28721844358578,0.479745354656262,"3","2"
"506",-4,-5,-3,-3,-3,-4,-5,-2,-2,-2,-3,-4,2,-1.66871566850275,-2.64237783028514,"2","3"
"507",-5,-3,-3,-5,-5,-2,-2,-5,-5,-3,-1,-3,1,1.8610042873742,1.6281169599597,"1","1"
"508",-5,-3,-4,-5,-4,-3,-5,-5,-4,-5,-1,-3,3,-0.253085859564267,1.349273231194,"3","2"
"509",-5,-4,-4,-4,-2,-5,-4,-4,-2,-3,-2,-4,3,-1.8069701817799,-0.904745706176562,"3","3"
"510",-3,-1,-1,-5,-2,-4,-2,-3,-4,-5,-2,-4,1,0.872163024970598,-1.05297904114513,"1","1"
"511",-4,-1,-4,-5,-5,-3,-3,-5,-1,-3,-1,-1,1,2.0112445361153,-0.678293552800194,"1","1"
"512",-4,-4,-4,-5,-3,-1,-3,-4,-3,-4,-1,-2,1,1.02088429063037,-0.741914492293995,"1","1"
"513",-4,-2,-3,-2,-3,-3,-3,-3,-3,-4,-1,-2,2,1.00081611138862,-2.41256184545758,"2","3"
"514",-5,-5,-3,-5,-1,-4,-5,-3,-4,-2,-1,-3,3,-1.10686146120999,-0.667681776538338,"3","2"
"515",-5,-4,-4,-5,-3,-3,-3,-4,-5,-2,-2,-5,3,-0.655015492222153,0.871646516615958,"3","2"
"516",-5,-3,-4,-5,-4,-3,-1,-5,-4,-2,-3,-4,1,0.460282171184171,1.06499196155634,"1","1"
"517",-5,-4,-5,-5,-3,-4,-5,-5,-5,-5,-3,-5,3,-2.518678571771,1.93421879171186,"3","2"
"518",-5,-1,-1,-4,-4,-1,-4,-5,-5,-4,-2,-2,1,2.24306571135843,0.769558677456497,"1","1"
"519",-5,-1,-2,-3,-4,-1,-2,-5,-4,-3,-1,-2,1,2.9007175061018,-0.282485805858464,"1","1"
"520",-5,-5,-4,-5,-3,-5,-4,-3,-4,-3,-2,-4,3,-1.77220529566238,0.2766810707463,"3","2"
"521",-5,-5,-5,-5,-5,-4,-1,-5,-5,-4,-2,-4,3,-0.29128032365431,2.21708817049187,"3","2"
"522",-5,-1,-4,-5,-3,-3,-1,-5,-5,-5,-5,-5,3,-0.699835606884855,1.6983486343667,"3","2"
"523",-5,-3,-4,-5,-2,-4,-3,-4,-4,-5,-1,-4,3,-0.859028910990037,0.478132951050553,"3","2"
"524",-4,-1,-5,-5,-3,-1,-2,-3,-4,-4,-1,-5,1,0.579894811872119,-0.592237936458707,"1","1"
"525",-3,-1,-2,-5,-4,-3,-5,-4,-4,-5,-5,-5,3,-0.735110088021145,0.152322132207021,"3","3"
"526",-4,-3,-3,-5,-4,-5,-3,-3,-4,-4,-3,-4,3,-0.73000078944738,0.148656301125567,"3","2"
"527",-5,-4,-4,-5,-4,-4,-3,-4,-4,-2,-1,-3,3,0.183907866962335,0.616859705302476,"3","2"
"528",-3,-4,-4,-4,-4,-3,-5,-5,-5,-5,-5,-5,3,-1.83660652436381,0.785232614124555,"3","2"
"529",-5,-4,-2,-4,-3,-2,-3,-4,-5,-2,-1,-3,1,1.23276485149791,0.0408889146673696,"1","1"
"530",-5,-1,-3,-5,-5,-4,-1,-5,-5,-4,-1,-4,1,1.51294528799965,1.98136798834446,"1","1"
"531",-5,-2,-3,-3,-3,-5,-2,-4,-3,-4,-2,-4,2,-0.349803506219784,-0.627867847022492,"2","3"
"532",-5,-5,-5,-5,-1,-4,-5,-4,-4,-5,-2,-5,3,-3.06728650042785,0.450075472554081,"3","2"
"533",-4,-2,-2,-4,-4,-2,-4,-2,-2,-4,-1,-1,2,1.70998215286551,-2.36716209108186,"2","3"
"534",-5,-5,-5,-5,-3,-5,-1,-3,-5,-5,-1,-5,3,-1.47021637389933,1.00053226511808,"3","2"
"535",-5,-2,-4,-4,-2,-2,-5,-3,-3,-5,-2,-4,2,-1.18656923880045,-1.06214573960126,"2","3"
"536",-5,-2,-2,-4,-1,-2,-4,-1,-1,-4,-2,-3,2,-0.376574260512112,-3.46298701437551,"2","3"
"537",-5,-1,-2,-5,-5,-5,-4,-5,-5,-3,-3,-5,3,-0.143462158652977,2.14676242806116,"3","2"
"538",-5,-4,-3,-5,-5,-3,-1,-4,-4,-3,-1,-3,1,1.45766550177567,0.844769853872768,"1","1"
"539",-5,-2,-3,-5,-5,-3,-1,-5,-5,-3,-1,-4,1,1.74965507456235,1.77550382784547,"1","1"
"540",-5,-4,-4,-4,-4,-2,-5,-5,-5,-3,-1,-2,1,0.52185113538921,0.934764415359205,"1","1"
"541",-5,-3,-2,-5,-5,-2,-1,-4,-4,-1,-3,-2,1,2.30843300700222,0.407118930772614,"1","1"
"542",-5,-3,-4,-4,-2,-5,-4,-4,-5,-5,-5,-5,3,-2.97285318192825,0.846192220633651,"3","2"
"543",-5,-4,-4,-5,-4,-1,-3,-5,-5,-2,-1,-3,1,1.25397564788671,1.18990960843416,"1","1"
"544",-4,-3,-1,-5,-5,-1,-1,-5,-5,-5,-1,-1,1,3.67942360341594,1.05361408260129,"1","1"
"545",-4,-2,-3,-4,-2,-2,-4,-3,-3,-4,-2,-4,2,-0.16647906462632,-1.69806888319844,"2","3"
"546",-5,-1,-1,-5,-3,-3,-2,-4,-4,-3,-3,-5,1,0.708039445874466,0.37473188553961,"1","1"
"547",-4,-1,-2,-4,-5,-2,-3,-5,-4,-3,-1,-2,1,2.797795760351,0.115039340677825,"1","1"
"548",-4,-1,-4,-3,-3,-2,-1,-2,-3,-3,-1,-1,2,2.15545550441935,-2.79096471833942,"2","3"
"549",-5,-4,-4,-1,-5,-1,-4,-2,-3,-5,-4,-5,2,-1.48675318288199,-1.91375982898505,"2","3"
"550",-4,-5,-4,-5,-4,-2,-2,-5,-5,-4,-3,-3,1,0.351943684867085,1.18605628993989,"1","1"
"551",-5,-3,-3,-5,-3,-3,-5,-3,-4,-4,-3,-5,3,-1.54154979742751,0.217411935659251,"3","3"
"552",-5,-1,-3,-5,-5,-5,-2,-1,-1,-5,-1,-1,2,0.968306543082929,-1.66109476715793,"2","3"
"553",-5,-3,-3,-5,-3,-5,-5,-3,-5,-4,-3,-5,3,-2.055987073287,0.887435373936748,"3","2"
"554",-4,-1,-3,-4,-2,-5,-1,-4,-2,-5,-1,-4,2,0.281741874897626,-1.33392523400927,"2","3"
"555",-5,-2,-2,-5,-5,-2,-5,-5,-5,-5,-3,-5,3,-0.0980596084321067,2.10890206550578,"3","2"
"556",-4,-1,-4,-5,-1,-4,-5,-3,-3,-5,-4,-5,3,-2.47206432044933,-1.00758542931563,"3","3"
"557",-5,-1,-3,-5,-5,-3,-4,-5,-5,-3,-1,-5,1,0.738672274940623,1.8786505909744,"1","1"
"558",-5,-3,-3,-5,-5,-4,-4,-4,-3,-3,-1,-3,1,0.419258532038326,0.532080838724025,"1","1"
"559",-5,-4,-3,-5,-4,-3,-2,-3,-4,-4,-2,-2,1,0.666515999251308,0.191187254390486,"1","1"
"560",-5,-5,-5,-5,-2,-5,-4,-2,-5,-3,-3,-5,3,-3.022841966657,0.127196895925055,"3","3"
"561",-5,-3,-4,-5,-3,-3,-4,-3,-3,-4,-5,-5,3,-2.25443469783354,-0.133695670176992,"3","3"
"562",-5,-1,-2,-5,-2,-4,-5,-3,-3,-5,-1,-5,2,-0.914418136096133,-0.447533114232871,"2","3"
"563",-5,-4,-4,-5,-2,-3,-3,-5,-5,-4,-5,-4,3,-1.66846712163154,1.33670770074609,"3","2"
"564",-4,-3,-4,-4,-4,-2,-4,-2,-2,-4,-2,-4,2,-0.448568602032331,-1.97619729267266,"2","3"
"565",-5,-1,-2,-4,-4,-2,-3,-3,-4,-2,-1,-2,1,2.22861805753368,-0.768293990164534,"1","3"
"566",-5,-4,-3,-4,-5,-3,-3,-3,-3,-4,-3,-3,2,-0.133609139958639,-0.273847186388831,"2","3"
"567",-5,-2,-2,-5,-2,-4,-1,-5,-5,-5,-3,-3,1,0.498057239649043,1.24732651241531,"1","1"
"568",-5,-4,-2,-5,-5,-2,-1,-5,-5,-4,-2,-2,1,2.12876779763486,1.68900741864524,"1","1"
"569",-3,-4,-4,-4,-3,-2,-3,-3,-4,-2,-1,-3,2,0.877657151934045,-1.72123976948018,"2","3"
"570",-4,-2,-3,-5,-3,-3,-4,-3,-3,-2,-1,-3,2,0.744218792074272,-1.231664198203,"2","3"
"571",-5,-1,-2,-5,-5,-1,-3,-5,-4,-4,-4,-4,1,1.11169071553823,1.31367616267851,"1","1"
"572",-5,-2,-3,-5,-3,-2,-4,-2,-3,-4,-3,-2,2,0.0543032694176892,-1.10861621517587,"2","3"
"573",-4,-5,-3,-5,-4,-5,-2,-3,-4,-4,-2,-2,3,0.114745494994471,-0.010241577774815,"3","2"
"574",-3,-2,-2,-5,-2,-2,-2,-2,-2,-5,-2,-2,2,1.31656700805005,-2.73627359422082,"2","3"
"575",-4,-4,-4,-2,-2,-5,-3,-4,-3,-5,-1,-2,2,-0.580577325751509,-1.77938213444239,"2","3"
"576",-4,-4,-4,-4,-3,-4,-5,-4,-4,-2,-2,-4,3,-1.05337491111361,-0.412800951733029,"3","2"
"577",-3,-3,-4,-3,-2,-2,-4,-3,-3,-4,-3,-3,2,-0.456367310485741,-2.58045744437753,"2","3"
"578",-4,-2,-2,-5,-5,-4,-3,-3,-2,-4,-2,-4,2,0.495922271184371,-0.674247281902753,"2","3"
"579",-4,-5,-5,-4,-4,-2,-4,-3,-2,-4,-2,-1,2,-0.0728457793084236,-1.66296812462863,"2","3"
"580",-4,-3,-3,-4,-4,-1,-2,-3,-3,-3,-2,-1,1,2.10710142845562,-1.62369046903248,"1","3"
"581",-4,-1,-4,-4,-3,-1,-5,-2,-5,-5,-1,-2,1,0.761005473776691,-1.16764761798789,"1","1"
"582",-5,-2,-3,-5,-5,-2,-5,-5,-5,-1,-1,-3,1,1.49769942616483,1.396194187689,"1","1"
"583",-5,-1,-2,-2,-3,-1,-2,-3,-4,-5,-1,-3,1,1.74970499312886,-1.6081556713636,"1","1"
"584",-5,-5,-5,-5,-5,-3,-5,-5,-5,-5,-3,-3,3,-1.32955439413403,2.25246112126854,"3","2"
"585",-3,-4,-2,-5,-4,-3,-1,-5,-5,-5,-3,-3,1,1.29825911157686,0.847500208027538,"1","1"
"586",-5,-5,-3,-5,-5,-3,-3,-5,-5,-5,-1,-1,1,1.19178813479055,1.90546756701817,"1","1"
"587",-5,-5,-4,-5,-4,-3,-2,-5,-5,-4,-3,-3,3,-0.18150981128386,1.75817834689248,"3","2"
"588",-4,-1,-4,-4,-4,-3,-3,-4,-4,-4,-2,-4,1,0.378386473973062,-0.122587093103266,"1","1"
"589",-5,-2,-4,-4,-2,-4,-5,-5,-4,-4,-3,-5,3,-1.92382172872759,0.538569954176775,"3","2"
"590",-5,-1,-1,-5,-5,-5,-4,-5,-5,-5,-5,-5,3,-0.760807787080568,2.44027388537429,"3","2"
"591",-5,-2,-4,-5,-4,-2,-1,-5,-3,-1,-1,-2,1,2.33823249884856,0.105099032294686,"1","1"
"592",-5,-1,-2,-5,-4,-4,-4,-5,-1,-4,-3,-4,2,-0.174215633604591,0.0139692526793203,"2","3"
"593",-5,-3,-5,-5,-5,-1,-3,-5,-5,-3,-1,-1,1,1.87290350576663,1.4321613752104,"1","1"
"594",-5,-3,-3,-5,-4,-3,-3,-3,-5,-5,-3,-5,3,-0.812770074989008,1.03654243143439,"3","2"
"595",-5,-2,-4,-4,-2,-4,-3,-2,-3,-3,-4,-4,2,-1.60809473103479,-1.5121578740143,"2","3"
"596",-5,-3,-4,-5,-4,-3,-3,-5,-4,-2,-2,-2,1,0.837408210436965,0.892735280997428,"1","1"
"597",-5,-2,-5,-5,-3,-5,-5,-3,-4,-5,-3,-5,3,-2.71193777075298,0.60398445911679,"3","2"
"598",-4,-5,-5,-5,-2,-2,-1,-3,-3,-1,-1,-3,2,0.581028929529951,-1.63967717667748,"2","3"
"599",-5,-4,-5,-5,-3,-4,-5,-4,-4,-5,-2,-4,3,-2.07450925510718,0.900458842882544,"3","2"
"600",-4,-1,-1,-5,-5,-3,-2,-5,-5,-3,-1,-5,1,2.21932229439324,1.31709749599361,"1","1"
"601",-5,-2,-4,-5,-4,-2,-5,-3,-3,-2,-1,-5,2,-0.263298098931427,-0.382285657022225,"2","3"
"602",-5,-1,-1,-5,-5,-1,-2,-4,-3,-2,-1,-4,1,2.78290754790488,-0.0145380588532857,"1","1"
"603",-5,-2,-1,-5,-3,-1,-2,-4,-5,-2,-1,-1,1,3.24766017353594,0.0875318468186586,"1","1"
"604",-5,-3,-3,-2,-5,-1,-4,-5,-5,-4,-1,-5,1,0.681857658115549,0.51275568554312,"1","1"
"605",-5,-1,-5,-3,-4,-5,-5,-5,-5,-5,-3,-5,3,-1.98350259352223,1.34624502866967,"3","2"
"606",-4,-3,-5,-5,-2,-5,-5,-5,-5,-5,-2,-5,3,-2.26813189411064,1.23354800209737,"3","2"
"607",-5,-1,-3,-5,-5,-2,-2,-5,-4,-3,-1,-3,1,2.21896446076368,1.11887919238458,"1","1"
"608",-5,-3,-3,-5,-4,-4,-4,-4,-5,-5,-2,-4,3,-0.629443467993365,1.51093533847196,"3","2"
"609",-4,-4,-4,-5,-2,-3,-5,-2,-3,-4,-2,-4,2,-1.61353332906917,-1.4927959190006,"2","3"
"610",-3,-3,-4,-4,-3,-2,-5,-3,-2,-5,-2,-3,2,-0.425871795756559,-2.19363096950809,"2","3"
"611",-5,-4,-4,-5,-3,-4,-2,-3,-3,-3,-1,-5,2,-0.760587710335458,-0.301356967704613,"2","2"
"612",-5,-3,-4,-5,-4,-2,-2,-5,-4,-2,-2,-3,1,1.09516318677083,0.846957798497394,"1","1"
"613",-5,-5,-5,-5,-4,-4,-4,-5,-5,-5,-3,-5,3,-2.20897350682255,2.23290908638381,"3","2"
"614",-3,-1,-2,-2,-4,-2,-1,-4,-4,-5,-3,-3,1,1.97471465835495,-1.60435235416962,"1","1"
"615",-3,-3,-3,-4,-4,-1,-4,-1,-1,-5,-3,-2,2,0.400915285439519,-3.49816605139327,"2","3"
"616",-5,-2,-3,-5,-4,-3,-3,-5,-5,-4,-1,-2,1,1.43269781694433,1.48354262036614,"1","1"
"617",-5,-2,-4,-4,-3,-5,-5,-4,-5,-4,-2,-4,3,-1.41122270460666,0.789986804356556,"3","2"
"618",-4,-4,-4,-4,-4,-4,-5,-3,-3,-5,-4,-4,3,-2.12336157104322,-0.587769725987716,"3","2"
"619",-5,-3,-3,-4,-3,-3,-1,-3,-3,-3,-1,-3,2,1.00513353571528,-1.10938906245436,"2","3"
"620",-5,-3,-5,-3,-3,-3,-5,-3,-3,-5,-3,-4,3,-2.11593910312379,-1.00484089116577,"3","3"
"621",-5,-1,-5,-4,-4,-3,-2,-5,-5,-4,-1,-4,1,0.620392730778324,1.22669485295302,"1","1"
"622",-4,-1,-1,-4,-3,-1,-1,-3,-3,-4,-1,-4,1,2.40831268889571,-1.71737863148054,"1","1"
"623",-5,-1,-4,-3,-3,-3,-5,-5,-4,-5,-2,-1,1,0.261480198446357,-0.0159674570336061,"1","3"
"624",-5,-1,-4,-5,-5,-3,-3,-5,-5,-4,-2,-2,1,1.23772125853886,1.80684544769239,"1","1"
"625",-5,-3,-4,-5,-5,-3,-2,-4,-4,-3,-2,-3,1,0.740356791746054,0.901761066210491,"1","1"
"626",-5,-1,-2,-4,-1,-3,-4,-1,-1,-4,-1,-3,2,-0.143908095647997,-3.42086279451407,"2","3"
"627",-5,-5,-4,-5,-3,-2,-4,-3,-4,-1,-2,-5,2,-0.91340137903188,-0.228449239549129,"2","2"
"628",-3,-3,-3,-5,-3,-2,-3,-4,-4,-4,-4,-5,3,-0.350986679544761,-0.343173712833162,"3","2"
"629",-5,-5,-3,-5,-3,-1,-5,-4,-4,-5,-1,-5,3,-0.791557630856558,0.572444399152468,"3","3"
"630",-5,-4,-5,-3,-5,-5,-5,-3,-3,-4,-2,-3,3,-1.66077135554908,-0.427897072038757,"3","3"
"631",-5,-4,-4,-5,-3,-1,-4,-3,-4,-4,-1,-2,2,0.417788758941494,-0.287834729625607,"2","1"
"632",-4,-2,-2,-5,-4,-4,-2,-2,-2,-4,-2,-5,2,0.107927396933152,-1.35758175695341,"2","3"
"633",-5,-1,-1,-4,-5,-4,-3,-5,-4,-4,-3,-2,1,1.51460223318946,0.967973044830359,"1","1"
"634",-4,-1,-3,-4,-3,-4,-2,-5,-5,-3,-2,-3,1,1.16852214150151,0.357404915825697,"1","1"
"635",-5,-3,-3,-4,-4,-4,-4,-5,-5,-4,-3,-3,3,-0.339238108433228,1.36296293044492,"3","2"
"636",-5,-2,-4,-3,-4,-3,-3,-4,-5,-2,-1,-3,1,0.930774688874716,-0.00324246747521646,"1","1"
"637",-5,-5,-4,-5,-2,-5,-5,-5,-5,-4,-5,-5,3,-3.3888105642459,1.71302200074167,"3","2"
"638",-5,-3,-5,-5,-2,-4,-5,-3,-3,-4,-3,-5,3,-2.76722932959618,-0.329804577148418,"3","2"
"639",-5,-1,-1,-4,-4,-2,-1,-5,-4,-3,-1,-3,1,2.9164209756961,0.306838171041009,"1","1"
"640",-5,-2,-3,-5,-4,-3,-5,-5,-5,-4,-5,-5,3,-1.3983770630834,1.9232634427761,"3","2"
"641",-1,-1,-1,-4,-5,-2,-2,-4,-4,-4,-2,-2,1,3.54503759702073,-1.61725766099723,"1","1"
"642",-5,-1,-4,-3,-3,-3,-2,-5,-5,-5,-1,-4,1,0.540346929776872,0.591226433288661,"1","1"
"643",-5,-4,-3,-5,-4,-5,-3,-5,-5,-5,-3,-3,3,-0.685303767511365,2.05997845103357,"3","2"
"644",-5,-1,-1,-5,-3,-5,-5,-3,-3,-3,-3,-4,2,-0.633301647922667,-0.343817860022394,"2","3"
"645",-4,-3,-4,-5,-4,-4,-4,-5,-5,-5,-3,-3,3,-0.558254265290915,1.50657899092896,"3","2"
"646",-5,-2,-2,-5,-5,-5,-1,-4,-2,-3,-1,-5,1,0.826535738293933,0.250880054404713,"1","3"
"647",-4,-1,-2,-4,-5,-1,-4,-3,-3,-2,-1,-2,1,2.62186009298658,-1.48431913519798,"1","3"
"648",-5,-2,-2,-4,-3,-2,-4,-5,-5,-4,-2,-2,1,1.193459366902,0.665232828578553,"1","1"
"649",-4,-3,-4,-4,-4,-5,-3,-2,-2,-4,-2,-5,2,-1.35427617734126,-1.57088871503422,"2","3"
"650",-5,-4,-5,-5,-4,-3,-2,-2,-1,-1,-2,-1,2,0.497793757023209,-2.00174202288507,"2","3"
"651",-5,-1,-3,-3,-5,-1,-5,-2,-3,-5,-3,-2,2,0.514567654072641,-1.43132700364522,"2","3"
"652",-5,-5,-5,-5,-3,-5,-5,-5,-5,-4,-2,-5,3,-2.55279534493057,1.91562904579236,"3","2"
"653",-5,-1,-3,-5,-5,-5,-3,-5,-5,-5,-3,-5,3,-0.484186097554258,2.41454064974929,"3","2"
"654",-5,-3,-4,-4,-4,-4,-3,-2,-4,-3,-2,-3,2,-0.351468226905354,-0.629073967090209,"2","2"
"655",-5,-4,-3,-5,-1,-3,-2,-1,-1,-2,-1,-5,2,-0.834200987943593,-2.96318606343601,"2","3"
"656",-5,-5,-5,-5,-3,-2,-3,-2,-2,-4,-3,-5,2,-1.98826613651416,-1.15277593366726,"2","3"
"657",-5,-2,-3,-4,-3,-4,-4,-2,-5,-5,-2,-3,3,-0.589415488121257,-0.266309627220265,"3","2"
"658",-5,-1,-2,-5,-4,-2,-3,-4,-4,-4,-1,-3,1,1.72939048100749,0.477186438554614,"1","1"
"659",-5,-3,-3,-5,-2,-5,-2,-4,-4,-3,-2,-5,3,-0.855561181495266,0.411256039851935,"3","2"
"660",-5,-2,-3,-3,-3,-4,-4,-3,-4,-4,-4,-4,3,-1.33887978013611,-0.652240057757756,"3","3"
"661",-4,-4,-4,-4,-4,-4,-4,-4,-4,-4,-4,-4,3,-1.4697946623431,0.180990544530583,"3","2"
"662",-4,-5,-5,-5,-3,-1,-3,-3,-3,-3,-1,-5,2,-0.477061105644993,-1.0155420985116,"2","3"
"663",-5,-5,-5,-5,-5,-5,-5,-5,-5,-5,-5,-5,3,-3.19456603766763,2.72279515252532,"3","2"
"664",-4,-4,-3,-3,-2,-2,-1,-1,-5,-5,-4,-3,2,-0.292443248398982,-2.05516252744692,"2","3"
"665",-5,-1,-4,-3,-2,-5,-5,-3,-3,-4,-3,-5,3,-2.34798150904106,-1.2028125520271,"3","3"
"666",-5,-3,-3,-5,-4,-4,-3,-4,-3,-2,-1,-3,1,0.650647228102165,0.10603219344882,"1","1"
"667",-5,-5,-5,-5,-5,-5,-5,-5,-5,-5,-5,-5,3,-3.19456603766763,2.72279515252532,"3","2"
"668",-4,-1,-1,-4,-3,-3,-3,-4,-2,-4,-3,-4,2,0.672405235784259,-1.3586290334739,"2","3"
"669",-5,-2,-3,-5,-5,-3,-1,-4,-5,-5,-2,-3,1,1.32236648833444,1.51370416849951,"1","1"
"670",-5,-3,-3,-5,-5,-1,-1,-4,-3,-2,-1,-2,1,2.67393656739553,-0.0672304743399888,"1","1"
"671",-5,-1,-1,-5,-3,-1,-3,-5,-5,-5,-3,-3,1,1.53414524756657,1.1603750363629,"1","1"
"672",-5,-3,-4,-5,-5,-3,-3,-3,-4,-5,-3,-4,3,-0.646027536175965,0.825348029642027,"3","2"
"673",-4,-4,-2,-4,-3,-2,-1,-5,-5,-5,-1,-2,1,2.05610095110273,0.306443797977172,"1","1"
"674",-5,-5,-4,-5,-3,-5,-3,-3,-4,-5,-5,-4,3,-2.72423710843499,0.625296714941697,"3","2"
"675",-5,-5,-5,-5,-5,-5,-5,-5,-5,-5,-5,-5,3,-3.19456603766763,2.72279515252532,"3","2"
"676",-5,-1,-4,-5,-4,-3,-2,-4,-5,-3,-1,-4,1,0.988366867957474,1.04389791710821,"1","1"
"677",-5,-3,-4,-5,-3,-4,-3,-2,-3,-2,-2,-5,2,-1.12819577784172,-0.870689544503939,"2","3"
"678",-4,-2,-4,-4,-4,-5,-5,-3,-4,-4,-1,-5,3,-1.16122911977256,-0.251425448624713,"3","2"
"679",-5,-3,-3,-5,-4,-3,-5,-5,-5,-3,-2,-4,3,-0.189083298377044,1.63123806573846,"3","2"
"680",-5,-4,-4,-5,-3,-5,-1,-5,-4,-3,-1,-3,1,0.235290127870618,1.00427641281533,"1","1"
"681",-5,-2,-2,-3,-2,-3,-1,-4,-4,-5,-1,-3,1,1.17671445325411,-0.740400388418813,"1","1"
"682",-3,-2,-4,-4,-4,-2,-3,-2,-1,-4,-3,-5,2,-0.404663034754251,-2.80714427445799,"2","3"
"683",-5,-5,-5,-5,-2,-4,-3,-3,-3,-3,-3,-4,3,-2.1080271875026,-0.508911133172269,"3","2"
"684",-5,-5,-5,-5,-2,-4,-5,-2,-2,-2,-1,-5,2,-2.45120246728621,-1.50389154729219,"2","3"
"685",-4,-2,-4,-2,-4,-2,-4,-2,-4,-2,-4,-2,2,0.218703469226667,-2.34932805204821,"2","3"
"686",-3,-3,-4,-4,-5,-3,-3,-2,-3,-3,-3,-3,2,0.271081756868818,-1.78331389112132,"2","3"
"687",-5,-3,-4,-3,-4,-5,-3,-5,-3,-2,-2,-5,3,-0.840370457928872,0.0391248515860192,"3","2"
"688",-5,-4,-5,-4,-1,-1,-5,-3,-3,-3,-4,-5,2,-2.50267382341101,-1.44991447307709,"2","3"
"689",-5,-1,-1,-4,-3,-4,-4,-3,-4,-5,-3,-3,1,0.0180022985758723,-0.305952907518858,"1","1"
"690",-5,-4,-4,-5,-4,-2,-5,-3,-5,-1,-2,-5,3,-0.706397753130436,0.484229809103102,"3","2"
"691",-5,-4,-4,-5,-1,-2,-5,-2,-3,-4,-2,-5,2,-2.1206983625997,-1.34553447457118,"2","3"
"692",-5,-3,-3,-5,-4,-4,-2,-4,-5,-4,-1,-4,1,0.435182095793742,1.31292969269552,"1","1"
"693",-5,-3,-4,-5,-4,-1,-2,-3,-2,-2,-1,-2,2,1.63272727415306,-1.21093811360208,"2","1"
"694",-5,-5,-4,-5,-5,-2,-2,-5,-5,-3,-2,-5,1,0.141968187983691,1.93336512898633,"1","1"
"695",-2,-2,-2,-3,-3,-2,-2,-4,-5,-4,-1,-2,1,2.67892690819598,-1.69576401112351,"1","1"
"696",-5,-1,-2,-5,-4,-4,-4,-4,-4,-5,-4,-5,3,-0.902621920133071,1.12839326301839,"3","3"
"697",-5,-5,-5,-5,-2,-3,-2,-5,-5,-4,-2,-5,3,-1.30289699601274,1.35524299045684,"3","2"
"698",-4,-3,-1,-5,-5,-3,-5,-2,-2,-4,-2,-5,2,-0.160594850502238,-1.13709999100028,"2","3"
"699",-5,-3,-5,-5,-4,-5,-4,-5,-5,-4,-4,-5,3,-2.22701845215329,2.19372053239351,"3","2"
"700",-4,-3,-4,-4,-3,-4,-3,-3,-3,-5,-2,-2,2,-0.256911849739029,-1.18264957955554,"2","3"
"701",-5,-2,-1,-4,-4,-1,-4,-1,-1,-2,-1,-4,2,1.20693140715415,-2.96447793137953,"2","3"
"702",-5,-2,-1,-5,-4,-2,-5,-1,-2,-3,-1,-5,2,0.214801754596334,-1.73696809202315,"2","3"
"703",-5,-1,-5,-5,-3,-3,-4,-4,-3,-5,-5,-5,3,-2.17888116700551,0.427870759593195,"3","3"
"704",-5,-5,-1,-5,-4,-4,-5,-4,-5,-5,-2,-1,3,0.282696504598133,1.27250804717225,"3","2"
"705",-3,-3,-2,-4,-5,-3,-3,-4,-5,-1,-4,-3,1,1.31487379466173,-0.241195877380022,"1","1"
"706",-3,-5,-5,-5,-1,-2,-4,-3,-4,-5,-4,-5,3,-2.45474100137444,-1.10164830296833,"3","2"
"707",-4,-1,-1,-4,-2,-2,-2,-3,-2,-5,-1,-2,2,2.03082059958523,-2.35818158470295,"2","3"
"708",-5,-1,-2,-5,-5,-3,-3,-3,-2,-3,-4,-2,2,0.954959876173923,-0.577234799079198,"2","3"
"709",-5,-3,-5,-5,-4,-5,-3,-5,-5,-3,-3,-5,3,-1.46001769454633,2.01284773918652,"3","2"
"710",-3,-2,-2,-4,-2,-3,-3,-3,-4,-2,-2,-3,2,1.11924617468368,-1.98633831380457,"2","3"
"711",-4,-5,-4,-5,-3,-2,-2,-3,-2,-5,-1,-5,2,-0.533132133566791,-1.14740961792105,"2","3"
"712",-5,-1,-3,-4,-2,-1,-1,-5,-5,-5,-4,-3,1,0.932696754875865,0.5053434737875,"1","1"
"713",-5,-2,-2,-4,-4,-1,-3,-4,-4,-3,-2,-2,1,1.96765752457225,-0.218062844850891,"1","1"
"714",-4,-1,-2,-4,-4,-3,-2,-4,-2,-2,-2,-1,1,2.49338470300782,-1.59994091562084,"1","1"
"715",-5,-4,-5,-4,-3,-2,-4,-2,-3,-3,-2,-5,2,-1.5548673992857,-1.33080814650277,"2","3"
"716",-5,-3,-4,-5,-3,-5,-3,-4,-4,-2,-2,-5,3,-1.09141368132976,0.620330458793505,"3","2"
"717",-5,-3,-2,-5,-5,-5,-2,-2,-2,-5,-1,-2,2,0.73119404359289,-0.634814498413461,"2","3"
"718",-3,-1,-1,-4,-3,-2,-1,-5,-5,-5,-2,-3,1,2.61633615993999,-0.161615706359284,"1","1"
"719",-5,-2,-2,-5,-3,-2,-2,-2,-2,-4,-2,-3,2,0.883834404584262,-1.5754724828707,"2","3"
"720",-5,-3,-4,-4,-3,-4,-4,-3,-3,-4,-3,-4,3,-1.61102893044481,-0.625115124518129,"3","3"
"721",-5,-1,-3,-5,-4,-4,-4,-3,-3,-4,-5,-5,3,-1.57393254252282,0.163794529086759,"3","3"
"722",-5,-2,-2,-5,-4,-4,-4,-4,-4,-3,-3,-3,1,0.174069115459711,0.703306906708417,"1","1"
"723",-4,-1,-3,-5,-4,-1,-5,-5,-5,-5,-5,-4,1,-0.189166609916774,1.24733563114923,"1","1"
"724",-5,-5,-4,-5,-3,-2,-1,-4,-5,-2,-1,-4,1,0.66011285522925,0.634592475532111,"1","1"
"725",-5,-4,-3,-4,-4,-3,-2,-5,-5,-2,-2,-2,1,1.29283270967356,0.874966239065474,"1","1"
"726",-4,-4,-5,-4,-3,-1,-2,-4,-3,-2,-1,-3,2,0.965036330627083,-1.33542153938528,"2","3"
"727",-3,-3,-3,-5,-2,-2,-2,-3,-5,-2,-2,-4,1,0.928535284533515,-1.07776143115871,"1","1"
"728",-5,-2,-3,-5,-3,-2,-5,-4,-4,-5,-2,-3,1,-0.0939757893253446,0.458094720418483,"1","1"
"729",-5,-5,-3,-5,-5,-1,-4,-3,-2,-5,-3,-5,2,-0.931092433140837,-0.157107143765361,"2","3"
"730",-5,-2,-2,-5,-5,-4,-4,-5,-5,-3,-1,-2,1,1.54879222805122,1.7374517064184,"1","1"
"731",-5,-3,-3,-5,-5,-5,-2,-2,-4,-4,-2,-3,2,0.0612068205622397,0.285038917410997,"2","2"
"732",-5,-1,-2,-5,-5,-3,-3,-5,-5,-4,-1,-2,1,2.19143852349006,1.70063998427871,"1","1"
"733",-3,-1,-2,-3,-4,-4,-2,-1,-2,-1,-1,-3,2,1.84420784290328,-3.78618508630777,"2","3"
"734",-5,-1,-3,-4,-5,-2,-2,-5,-5,-3,-2,-3,1,1.95708024997065,1.15810136279035,"1","1"
"735",-5,-1,-4,-5,-2,-3,-1,-5,-5,-5,-1,-4,1,0.649811379824614,1.17770281974573,"1","1"
"736",-5,-5,-5,-5,-5,-2,-5,-3,-3,-5,-2,-5,3,-1.78419671002274,0.446945864481145,"3","3"
"737",-5,-3,-5,-5,-2,-5,-5,-3,-3,-4,-2,-5,3,-2.74719025140776,-0.255301677603545,"3","2"
"738",-4,-3,-3,-5,-5,-3,-2,-2,-2,-3,-1,-4,2,0.889578438369917,-1.36842852652625,"2","3"
"739",-5,-3,-4,-5,-3,-4,-4,-4,-4,-5,-4,-5,3,-2.19539598778053,0.977643002751223,"3","2"
"740",-5,-2,-3,-3,-2,-4,-3,-3,-2,-4,-4,-5,2,-1.73128578708074,-1.75765130919765,"2","3"
"741",-5,-4,-4,-5,-3,-4,-4,-5,-5,-3,-3,-4,3,-1.25196955275245,1.54804797978082,"3","2"
"742",-5,-4,-4,-5,-1,-2,-5,-4,-4,-4,-2,-4,3,-1.46231516042005,-0.0514128714123823,"3","2"
"743",-5,-4,-4,-4,-3,-5,-4,-4,-4,-4,-2,-4,3,-1.6061460717398,0.393130902945717,"3","2"
"744",-5,-5,-4,-5,-4,-3,-4,-5,-4,-4,-3,-5,3,-1.50552435912001,1.51621741403117,"3","2"
"745",-5,-4,-3,-5,-2,-4,-4,-5,-4,-2,-1,-4,3,-0.442283956206371,0.584146123925342,"3","2"
"746",-5,-3,-5,-5,-4,-5,-4,-5,-5,-3,-3,-4,3,-1.42690703296949,1.94585370665194,"3","2"
"747",-5,-4,-4,-4,-3,-4,-5,-2,-3,-2,-4,-2,2,-1.58394900046081,-1.42341543730645,"2","3"
"748",-3,-1,-3,-4,-2,-4,-5,-2,-3,-4,-4,-4,2,-1.34260650114055,-2.33746903120895,"2","3"
"749",-5,-1,-2,-5,-3,-2,-2,-3,-4,-4,-2,-4,1,1.03049089065715,-0.167879421006299,"1","1"
"750",-5,-2,-2,-4,-4,-1,-5,-5,-5,-5,-2,-2,1,1.25293630874886,0.978509958819139,"1","1"
"751",-5,-3,-3,-4,-4,-2,-2,-3,-4,-2,-2,-2,1,1.46867769983728,-0.648432443915401,"1","3"
"752",-5,-2,-3,-5,-4,-2,-3,-4,-5,-4,-2,-4,1,0.621010936011559,1.11040945100204,"1","1"
"753",-5,-2,-4,-4,-3,-4,-3,-2,-3,-3,-2,-4,2,-0.761577953392545,-1.30525063743583,"2","3"
"754",-5,-4,-3,-5,-3,-5,-5,-3,-3,-5,-2,-4,3,-1.92003321135808,0.0339290617576879,"3","2"
"755",-5,-4,-4,-4,-4,-2,-3,-2,-3,-2,-1,-4,2,0.0889824459482857,-1.34633178121779,"2","3"
"756",-5,-2,-3,-5,-4,-5,-5,-4,-5,-4,-2,-4,3,-0.846835590080825,1.48298970124479,"3","2"
"757",-5,-1,-3,-3,-3,-1,-5,-3,-4,-5,-1,-5,2,-0.107773140695777,-0.911008066193011,"2","2"
"758",-5,-4,-4,-5,-4,-2,-4,-4,-4,-2,-2,-4,3,-0.173625847252519,0.530845028396456,"3","2"
"759",-5,-5,-5,-5,-1,-4,-2,-2,-2,-4,-2,-5,2,-2.41088258094429,-1.54952330677313,"2","3"
"760",-5,-4,-4,-4,-4,-3,-3,-2,-3,-2,-1,-5,2,-0.532618659719393,-1.14943338107915,"2","3"
"761",-5,-2,-1,-5,-5,-1,-5,-5,-5,-5,-2,-2,1,1.8173234232747,1.67151285570737,"1","1"
"762",-5,-1,-3,-5,-5,-1,-1,-4,-4,-1,-1,-3,1,2.99422050827952,0.271148134457634,"1","1"
"763",-5,-2,-3,-5,-5,-5,-2,-5,-4,-2,-1,-4,1,0.961476227926605,1.44822797712809,"1","1"
"764",-5,-1,-2,-5,-5,-3,-1,-5,-5,-4,-1,-5,1,1.79448173257941,1.91875493445191,"1","1"
"765",-5,-5,-5,-2,-1,-5,-4,-1,-2,-1,-1,-5,2,-2.69567676033085,-3.61463327743677,"2","3"
"766",-5,-4,-5,-5,-5,-1,-4,-4,-1,-4,-2,-2,2,0.163187326649016,-0.515265939655467,"2","3"
"767",-5,-2,-2,-5,-3,-5,-4,-2,-2,-1,-2,-5,2,-0.770069351039005,-1.4110524378633,"2","3"
"768",-5,-2,-3,-5,-3,-2,-3,-3,-4,-4,-1,-3,1,0.84047290723138,-0.206794965385233,"1","1"
"769",-2,-3,-2,-4,-3,-2,-3,-3,-2,-4,-3,-2,2,1.23308021068161,-2.92651365925096,"2","3"
"770",-5,-2,-3,-5,-5,-4,-4,-5,-5,-4,-2,-2,1,0.758010002198364,1.93516007101791,"1","1"
"771",-5,-4,-4,-3,-2,-2,-3,-2,-2,-3,-2,-3,2,-0.584640223227247,-2.72161492230069,"2","3"
"772",-4,-2,-3,-2,-3,-2,-4,-3,-2,-3,-3,-2,2,0.463424746286718,-3.00161501029932,"2","3"
"773",-4,-2,-4,-5,-5,-4,-4,-4,-3,-2,-1,-5,3,0.050067502341955,0.117102486144845,"3","3"
"774",-5,-2,-4,-5,-5,-4,-5,-2,-2,-4,-2,-4,2,-1.11490461549863,-0.579578226949249,"2","3"
"775",-3,-2,-2,-5,-1,-5,-5,-3,-4,-4,-3,-3,3,-0.892015751040714,-1.27723592707683,"3","3"
"776",-5,-2,-3,-4,-5,-3,-2,-4,-4,-3,-1,-3,1,1.56702137429111,0.353618493783112,"1","1"
"777",-5,-3,-4,-5,-4,-5,-5,-4,-4,-5,-3,-5,3,-2.24827437032825,1.3527232224235,"3","2"
"778",-5,-5,-3,-3,-1,-4,-5,-5,-5,-5,-1,-2,3,-0.960438954325021,0.115800095479391,"3","2"
"779",-4,-2,-2,-5,-5,-2,-2,-5,-5,-3,-2,-4,1,1.99598532286007,1.22481481499011,"1","1"
"780",-5,-3,-4,-3,-4,-3,-2,-3,-2,-4,-3,-3,2,-0.255038361590541,-1.46084202373819,"2","3"
"781",-3,-4,-2,-2,-2,-4,-4,-4,-3,-2,-2,-3,2,0.131837435198347,-2.65632666159909,"2","3"
"782",-5,-1,-4,-5,-5,-2,-4,-5,-5,-5,-2,-5,1,0.0802844516707716,2.08905876568709,"1","1"
"783",-4,-1,-1,-4,-4,-1,-4,-4,-4,-5,-1,-5,1,1.44840977990688,-0.261572947726876,"1","1"
"784",-4,-2,-3,-4,-3,-2,-4,-2,-3,-4,-2,-3,2,0.258786881344279,-1.96563534077179,"2","3"
"785",-5,-2,-3,-2,-2,-2,-2,-3,-4,-4,-3,-4,2,-0.0939750159550952,-1.67728872930582,"2","3"
"786",-5,-1,-4,-3,-2,-4,-4,-4,-3,-3,-3,-2,2,-0.478636559121194,-1.24368486006376,"2","3"
"787",-5,-4,-4,-5,-4,-4,-3,-4,-5,-2,-3,-2,3,-0.0398720975170277,1.0537504593862,"3","2"
"788",-5,-1,-4,-4,-2,-2,-3,-1,-1,-1,-2,-3,2,0.190986134918725,-3.53753120658989,"2","3"
"789",-5,-3,-4,-4,-3,-3,-4,-1,-2,-3,-4,-4,2,-1.80024450772821,-2.20333783747363,"2","3"
"790",-5,-5,-3,-4,-5,-3,-3,-5,-4,-4,-2,-3,1,0.292316223887458,1.09851136606768,"1","1"
"791",-3,-5,-3,-4,-2,-2,-3,-3,-3,-3,-1,-3,2,0.535963758950801,-2.32528306437713,"2","3"
"792",-4,-3,-2,-3,-3,-3,-2,-3,-3,-1,-2,-3,2,1.25926712210189,-2.24177606386295,"2","3"
"793",-5,-3,-4,-5,-5,-1,-2,-3,-3,-5,-1,-5,1,0.457108510304938,0.145781392919623,"1","3"
"794",-5,-4,-4,-5,-3,-2,-3,-5,-5,-4,-2,-2,1,0.441290945534485,1.22432103659214,"1","1"
"795",-5,-3,-5,-5,-2,-1,-5,-5,-5,-4,-1,-1,1,0.445060621746644,0.741565002823207,"1","1"
"796",-5,-4,-4,-4,-2,-2,-2,-3,-3,-5,-1,-5,2,-0.738779745269249,-1.00292866832845,"2","3"
"797",-5,-2,-3,-5,-5,-4,-4,-5,-5,-3,-1,-4,1,0.565915018111217,1.93967390058842,"1","1"
"798",-5,-5,-4,-5,-5,-3,-2,-5,-5,-5,-2,-3,1,0.195631014931569,2.1288255241085,"1","1"
"799",-3,-2,-4,-1,-4,-4,-4,-4,-4,-3,-3,-3,3,-0.0566616955350661,-1.92156474237253,"3","3"
"800",-5,-3,-2,-5,-5,-2,-3,-5,-5,-3,-2,-3,1,1.57388103952097,1.64955000405693,"1","1"
"801",-5,-4,-4,-3,-4,-4,-5,-5,-4,-3,-4,-5,3,-2.07036818661819,0.63948668570927,"3","2"
"802",-5,-1,-1,-5,-4,-3,-1,-5,-4,-2,-1,-3,1,2.8023000677689,0.737665214220062,"1","1"
"803",-5,-3,-4,-4,-4,-4,-4,-4,-4,-4,-2,-2,3,-0.216475066195447,0.363171405577573,"3","2"
"804",-5,-1,-1,-5,-5,-2,-2,-5,-3,-2,-1,-2,1,3.28368971273853,0.396863726000561,"1","1"
"805",-4,-2,-3,-4,-4,-3,-3,-4,-3,-3,-3,-4,2,0.267438180990083,-0.655859955248114,"2","1"
"806",-5,-1,-3,-5,-5,-4,-2,-4,-5,-3,-5,-5,3,-0.330739482236654,1.64334682280183,"3","2"
"807",-5,-1,-5,-4,-2,-5,-1,-5,-4,-5,-1,-5,3,-0.6696291327975,0.633333897380465,"3","2"
"808",-5,-1,-2,-3,-4,-2,-3,-3,-3,-2,-1,-4,1,1.48157962740202,-1.48804748145697,"1","3"
"809",-5,-5,-4,-5,-3,-3,-4,-4,-2,-3,-4,-4,3,-1.81669458473264,-0.29440150473268,"3","3"
"810",-5,-4,-4,-5,-4,-5,-4,-5,-5,-3,-1,-5,3,-1.02705388077788,1.95185361649794,"3","2"
"811",-3,-4,-4,-4,-2,-5,-5,-3,-5,-2,-4,-5,3,-2.34178780345177,-0.904563961909845,"3","3"
"812",-5,-1,-4,-4,-3,-5,-5,-5,-5,-3,-3,-5,3,-1.551587699229,1.22141634014638,"3","2"
"813",-4,-2,-2,-3,-4,-3,-3,-4,-4,-2,-1,-3,1,1.74888109600514,-0.975010265525377,"1","3"
"814",-5,-4,-3,-5,-5,-4,-2,-5,-5,-4,-3,-3,1,0.286365257351172,2.08804722583966,"1","1"
"815",-5,-5,-5,-4,-2,-5,-3,-2,-4,-2,-2,-5,3,-2.34140870366774,-0.941683158782429,"3","3"
"816",-4,-2,-3,-5,-4,-5,-4,-5,-5,-4,-4,-4,3,-0.798255490628293,1.54992757776415,"3","2"
"817",-5,-1,-4,-4,-4,-4,-3,-4,-5,-4,-2,-4,1,-0.087773022215984,0.894015372057582,"1","1"
"818",-4,-2,-4,-4,-5,-2,-3,-5,-3,-4,-2,-4,1,0.744215237920553,0.102868170922532,"1","3"
"819",-4,-1,-4,-5,-1,-3,-1,-3,-3,-5,-1,-5,2,-0.0579853095206844,-1.30369420109726,"2","3"
"820",-4,-4,-4,-5,-4,-4,-4,-3,-2,-3,-2,-5,2,-1.26674083507252,-0.849209129644249,"2","3"
"821",-4,-5,-5,-5,-4,-3,-2,-2,-2,-3,-2,-2,2,-0.0526294098627016,-1.64916394151172,"2","3"
"822",-4,-5,-4,-4,-3,-2,-5,-5,-5,-4,-2,-4,3,-0.80374232543101,0.556341796412309,"3","2"
"823",-5,-5,-4,-5,-4,-4,-5,-4,-4,-5,-3,-4,3,-2.05192743801195,1.22058218165172,"3","2"
"824",-3,-3,-4,-4,-4,-1,-1,-3,-4,-5,-2,-1,1,2.07625934775649,-1.37078238105406,"1","1"
"825",-5,-5,-5,-5,-1,-5,-5,-5,-5,-5,-1,-4,3,-2.51904108729016,1.35181593523047,"3","2"
"826",-5,-5,-5,-5,-5,-5,-5,-5,-5,-5,-3,-5,3,-2.57275660546939,2.64625792154583,"3","2"
"827",-5,-5,-1,-5,-5,-1,-3,-5,-5,-1,-2,-1,1,2.73931218467567,1.14837100392355,"1","1"
"828",-5,-4,-4,-5,-1,-5,-5,-4,-5,-5,-5,-5,3,-3.68953892557229,1.0557861386208,"3","2"
"829",-5,-3,-3,-5,-3,-4,-4,-3,-4,-4,-2,-4,3,-0.893150445301954,0.190655097530653,"3","2"
"830",-5,-3,-4,-5,-4,-4,-5,-5,-5,-2,-2,-5,3,-0.973619443143069,1.73663356469127,"3","2"
"831",-5,-5,-4,-5,-5,-4,-5,-5,-5,-3,-3,-4,3,-1.31280675472028,2.16444844714962,"3","2"
"832",-4,-2,-2,-4,-2,-4,-2,-4,-4,-4,-2,-4,1,0.365916413530899,-0.629395533994513,"1","1"
"833",-5,-3,-4,-5,-5,-5,-4,-4,-4,-4,-1,-4,3,-0.614926083421186,1.3328993961807,"3","2"
"834",-4,-5,-3,-5,-3,-4,-2,-5,-5,-5,-3,-1,1,0.369911038213999,1.05140398342895,"1","1"
"835",-5,-3,-4,-5,-4,-4,-3,-3,-3,-5,-2,-4,3,-0.917989803393441,0.171926053420679,"3","2"
"836",-5,-3,-4,-4,-4,-3,-2,-3,-5,-5,-3,-3,1,-0.193354102376737,0.441597379326619,"1","1"
"837",-5,-1,-3,-5,-5,-3,-3,-4,-5,-4,-3,-4,1,0.45657501412143,1.51251536940094,"1","1"
"838",-5,-4,-5,-4,-4,-3,-4,-3,-2,-3,-3,-2,2,-0.87684113731209,-1.1263005719135,"2","3"
"839",-5,-2,-3,-5,-3,-3,-2,-5,-5,-3,-2,-4,1,0.691710861395083,1.26401636078874,"1","1"
"840",-5,-2,-3,-5,-4,-3,-5,-5,-5,-4,-2,-5,3,-0.465662914786029,1.80845759630686,"3","2"
"841",-5,-3,-5,-3,-3,-2,-2,-2,-2,-3,-2,-3,2,-0.171087259353451,-2.45371356303364,"2","3"
"842",-5,-5,-5,-4,-3,-5,-3,-3,-4,-2,-2,-3,3,-1.3250535554794,-0.35960842140524,"3","2"
"843",-4,-1,-1,-4,-1,-4,-2,-2,-3,-2,-1,-3,2,1.30617734927745,-2.73077374435007,"2","3"
"844",-5,-4,-2,-5,-4,-1,-1,-5,-5,-1,-1,-2,1,2.98124451218376,0.878108845119516,"1","1"
"845",-4,-5,-2,-3,-2,-1,-1,-3,-3,-3,-1,-2,2,1.81335939850877,-2.5745919049909,"2","3"
"846",-5,-3,-4,-4,-5,-2,-2,-4,-5,-1,-1,-2,1,2.03882558947434,0.416604955202521,"1","1"
"847",-4,-1,-1,-3,-3,-2,-2,-4,-3,-5,-2,-1,1,2.45455606922358,-1.65275779181596,"1","1"
"848",-3,-1,-1,-5,-5,-1,-3,-5,-3,-3,-3,-3,1,2.65109012566666,-0.331340579069233,"1","1"
"849",-5,-2,-4,-5,-2,-3,-4,-2,-2,-5,-4,-4,2,-1.98081687526573,-1.3578074410999,"2","3"
"850",-5,-4,-5,-4,-1,-4,-4,-1,-1,-4,-3,-5,2,-3.32015418457609,-2.86425896735571,"2","3"
"851",-4,-4,-4,-4,-3,-5,-3,-4,-4,-4,-3,-4,3,-1.37683812341853,-0.0450838760519485,"3","2"
"852",-5,-1,-1,-5,-5,-1,-2,-5,-5,-2,-1,-2,1,3.70914335057303,1.17305302738246,"1","1"
"853",-5,-3,-3,-3,-3,-3,-3,-5,-5,-5,-1,-3,1,0.469609692428367,0.555021336158973,"1","1"
"854",-5,-4,-5,-4,-3,-5,-3,-3,-3,-4,-1,-4,3,-1.51649369107885,-0.539666589387048,"3","2"
"855",-5,-4,-5,-5,-3,-5,-4,-4,-5,-4,-4,-5,3,-2.79452975150336,1.4757707044917,"3","2"
"856",-5,-5,-5,-5,-5,-2,-5,-5,-5,-3,-2,-2,3,-0.0801061017118422,1.76635145534454,"3","2"
"857",-3,-4,-3,-5,-4,-1,-1,-3,-3,-2,-2,-3,1,1.94996080066985,-1.58148588548397,"1","3"
"858",-3,-5,-4,-3,-1,-2,-2,-2,-2,-2,-2,-3,2,-0.0807028973586024,-4.0339859717284,"2","3"
"859",-5,-4,-4,-5,-4,-4,-3,-3,-3,-4,-2,-4,3,-0.972145654741437,0.0788334079563098,"3","2"
"860",-5,-4,-4,-5,-3,-4,-4,-4,-5,-3,-3,-3,3,-1.05141095222585,0.997037054649511,"3","2"
"861",-5,-2,-3,-4,-5,-4,-2,-5,-5,-2,-1,-4,1,1.3013623711434,1.3364100170095,"1","1"
"862",-5,-2,-5,-5,-1,-5,-5,-1,-5,-5,-2,-5,3,-3.04350748004073,-0.490460763335185,"3","2"
"863",-4,-5,-5,-3,-5,-2,-1,-4,-4,-3,-1,-3,1,1.09913237308725,-0.514090382056927,"1","1"
"864",-5,-3,-4,-5,-3,-1,-2,-5,-5,-3,-1,-4,1,1.05031349221387,1.06655181887516,"1","1"
"865",-5,-2,-3,-5,-2,-3,-1,-4,-2,-4,-1,-4,2,0.585002935786575,-0.749683514332668,"2","3"
