"","Movies","Horror","Thriller","Comedy","Romantic","Sci.fi","War","Fantasy.Fairy.tales","Animated","Documentary","Western","Action","Age","Height","Weight","Number.of.siblings","Gender","Left...right.handed","Education","Only.child","Village...town","House...block.of.flats","cluster"
"1",5,4,2,5,4,4,1,5,5,3,1,2,20,163,48,1,1,2,1,0,1,1,1
"2",5,2,2,4,3,4,1,3,5,4,1,4,19,163,58,2,1,2,1,0,2,1,1
"3",5,3,4,4,2,4,2,5,5,2,2,1,20,176,67,2,1,2,5,0,2,1,1
"4",5,4,4,3,3,4,3,1,2,5,1,2,22,172,59,1,1,2,1,1,2,2,1
"5",5,4,4,5,2,3,3,4,4,3,1,4,20,170,59,1,1,2,5,0,1,2,1
"6",5,5,5,5,2,3,3,4,3,3,2,4,20,186,77,1,0,2,5,0,2,1,2
"7",4,2,1,5,3,1,3,5,5,3,1,2,20,177,50,1,1,2,5,0,1,2,1
"8",5,4,4,5,2,3,3,4,4,3,1,3,19,184,90,1,0,2,1,0,2,2,2
"9",5,2,1,5,5,1,3,4,4,4,1,2,19,174,60,3,1,2,5,0,2,1,1
"10",5,5,4,5,3,3,2,5,5,3,1,3,19,175,60,2,1,1,5,0,2,1,1
"11",5,3,4,4,3,2,5,5,5,5,1,4,17,176,60,1,1,2,5,0,2,1,1
"12",5,1,5,4,3,1,4,5,3,3,1,1,24,168,55,10,1,2,1,0,2,1,1
"13",5,3,2,5,5,2,1,5,4,2,1,3,19,165,55,1,1,2,5,0,2,1,1
"14",4,1,3,5,4,1,1,5,5,3,1,4,22,175,57,1,1,2,1,0,2,1,1
"15",5,5,5,5,3,3,5,4,4,5,2,4,18,177,77,0,0,2,5,1,2,1,2
"16",5,3,3,5,3,2,2,2,2,4,1,2,19,175,65,2,1,2,1,0,2,1,1
"17",5,4,2,5,5,5,2,4,4,5,1,3,20,168,65,1,1,2,5,0,1,2,1
"18",5,2,4,5,4,5,5,4,4,5,5,5,18,181,78,2,0,2,5,0,2,2,2
"19",3,1,4,4,2,3,5,4,4,5,2,5,18,188,90,1,0,1,5,0,2,2,2
"20",5,5,5,5,3,3,4,3,3,3,2,4,20,186,77,1,0,2,5,0,2,1,2
"21",5,5,5,5,2,5,3,3,4,5,2,5,24,186,85,1,0,1,5,0,2,1,2
"22",5,2,4,5,5,4,3,5,5,3,2,2,20,168,54,3,1,2,5,0,2,1,1
"23",5,4,2,5,5,2,2,2,2,3,1,4,19,167,51,1,1,2,5,0,2,1,1
"24",5,1,2,5,5,1,1,4,3,3,1,1,20,170,56,1,1,2,5,1,2,1,1
"25",5,3,2,5,4,2,5,5,5,5,2,1,22,165,63,1,1,1,1,0,2,2,1
"26",5,2,4,3,4,5,3,2,4,5,2,5,19,163,50,1,1,2,5,0,2,2,1
"27",5,3,3,5,3,1,5,4,4,3,4,4,20,187,80,2,0,1,5,1,1,2,2
"28",5,3,2,5,5,2,4,5,5,4,2,2,19,168,60,2,1,2,5,0,1,1,1
"29",5,2,5,4,3,4,4,3,3,4,3,5,25,183,87,1,0,2,5,0,2,1,2
"30",4,1,1,5,5,2,2,5,5,4,1,1,22,177,80,1,1,2,5,0,2,1,2
"31",5,5,5,5,5,2,3,5,5,3,2,4,20,158,46,4,1,1,5,0,2,1,1
"32",4,3,4,4,3,1,3,5,4,5,2,3,27,170,70,1,1,2,4,0,2,1,1
"33",5,2,3,5,4,4,2,2,5,3,1,5,20,177,67,5,0,2,1,0,2,1,1
"34",5,1,2,5,5,3,4,1,1,1,1,5,19,170,72,1,1,2,5,0,1,2,1
"35",5,3,5,4,4,4,4,5,5,3,1,5,18,173,65,1,1,2,5,0,2,1,1
"36",4,3,2,5,2,3,4,2,2,4,3,4,21,185,101,1,0,2,5,0,2,1,2
"37",5,1,4,5,5,3,3,5,5,5,2,5,23,168,60,1,1,2,5,0,1,2,1
"38",4,5,5,5,5,3,4,5,5,4,2,3,21,155,46,1,1,2,5,0,2,2,1
"39",5,1,5,5,3,2,1,2,2,4,1,5,26,172,62,1,1,2,5,0,2,1,1
"40",3,1,5,5,1,5,5,1,1,5,5,5,20,188,80,3,0,2,1,0,2,1,2
"41",5,4,4,5,5,5,3,5,5,4,3,5,19,170,90,0,1,2,5,1,2,1,2
"42",5,1,1,5,4,3,2,5,5,3,1,4,20,163,55,1,1,2,1,0,2,1,1
"43",5,3,4,5,4,3,1,5,4,4,1,3,25,170,67,1,1,2,4,0,1,1,1
"44",5,5,5,5,3,5,1,3,2,1,1,5,21,163,55,1,1,2,1,0,2,1,1
"45",3,2,2,3,2,2,1,2,2,3,1,2,20,171,70,1,1,2,5,1,1,2,1
"46",5,3,4,5,3,3,3,5,3,1,1,4,20,157,41,1,1,2,5,0,2,1,1
"47",5,1,5,5,4,2,4,4,4,4,1,5,19,175,60,2,1,2,1,0,2,1,1
"48",5,5,5,5,5,5,5,5,5,5,5,5,21,160,58,2,1,2,5,0,1,1,1
"49",5,3,3,5,5,1,5,5,3,3,1,5,18,164,51,4,1,2,5,0,2,1,1
"50",5,5,5,5,5,5,3,5,5,5,2,5,21,160,57,2,1,2,1,0,2,1,1
"51",5,2,4,3,3,2,3,4,4,3,2,3,23,165,45,1,1,2,1,0,1,2,1
"52",5,4,4,5,3,5,3,5,5,5,2,4,21,157,45,1,1,2,5,0,2,1,1
"53",5,2,4,5,1,3,2,3,3,5,1,4,19,185,71,1,0,2,5,0,1,2,2
"54",5,5,3,3,3,4,3,3,2,3,1,3,22,178,74,1,0,2,1,0,2,1,2
"55",5,1,4,4,4,4,5,3,2,4,3,4,23,175,72,1,0,2,1,0,2,1,2
"56",5,3,4,5,5,5,3,4,4,2,2,4,23,165,56,1,0,1,5,0,2,1,1
"57",5,4,5,5,1,5,5,5,5,5,1,5,23,189,81,2,0,2,5,0,2,1,2
"58",5,2,1,5,5,1,3,5,5,2,1,2,18,180,52,0,1,2,5,1,2,1,1
"59",5,5,5,5,3,5,5,4,4,3,2,5,17,185,84,1,0,1,5,1,2,1,2
"60",4,3,4,5,3,5,5,5,5,4,3,3,20,183,83,1,0,2,5,0,1,2,2
"61",5,3,3,5,5,1,2,4,1,2,1,3,24,160,58,0,1,2,1,1,1,2,1
"62",5,1,2,5,4,4,2,5,5,2,1,3,18,162,50,1,1,2,1,0,1,2,1
"63",5,1,1,5,5,1,1,3,5,1,1,1,20,163,47,3,1,1,5,0,2,1,1
"64",5,1,3,5,3,3,3,2,3,2,1,1,17,185,82,1,0,2,5,1,2,2,2
"65",4,2,3,5,3,1,3,3,4,3,1,5,20,175,83,1,0,1,5,1,2,1,2
"66",5,4,5,5,5,3,3,5,5,4,2,5,28,168,52,1,1,2,5,0,2,1,1
"67",5,4,4,5,4,3,5,5,5,3,3,5,21,177,80,1,0,2,5,1,2,2,2
"68",5,1,1,5,1,4,5,3,1,4,5,5,22,190,80,1,0,2,4,0,2,1,2
"69",4,2,3,5,2,1,4,1,2,4,4,4,20,192,77,1,0,2,5,0,1,2,2
"70",5,1,2,5,3,1,1,5,5,5,2,4,21,175,60,1,1,2,5,0,2,1,1
"71",5,3,3,5,4,2,3,5,5,5,3,3,24,148,57,1,1,2,1,0,1,2,1
"72",5,4,4,5,4,5,5,5,5,5,3,4,21,173,63,2,1,2,5,0,2,2,1
"73",5,5,4,5,4,3,4,5,5,4,2,3,19,163,48,1,1,2,5,0,2,1,1
"74",5,4,3,5,3,5,3,5,4,4,3,5,22,177,80,1,0,2,5,0,2,1,2
"75",5,1,2,3,2,4,3,5,5,5,3,4,18,163,47,1,1,2,5,0,2,1,1
"76",5,3,5,5,5,1,1,5,5,5,1,5,22,163,53,2,1,2,5,0,2,1,1
"77",5,5,5,4,1,5,5,3,5,5,5,5,19,168,48,0,1,2,5,1,2,1,1
"78",5,3,3,5,4,3,5,5,5,3,3,3,22,159,53,2,0,2,1,0,2,1,1
"79",5,2,4,4,1,4,4,3,4,4,3,5,24,179,65,3,0,2,4,0,2,1,1
"80",5,1,5,5,4,1,5,3,2,4,2,3,18,159,50,3,1,2,1,0,1,2,1
"81",5,5,5,5,2,2,1,3,3,4,1,5,21,164,75,0,1,2,5,1,2,1,1
"82",5,1,4,4,3,2,3,3,3,3,3,3,22,156,50,2,1,2,4,0,1,2,1
"83",4,2,2,5,4,2,2,5,5,3,1,5,19,154,58,3,1,2,5,0,1,2,1
"84",5,1,3,3,4,3,2,4,4,5,3,3,19,170,63,0,1,2,1,1,2,1,1
"85",4,4,3,3,1,4,3,3,4,3,3,1,24,175,80,2,0,2,4,0,1,2,2
"86",5,5,5,5,1,4,2,2,3,3,1,5,21,179,68,1,0,2,5,0,2,1,2
"87",5,3,3,5,3,5,5,4,4,3,1,5,21,180,75,1,0,2,1,0,2,2,2
"88",2,1,1,5,1,5,5,5,5,1,1,2,19,182,81,1,0,2,1,0,2,1,2
"89",5,2,3,5,3,5,5,3,5,5,3,5,19,200,75,1,0,2,5,0,1,1,2
"90",3,3,3,2,2,5,5,1,3,5,3,5,22,187,70,1,0,2,5,0,1,2,2
"91",3,2,1,5,4,2,1,4,3,5,1,3,18,162,50,1,1,1,5,0,2,2,1
"92",5,2,2,5,5,3,2,5,5,3,2,3,21,172,71,1,1,2,5,0,2,1,2
"93",4,1,4,5,3,4,5,4,5,5,4,5,18,194,90,1,0,2,5,0,1,2,2
"94",5,4,5,5,4,5,4,5,5,5,2,5,20,168,55,0,1,2,5,1,2,1,1
"95",4,4,4,4,2,3,5,4,4,5,3,4,21,180,70,1,0,2,5,0,1,1,2
"96",4,1,2,4,3,1,4,4,5,5,3,3,24,178,74,1,0,2,1,0,1,2,2
"97",5,2,3,5,5,5,5,5,5,4,3,4,19,182,80,1,0,2,5,0,2,1,2
"98",5,3,5,5,4,3,2,4,4,3,1,5,17,168,61,1,1,2,5,0,2,1,1
"99",5,1,4,4,2,5,5,3,3,4,3,5,18,176,65,0,0,2,5,1,2,1,1
"100",4,1,2,5,3,4,5,4,3,4,5,4,21,185,70,1,0,2,1,0,2,2,2
"101",4,1,2,4,4,2,2,5,4,4,2,4,22,166,56,1,1,2,1,0,1,2,1
"102",5,1,3,4,4,3,1,4,4,4,1,2,20,163,54,1,1,1,5,0,2,1,1
"103",5,1,4,4,3,2,2,5,5,3,2,4,19,163,54,1,1,2,5,0,2,2,1
"104",4,1,2,5,5,3,3,5,5,3,1,2,21,169,61,1,1,2,1,0,2,1,1
"105",4,1,2,4,5,2,2,4,2,4,1,4,18,165,55,3,1,2,5,0,1,2,1
"106",5,3,2,3,2,2,3,2,2,3,3,2,23,175,60,1,0,2,1,0,2,1,1
"107",3,2,3,4,3,1,2,3,3,2,1,2,16,161,54,1,1,2,5,0,1,2,1
"108",3,1,3,5,4,2,5,4,4,5,3,5,23,188,90,0,0,2,1,1,2,1,2
"109",4,4,4,4,3,3,4,3,4,1,3,4,21,180,85,2,0,2,5,0,2,1,2
"110",4,4,4,3,2,2,2,4,4,5,2,5,23,156,56,0,1,2,4,1,2,2,1
"111",3,1,4,4,2,1,1,2,4,5,1,4,20,172,80,0,1,1,5,1,1,2,2
"112",5,2,3,5,4,4,3,4,4,3,2,2,20,157,54,1,1,2,5,0,2,1,1
"113",3,1,2,4,4,1,1,5,5,3,1,4,20,163,56,2,1,2,5,0,1,2,1
"114",5,2,4,4,3,4,4,3,3,4,2,4,19,177,64,1,1,2,5,0,2,1,1
"115",5,1,4,3,5,5,5,2,5,2,1,1,15,173,49,3,1,1,5,0,2,2,1
"116",5,1,1,4,5,2,2,5,5,5,2,2,20,178,75,1,1,2,5,0,1,2,2
"117",5,3,5,2,1,4,3,3,3,3,4,5,18,193,103,2,0,2,5,1,1,2,2
"118",5,4,4,5,5,5,4,2,5,4,1,3,15,170,51,1,1,2,5,0,1,2,1
"119",5,1,1,2,2,1,4,5,4,5,1,4,20,170,50,2,1,2,1,0,2,2,1
"120",5,5,3,5,5,5,3,5,5,5,3,4,16,170,59,1,1,2,5,1,1,2,1
"121",4,3,5,5,2,4,5,3,3,5,2,4,18,185,62,1,0,2,5,0,1,1,1
"122",5,4,4,5,4,3,5,2,2,4,3,4,21,185,90,1,0,2,5,0,1,2,2
"123",5,1,2,5,5,1,3,5,4,4,3,2,20,168,50,4,1,2,5,0,1,2,1
"124",5,3,3,5,5,2,1,3,4,1,2,3,19,168,53,1,1,2,1,0,1,1,1
"125",3,3,1,5,5,1,1,5,5,5,1,1,19,170,65,1,1,2,5,1,2,1,1
"126",4,2,4,4,4,1,2,2,2,4,1,1,19,165,78,1,1,2,5,0,1,2,2
"127",5,2,3,3,3,4,3,4,2,4,2,4,18,185,83,2,0,2,5,0,2,1,2
"128",4,4,4,5,5,4,3,3,3,4,3,4,20,165,55,3,0,2,5,0,1,2,1
"129",3,2,2,4,2,5,5,4,4,4,2,2,19,184,85,5,0,2,1,0,2,1,2
"130",5,2,4,4,3,4,2,2,2,3,1,4,22,177,61,1,1,2,5,0,2,1,1
"131",5,4,4,5,2,2,2,3,3,2,1,4,20,180,100,1,0,2,5,0,2,1,2
"132",5,5,3,5,3,2,5,2,3,5,2,4,25,170,72,2,0,2,1,0,2,1,2
"133",3,2,4,5,4,3,3,3,5,4,2,4,21,170,52,0,1,2,1,1,2,1,1
"134",4,4,4,5,3,2,5,1,1,5,3,4,24,185,81,1,0,2,1,0,2,1,2
"135",4,5,4,3,3,4,2,3,4,3,1,2,19,171,72,1,1,2,5,0,2,1,2
"136",5,4,4,4,4,3,3,3,2,3,2,4,25,177,97,1,0,1,3,1,2,1,2
"137",5,5,5,3,2,4,5,3,3,3,4,4,26,175,60,2,0,2,4,0,1,2,1
"138",5,4,4,5,5,4,1,5,5,2,1,4,15,160,48,2,1,2,2,0,1,1,1
"139",5,5,4,5,3,5,5,4,4,4,1,3,19,194,79,1,0,2,5,0,2,1,2
"140",5,2,5,5,3,5,2,4,4,3,1,5,20,172,73,2,1,1,5,1,2,2,2
"141",4,2,2,5,5,3,5,2,1,5,3,2,21,190,89,0,0,1,1,1,2,1,2
"142",4,5,5,3,3,5,3,2,2,4,1,3,22,184,71,1,0,2,5,0,2,1,2
"143",5,1,1,5,5,2,5,3,2,4,1,3,20,168,60,1,1,2,1,1,2,1,1
"144",4,4,4,5,3,3,2,3,4,3,1,4,21,161,65,1,1,2,5,0,2,1,1
"145",5,5,5,5,3,3,3,4,4,4,3,4,20,180,71,0,1,2,5,1,2,1,2
"146",5,3,2,2,1,2,4,3,5,3,2,3,19,157,57,2,1,2,5,1,1,2,1
"147",3,1,2,5,2,3,5,4,5,4,1,3,19,176,64,1,0,2,5,0,2,1,1
"148",5,5,5,5,3,3,4,3,4,3,2,4,20,180,72,0,0,2,5,1,2,1,2
"149",3,3,3,4,2,5,4,3,4,5,3,3,22,191,85,1,0,2,5,0,1,2,2
"150",5,4,3,5,4,5,3,3,4,5,3,4,21,187,75,1,0,2,5,0,2,1,2
"151",5,1,5,5,5,5,5,5,1,5,3,5,26,183,78,0,0,2,5,1,2,2,2
"152",4,2,4,5,5,1,1,4,5,2,1,2,17,163,61,2,1,2,5,1,2,1,1
"153",5,3,4,5,5,4,3,4,4,5,3,4,26,169,70,2,0,2,4,0,2,2,1
"154",3,3,3,3,2,2,2,5,5,4,3,3,20,160,50,1,1,2,4,0,2,1,1
"155",4,4,4,4,2,4,5,4,5,5,2,4,22,182,75,1,0,2,5,0,2,1,2
"156",4,5,5,5,1,5,1,1,1,4,1,3,21,175,60,0,0,2,5,1,2,1,1
"157",4,2,3,4,2,2,3,3,3,3,3,3,23,180,80,0,0,2,5,1,2,2,2
"158",5,1,4,5,4,3,1,5,5,4,2,4,19,158,47,0,1,2,5,1,2,2,1
"159",5,3,3,5,2,3,1,3,3,3,2,1,21,174,85,0,1,2,1,1,2,2,2
"160",5,1,2,5,5,3,3,5,5,3,2,3,19,167,55,2,1,2,5,0,2,1,1
"161",4,1,2,5,5,2,2,4,1,5,2,2,29,169,65,2,1,2,4,0,2,1,1
"162",4,2,4,4,1,2,2,2,2,2,1,3,22,183,80,1,1,2,1,0,2,1,2
"163",2,2,2,2,2,2,5,5,5,5,3,3,19,170,55,2,1,1,1,0,1,2,1
"164",5,5,5,4,4,4,5,3,3,4,5,4,17,166,54,1,1,2,5,0,2,1,1
"165",4,3,5,4,4,3,3,4,4,4,2,2,16,158,48,1,1,1,5,0,2,1,1
"166",4,1,2,4,5,1,1,5,5,4,1,1,29,160,67,2,1,2,4,0,1,2,1
"167",5,3,3,5,4,3,2,5,5,4,1,2,18,158,65,2,1,2,5,0,2,1,1
"168",5,3,4,5,5,4,3,3,4,5,1,4,26,169,70,2,0,2,4,0,2,2,1
"169",5,3,5,4,2,4,4,3,3,2,2,3,19,183,78,1,0,2,5,0,2,2,2
"170",4,5,5,5,4,3,3,3,2,3,2,4,19,185,70,1,0,2,5,1,2,2,2
"171",5,1,2,5,5,4,3,5,5,4,3,3,20,169,64,0,1,2,5,1,2,1,1
"172",3,5,3,3,2,3,5,5,5,3,2,3,20,186,88,1,0,2,5,0,1,2,2
"173",4,1,4,5,2,3,3,3,3,4,2,4,21,186,89,1,0,2,5,0,1,2,2
"174",5,4,4,5,5,5,5,4,4,5,4,3,21,169,55,2,0,2,5,0,2,1,1
"175",5,5,3,5,2,5,5,4,4,2,3,5,15,181,63,0,0,2,5,1,2,1,1
"176",5,3,3,5,5,3,3,5,5,2,2,4,19,163,50,1,1,2,1,0,2,1,1
"177",5,1,2,4,2,5,1,4,5,4,2,3,24,169,51,1,1,2,1,0,2,2,1
"178",5,1,1,4,4,3,3,5,4,5,2,1,19,160,53,1,1,2,5,1,2,1,1
"179",5,5,4,4,1,4,4,2,2,4,4,5,25,184,85,3,0,1,1,0,1,2,2
"180",5,5,5,5,5,5,5,5,5,5,1,4,20,170,62,1,1,2,1,0,2,2,1
"181",3,3,4,4,2,3,5,5,3,4,1,3,19,170,60,2,1,2,5,0,1,2,1
"182",5,5,5,5,5,5,5,5,5,5,5,5,23,184,82,2,0,2,5,0,1,2,2
"183",5,2,5,5,5,3,3,5,1,3,2,5,21,176,55,1,1,2,5,0,1,2,1
"184",5,5,5,5,3,5,5,5,5,5,3,5,20,170,62,1,0,2,5,0,2,1,1
"185",5,1,3,5,4,3,3,5,5,4,2,5,20,168,69,1,1,2,5,0,1,2,1
"186",5,1,3,5,2,3,2,4,4,5,3,4,18,173,55,3,1,2,5,0,2,1,1
"187",4,5,1,5,3,1,5,1,1,3,4,5,27,180,80,2,0,2,5,0,2,1,2
"188",4,4,2,3,1,1,4,1,1,3,1,2,17,163,68,0,1,2,5,1,2,1,1
"189",5,1,3,5,5,3,2,5,5,4,2,4,19,178,60,1,1,2,5,0,1,2,1
"190",5,3,2,5,3,5,5,3,4,5,1,5,18,182,70,2,0,2,5,0,1,2,2
"191",5,5,5,5,1,3,5,3,3,5,3,5,26,192,90,1,0,2,5,0,2,1,2
"192",5,3,3,5,3,2,3,4,5,4,3,4,18,200,90,2,0,2,5,0,1,2,2
"193",5,4,5,5,3,4,3,4,5,4,3,2,30,178,71,2,0,2,4,0,2,1,2
"194",5,1,3,5,5,3,3,5,5,3,3,3,24,153,42,1,1,2,5,0,2,2,1
"195",5,1,2,5,3,2,2,4,5,4,1,4,20,168,51,0,1,2,5,1,1,2,1
"196",5,4,3,4,3,4,5,2,4,3,1,5,20,172,56,1,0,2,5,0,1,2,1
"197",5,3,3,4,2,5,5,2,4,5,3,5,20,176,64,1,0,2,5,0,1,2,1
"198",5,2,4,3,3,2,4,4,5,5,2,4,19,168,68,3,1,2,5,0,1,2,1
"199",5,1,2,3,2,5,5,3,3,4,3,3,20,157,48,2,1,2,5,0,1,2,1
"200",3,1,3,4,1,2,2,3,2,3,3,5,21,173,73,5,0,2,5,0,1,2,2
"201",4,1,3,4,4,4,4,4,4,4,2,4,19,173,63,1,1,2,5,0,1,2,1
"202",5,4,4,5,5,2,1,4,3,3,1,3,19,171,55,0,1,2,5,1,1,2,1
"203",5,4,5,5,5,5,5,2,3,3,2,5,19,168,60,2,1,2,5,0,1,1,1
"204",5,5,5,5,5,4,3,4,4,3,2,3,18,165,48,1,1,2,5,0,2,1,1
"205",3,1,1,5,5,2,2,5,5,4,2,3,18,168,65,1,1,2,1,0,1,2,1
"206",5,1,2,5,3,1,4,5,5,3,2,3,16,174,64,0,1,2,5,1,2,1,1
"207",5,2,3,5,3,3,5,5,5,5,2,5,19,171,57,0,1,2,5,1,2,1,1
"208",4,3,2,5,5,2,3,5,5,4,2,3,18,173,64,3,1,2,5,0,2,2,1
"209",5,5,4,5,5,3,4,5,5,3,2,3,19,157,48,2,1,2,5,0,2,2,1
"210",5,1,3,5,3,3,3,4,4,2,1,4,21,173,59,1,1,1,5,1,2,1,1
"211",3,3,3,5,3,3,4,5,5,4,3,4,21,180,80,1,0,2,1,0,2,1,2
"212",5,3,3,4,4,4,5,4,3,3,2,4,18,180,60,1,1,2,5,1,2,1,1
"213",5,1,5,5,4,4,2,3,2,2,1,3,21,175,63,0,1,2,5,1,2,1,1
"214",5,5,5,5,4,2,1,5,5,2,1,4,20,160,46,0,1,2,5,1,2,1,1
"215",5,5,4,5,3,2,1,5,5,3,2,5,19,172,60,1,1,2,5,0,2,1,1
"216",5,4,4,5,4,5,5,5,2,5,5,5,27,180,80,0,0,2,4,1,2,1,2
"217",5,1,1,5,5,2,3,4,5,5,1,2,22,165,68,2,1,2,1,1,2,1,1
"218",5,4,4,5,5,4,3,5,5,3,2,5,19,160,55,2,1,2,5,0,2,1,1
"219",5,4,4,5,3,5,3,5,5,5,2,5,19,165,55,3,1,2,5,0,1,2,1
"220",5,3,5,5,5,4,2,2,2,2,2,3,20,176,63,0,1,2,5,1,2,1,1
"221",5,5,4,5,5,5,3,5,5,5,2,2,19,164,60,2,1,2,5,0,1,2,1
"222",5,2,2,5,5,4,4,5,5,4,3,4,20,155,44,0,1,2,5,1,1,2,1
"223",3,5,5,5,5,3,1,2,1,2,1,2,17,167,57,2,1,1,5,1,2,1,1
"224",5,1,2,5,5,1,5,5,2,3,1,4,23,171,59,2,1,2,5,0,1,2,1
"225",5,1,3,4,4,2,1,5,5,5,4,2,20,158,50,2,1,2,5,0,2,1,1
"226",3,2,2,5,5,2,2,5,5,2,2,2,20,170,60,1,1,2,5,0,2,1,1
"227",5,3,4,5,3,5,5,4,5,5,4,5,19,182,65,2,0,2,5,0,2,1,2
"228",5,4,5,5,2,5,3,5,5,3,1,2,20,182,63,1,1,2,5,1,2,1,1
"229",3,1,1,5,1,1,4,3,1,5,1,1,19,175,72,4,0,2,5,0,1,2,2
"230",3,3,3,3,3,3,3,3,3,3,3,3,19,197,96,0,0,2,5,1,2,1,2
"231",5,5,4,5,5,4,1,4,5,3,1,4,18,170,50,1,1,2,5,0,2,2,1
"232",4,1,2,3,3,3,3,4,4,5,3,3,19,165,55,1,1,2,5,0,2,1,1
"233",5,4,2,5,4,3,2,4,5,1,1,3,15,176,53,3,1,2,5,0,2,1,1
"234",5,3,3,5,5,4,2,2,2,2,1,3,15,170,49,1,1,2,5,0,2,1,1
"235",5,2,3,5,5,3,3,4,4,3,2,2,19,168,72,1,1,2,5,0,2,1,1
"236",4,2,3,5,4,2,2,5,5,4,4,4,21,163,49,2,1,1,4,0,2,2,1
"237",4,1,1,5,5,4,2,5,5,5,2,3,19,152,47,2,1,2,1,0,2,1,1
"238",5,4,4,4,3,3,4,4,4,4,2,3,17,158,57,1,1,2,5,0,1,2,1
"239",5,3,3,5,4,2,2,5,5,5,2,5,23,165,70,1,1,2,1,0,2,1,1
"240",5,4,3,4,2,1,5,3,3,4,2,5,24,177,80,0,0,2,5,1,1,2,2
"241",5,3,2,5,2,2,4,3,5,5,1,2,19,170,55,1,1,2,5,0,2,1,1
"242",5,3,5,4,5,4,5,5,5,4,3,3,19,178,67,2,1,2,1,0,2,1,2
"243",4,3,3,5,4,1,2,3,4,5,2,2,22,170,60,0,1,2,5,1,2,2,1
"244",5,4,3,5,4,5,3,5,5,4,3,4,20,170,70,1,1,2,1,0,2,1,1
"245",5,5,4,5,4,5,5,3,3,4,4,4,19,188,76,0,0,2,5,1,2,1,2
"246",5,4,4,5,2,5,3,5,5,5,3,5,19,180,85,2,0,2,5,0,1,2,2
"247",4,3,3,5,5,3,2,5,5,5,1,1,20,161,53,1,1,2,1,0,2,1,1
"248",4,1,1,5,5,3,1,3,4,3,2,4,18,178,69,1,1,2,5,0,2,2,2
"249",4,1,4,5,2,3,3,4,1,5,5,5,19,178,74,1,0,2,5,0,2,1,2
"250",3,3,4,5,2,1,1,3,3,1,1,2,20,165,50,2,1,2,5,0,2,1,1
"251",5,4,4,4,2,5,5,5,5,4,2,5,20,178,68,2,0,2,5,0,2,1,2
"252",5,3,4,5,4,2,2,3,3,2,1,3,20,168,55,2,1,2,5,0,2,1,1
"253",5,4,4,5,3,3,4,4,4,4,1,4,27,168,55,1,1,2,4,0,2,1,1
"254",5,3,3,4,4,2,3,4,4,3,2,2,19,180,57,1,1,2,5,1,2,2,1
"255",5,2,4,5,5,3,3,5,5,4,1,2,20,173,58,1,1,2,5,0,2,2,1
"256",4,2,4,4,4,4,3,4,4,3,2,4,20,193,85,1,0,2,5,0,1,2,2
"257",5,2,4,5,5,3,2,5,5,3,2,5,21,184,120,1,1,2,5,0,2,2,2
"258",5,1,1,5,4,5,4,5,5,4,3,1,16,167,62,1,1,2,5,1,1,2,1
"259",5,3,5,3,4,2,5,5,4,4,4,2,18,167,57,1,1,2,5,0,1,2,1
"260",5,5,5,5,1,4,4,1,1,3,4,5,23,190,90,1,0,2,1,0,2,1,2
"261",5,2,2,4,3,4,2,2,3,2,2,3,19,187,83,0,0,2,5,1,1,2,2
"262",5,2,2,5,4,2,5,5,5,4,2,3,19,163,51,0,1,2,5,0,2,2,1
"263",5,5,5,5,3,1,3,5,5,5,1,5,22,173,52,1,1,2,1,0,2,1,1
"264",3,2,4,1,3,5,4,4,5,5,1,4,18,165,65,1,1,2,5,0,2,1,1
"265",5,1,3,4,2,4,5,5,2,5,4,5,20,190,92,1,0,2,1,0,2,2,2
"266",5,3,4,5,4,1,1,5,5,3,1,1,19,178,58,1,1,2,5,0,1,2,1
"267",5,1,3,5,4,1,3,3,3,3,4,5,25,167,76,1,1,2,4,0,2,1,2
"268",5,1,3,5,4,3,1,4,4,2,1,4,18,160,53,2,1,2,5,1,2,1,1
"269",5,1,1,5,5,2,4,5,4,4,1,4,20,169,64,0,1,2,1,1,2,2,1
"270",5,3,1,5,5,2,1,5,5,2,1,1,15,174,63,1,1,2,5,0,2,2,1
"271",5,1,1,5,3,4,1,5,5,5,1,1,19,176,68,2,1,2,5,0,2,1,1
"272",4,5,5,3,2,3,2,3,3,2,1,3,16,158,50,0,1,2,5,1,1,2,1
"273",3,3,4,3,3,3,2,2,4,3,1,5,19,180,78,1,0,2,1,0,2,2,2
"274",5,4,4,5,4,5,3,4,5,5,3,5,18,167,57,0,1,2,1,1,2,1,1
"275",5,4,4,4,3,4,5,2,2,3,1,3,15,170,75,1,0,2,5,0,2,2,2
"276",5,4,4,5,4,5,3,4,3,3,1,3,20,170,55,1,1,2,5,0,2,2,1
"277",5,4,4,5,5,5,5,5,5,5,4,5,20,180,75,2,0,2,5,0,1,2,2
"278",4,1,3,4,1,2,5,4,3,3,2,4,20,184,68,1,0,1,5,0,2,1,2
"279",4,2,3,5,4,3,2,3,5,3,1,3,20,170,60,1,1,2,5,1,2,2,1
"280",5,5,5,5,1,5,5,3,3,3,1,5,19,180,65,2,0,2,5,0,2,2,1
"281",5,3,4,4,5,5,3,2,1,1,4,3,16,169,48,0,1,2,2,1,2,2,1
"282",5,1,3,5,5,3,4,5,5,3,2,4,18,166,65,1,1,1,5,0,2,1,1
"283",5,2,4,5,2,3,4,5,5,3,4,5,20,178,88,0,0,2,5,0,1,2,2
"284",5,5,5,5,4,2,3,3,5,3,4,4,16,162,55,0,1,2,1,1,2,1,1
"285",4,1,2,5,5,2,3,5,5,5,1,2,18,160,50,1,1,2,5,0,2,1,1
"286",3,2,4,5,4,2,2,3,2,5,1,5,20,178,68,1,0,1,5,0,1,2,2
"287",5,2,3,5,5,3,2,4,4,3,2,4,18,168,65,1,1,2,5,0,2,1,1
"288",4,1,2,4,3,3,4,4,4,5,2,4,19,185,62,1,0,2,5,0,1,2,1
"289",5,5,4,5,5,4,5,3,3,4,2,2,19,175,58,0,1,2,1,1,2,1,1
"290",5,3,4,5,3,3,3,4,5,5,1,5,20,167,55,1,1,2,5,0,2,1,1
"291",5,4,5,5,5,4,5,3,3,3,3,3,18,193,84,0,0,2,1,1,2,1,2
"292",5,4,5,4,4,2,4,5,4,3,1,2,17,160,60,1,1,2,5,0,2,1,1
"293",5,2,1,5,3,3,5,2,2,2,5,2,17,182,92,1,0,2,5,1,1,2,2
"294",5,3,1,5,5,1,2,5,5,3,2,3,22,165,60,2,1,2,5,0,1,2,1
"295",4,2,2,5,5,3,2,5,5,3,3,3,16,174,65,1,1,2,5,1,2,1,1
"296",5,4,5,5,2,1,5,3,4,4,1,1,24,169,50,1,1,2,4,0,2,1,1
"297",5,5,4,5,3,4,5,3,3,4,2,3,17,185,73,1,0,2,5,0,2,1,2
"298",5,5,4,5,3,4,1,3,5,5,1,3,17,170,60,1,0,1,5,0,2,1,1
"299",5,2,2,5,1,2,5,5,5,5,3,4,17,182,76,2,0,2,5,0,2,2,2
"300",5,1,2,5,5,1,3,5,5,5,1,2,18,160,50,2,1,2,5,0,2,1,1
"301",4,2,2,4,4,4,5,3,3,5,1,2,18,158,53,2,1,2,5,0,1,2,1
"302",5,5,5,5,1,4,5,1,1,4,5,5,16,186,63,1,0,2,5,0,1,2,2
"303",3,1,2,5,3,5,2,4,4,3,2,3,20,173,68,1,1,2,5,1,2,1,1
"304",4,2,5,4,3,1,2,5,5,4,1,1,29,168,56,2,1,2,4,0,2,1,1
"305",4,1,2,5,4,1,1,5,2,1,1,1,24,172,68,3,1,2,1,0,1,2,1
"306",4,1,3,5,3,5,4,2,1,1,1,5,18,164,60,0,1,2,5,1,2,1,1
"307",5,3,4,5,3,4,3,2,1,3,2,5,17,185,70,1,0,2,5,1,2,1,2
"308",5,1,1,5,2,3,1,5,5,5,3,4,16,182,75,1,0,2,5,0,2,1,2
"309",5,5,5,5,5,2,1,5,5,3,1,3,17,170,65,2,1,2,5,0,2,1,1
"310",5,3,3,4,2,5,3,2,5,2,3,5,20,187,68,2,0,2,1,0,2,2,2
"311",5,4,4,5,5,2,3,5,5,4,2,3,16,169,63,1,1,2,5,0,1,2,1
"312",5,2,5,5,3,3,5,3,2,5,5,4,19,189,76,1,0,2,5,0,2,1,2
"313",5,4,4,5,4,2,2,2,2,3,2,2,18,166,60,1,1,2,5,0,2,1,1
"314",5,1,4,4,5,3,4,5,5,3,2,3,20,161,59,1,1,2,5,0,2,1,1
"315",5,2,4,5,3,3,4,5,5,2,2,4,19,180,80,1,0,2,5,0,2,1,2
"316",4,3,2,5,2,5,3,4,4,4,4,4,18,185,74,1,0,1,5,0,2,2,2
"317",4,2,2,5,4,4,4,5,5,4,2,3,21,179,96,0,0,2,5,1,2,1,2
"318",5,2,2,5,3,3,5,3,2,4,3,3,19,170,68,2,0,2,1,0,2,2,1
"319",5,1,2,5,5,3,3,5,5,5,3,4,20,184,72,2,1,2,5,0,2,1,2
"320",5,1,2,5,5,1,2,5,3,3,2,4,23,180,62,1,1,2,1,0,2,1,1
"321",5,5,4,5,4,3,1,5,5,2,1,2,19,166,58,1,1,2,1,0,1,2,1
"322",5,1,4,2,3,4,3,2,2,4,3,4,19,167,50,2,1,2,1,0,2,1,1
"323",5,2,4,3,2,1,4,1,1,4,4,5,20,178,75,2,0,2,1,0,2,1,2
"324",5,1,5,2,2,1,5,2,2,5,3,4,24,175,70,5,0,2,1,0,1,2,2
"325",5,5,5,5,2,5,4,3,3,3,4,5,19,190,85,1,0,2,1,0,2,1,2
"326",5,2,4,5,4,5,5,3,3,5,2,5,20,178,67,2,0,2,5,0,1,1,2
"327",5,1,4,5,3,1,3,5,5,5,2,5,19,168,58,2,1,2,5,0,1,2,1
"328",5,1,2,5,5,3,2,5,5,3,3,2,19,164,53,4,1,2,5,0,1,2,1
"329",4,3,3,4,3,5,4,3,5,5,1,4,20,187,56,2,0,2,5,0,2,1,1
"330",5,2,4,5,4,5,3,4,4,1,3,5,20,174,72,0,0,1,1,1,2,1,2
"331",5,3,4,5,5,2,4,5,3,3,2,2,21,176,62,1,1,2,5,0,2,1,1
"332",5,5,5,5,3,1,3,4,4,4,1,2,17,158,70,0,1,2,5,1,1,2,1
"333",5,3,4,5,3,4,4,5,5,4,3,5,25,174,67,2,0,2,4,0,2,2,1
"334",5,4,3,4,3,2,1,5,4,2,1,4,20,170,58,1,1,1,5,0,2,1,1
"335",5,1,5,4,3,4,3,5,5,4,2,4,21,173,58,1,1,2,5,0,2,1,1
"336",5,4,2,5,5,2,4,5,5,4,2,4,21,158,49,0,1,2,5,1,1,1,1
"337",5,5,5,5,4,2,1,4,4,5,1,5,22,185,90,1,0,2,1,0,2,1,2
"338",2,1,1,3,3,1,1,4,4,2,1,1,19,170,58,1,1,2,5,0,2,2,1
"339",5,3,3,5,5,5,4,5,5,4,4,5,25,178,77,1,0,2,1,0,2,1,2
"340",4,3,3,5,3,5,2,2,2,4,2,3,19,166,55,0,1,2,5,1,2,1,1
"341",5,5,5,5,5,1,1,5,5,3,1,5,25,167,64,2,1,2,4,0,2,1,1
"342",5,3,5,4,4,2,5,5,3,4,1,5,25,169,60,1,1,2,4,0,2,1,1
"343",5,3,3,4,4,3,3,4,4,4,2,2,21,168,60,0,1,2,5,1,2,2,1
"344",5,1,1,4,3,3,2,5,5,5,4,4,20,178,65,2,0,2,5,0,2,1,1
"345",4,2,2,4,4,3,3,4,3,3,2,4,24,165,49,2,1,2,4,0,2,1,1
"346",5,4,5,4,4,2,3,5,5,3,3,3,30,160,47,2,1,2,4,0,2,1,1
"347",5,5,4,3,1,5,5,2,1,3,4,5,21,176,75,1,0,2,5,0,2,1,2
"348",4,2,4,4,3,1,2,4,3,3,1,4,27,186,77,3,0,2,4,0,2,1,2
"349",5,4,4,3,2,5,5,3,2,3,3,5,21,172,68,1,0,2,1,0,2,1,1
"350",2,2,2,4,4,4,1,3,3,2,2,3,16,164,50,0,1,2,5,1,2,1,1
"351",5,3,3,5,5,2,2,3,3,2,1,3,21,175,75,1,1,2,1,0,1,2,2
"352",5,1,3,5,5,3,2,3,2,5,3,4,20,165,60,1,1,2,1,0,1,2,1
"353",5,4,5,5,4,4,2,2,3,1,1,3,22,160,65,1,1,2,5,0,2,1,1
"354",5,2,3,4,2,4,4,4,4,4,2,4,19,180,80,1,0,1,5,0,1,1,2
"355",4,2,1,5,2,1,3,3,3,1,1,1,20,170,90,1,1,2,5,0,1,1,2
"356",4,2,2,5,3,4,2,5,4,5,3,3,23,175,79,2,0,2,5,0,1,2,2
"357",5,1,1,5,5,5,1,5,5,5,1,2,20,167,57,2,1,2,1,0,1,2,1
"358",5,1,3,5,5,5,1,5,5,3,1,3,21,168,60,1,1,1,5,0,1,2,1
"359",5,3,3,5,3,2,4,5,5,4,2,3,19,166,44,1,1,1,5,0,2,1,1
"360",4,5,4,5,5,2,3,5,3,5,1,2,21,164,58,1,1,2,1,0,2,1,1
"361",5,2,3,5,5,3,2,2,2,1,5,2,16,165,50,0,1,2,2,1,2,1,1
"362",5,5,5,5,1,5,5,5,5,5,5,5,20,180,88,1,0,2,5,0,1,2,2
"363",5,1,3,4,5,2,3,5,5,2,1,3,18,173,60,0,1,2,5,1,2,1,1
"364",2,1,1,5,3,1,1,1,3,1,1,3,21,168,54,1,1,2,5,0,2,1,1
"365",5,3,3,4,2,3,5,3,3,4,2,5,21,177,68,2,0,2,5,0,1,2,2
"366",5,4,3,4,4,3,2,4,4,4,1,2,18,167,56,2,0,2,1,0,2,1,1
"367",5,5,5,5,4,1,3,5,5,4,1,1,19,173,69,1,1,2,5,0,1,2,1
"368",5,5,5,3,1,3,4,1,1,3,2,4,18,180,60,1,0,2,5,0,1,2,1
"369",5,1,5,5,4,3,1,3,3,3,1,2,18,172,60,1,1,2,5,0,1,2,1
"370",3,1,2,2,2,2,5,4,1,5,2,4,23,158,53,0,1,2,5,1,1,2,1
"371",5,1,3,5,1,2,3,5,5,5,1,4,20,165,52,1,1,2,5,0,1,2,1
"372",5,1,2,5,5,5,5,5,5,5,2,5,18,168,55,1,1,1,5,0,1,2,1
"373",5,5,5,5,5,5,5,5,5,5,3,5,28,180,76,1,1,2,1,0,2,1,2
"374",4,4,5,4,1,1,1,4,5,4,1,1,24,163,67,1,1,2,4,0,1,2,1
"375",5,4,5,5,5,5,5,5,5,5,1,5,21,161,57,3,1,2,5,0,1,2,1
"376",4,1,4,4,2,3,3,4,4,4,1,1,22,160,65,1,1,2,4,0,2,2,1
"377",5,2,4,4,3,4,2,5,5,5,1,3,19,180,77,1,0,2,5,0,2,1,2
"378",5,1,3,4,5,3,1,5,5,3,1,3,18,164,56,2,1,2,5,0,2,1,1
"379",5,1,3,5,4,4,3,4,5,5,2,3,19,170,53,1,1,2,4,0,1,2,1
"380",5,4,4,5,3,3,2,4,5,4,3,5,19,185,78,2,0,1,5,0,1,2,2
"381",4,5,4,4,2,3,3,2,3,4,4,2,20,184,80,1,0,2,5,0,2,1,2
"382",5,3,5,4,3,3,2,2,2,5,1,2,19,170,56,3,1,2,5,0,2,1,1
"383",5,1,3,4,1,4,3,2,3,5,4,5,18,184,83,1,0,2,5,0,2,1,2
"384",4,2,2,4,3,2,2,3,4,2,1,2,18,173,60,1,1,2,5,0,2,1,1
"385",4,3,3,5,4,4,3,4,4,2,2,4,19,176,62,1,0,2,5,0,2,1,1
"386",5,3,3,4,4,2,3,1,1,3,1,3,18,163,55,0,1,2,5,1,2,1,1
"387",5,1,2,4,5,2,2,5,5,4,1,2,18,180,74,2,1,2,5,0,1,2,2
"388",5,3,5,5,3,3,4,2,2,3,2,5,19,175,70,1,0,2,5,0,2,1,2
"389",5,3,3,5,4,2,3,3,2,3,2,2,19,164,58,1,1,2,5,0,2,1,1
"390",5,5,4,5,4,3,3,5,5,4,3,3,18,163,58,6,1,2,5,0,2,1,1
"391",4,3,4,4,2,5,4,3,3,2,1,4,18,162,54,3,1,2,5,0,1,2,1
"392",5,3,3,4,2,3,3,2,3,3,2,2,19,170,54,1,1,2,5,0,2,1,1
"393",5,1,2,5,5,3,1,5,5,3,1,3,20,157,43,1,1,2,5,1,2,1,1
"394",5,4,3,5,1,3,3,1,2,3,1,4,19,185,70,1,0,2,5,0,2,1,2
"395",4,2,2,4,4,1,1,3,3,5,1,1,26,163,55,3,1,1,4,0,1,2,1
"396",5,3,4,5,4,3,3,4,4,3,2,2,19,168,49,1,1,2,5,0,1,2,1
"397",5,5,5,5,4,2,1,5,5,4,1,2,19,169,67,1,1,2,5,1,1,2,1
"398",5,4,5,5,3,5,3,5,5,5,1,5,22,178,82,1,0,2,1,0,1,2,2
"399",4,2,4,4,4,2,4,3,3,5,3,4,20,165,65,1,0,2,1,0,1,2,1
"400",5,3,5,5,5,1,1,5,2,3,1,1,28,180,63,2,1,2,4,0,2,1,1
"401",5,5,5,5,4,2,2,5,5,4,1,3,21,156,48,0,1,2,5,1,2,2,1
"402",5,1,3,5,5,1,1,5,4,3,1,5,19,175,58,1,1,2,5,0,1,2,1
"403",5,3,3,5,1,2,2,1,1,4,2,5,22,188,80,2,0,2,5,0,2,1,2
"404",5,2,4,5,3,5,5,2,3,4,2,5,19,181,62,2,0,2,5,0,2,2,1
"405",5,1,2,5,4,1,2,5,5,4,2,1,19,166,62,0,1,2,5,1,2,1,1
"406",5,5,5,5,2,2,3,3,3,5,3,5,22,189,78,2,0,1,5,0,2,1,2
"407",4,2,3,5,3,2,3,3,3,4,3,3,29,189,96,3,0,2,4,1,1,2,2
"408",5,1,1,4,5,1,1,4,5,2,1,2,18,164,60,0,1,2,5,1,2,1,1
"409",3,1,4,4,5,1,3,3,3,2,2,1,22,172,50,1,1,2,5,0,2,2,1
"410",5,2,3,5,3,3,4,3,3,4,4,4,17,157,46,1,1,2,5,0,2,2,1
"411",5,3,3,3,3,3,3,3,3,3,3,3,19,189,72,0,0,2,1,1,2,1,2
"412",5,2,2,5,4,2,1,3,3,2,1,4,20,161,46,1,1,2,5,0,1,2,1
"413",3,4,3,4,3,3,3,3,3,3,4,4,18,173,60,1,1,2,5,1,1,2,1
"414",4,5,5,5,5,2,1,3,3,2,1,3,19,167,58,1,1,2,5,0,1,1,1
"415",5,2,4,5,3,5,4,4,5,4,3,5,20,178,74,1,0,2,5,0,2,1,2
"416",3,5,4,5,2,2,2,1,1,4,2,1,25,186,78,1,0,2,4,0,1,1,2
"417",5,1,2,4,3,1,1,4,3,5,1,2,29,170,64,0,0,1,4,1,1,2,1
"418",5,3,3,5,3,3,1,2,2,5,1,4,19,180,80,1,0,2,5,0,1,2,2
"419",5,1,2,5,4,1,1,3,3,4,1,3,20,175,60,2,1,2,5,0,2,2,1
"420",5,4,4,4,3,4,2,3,3,3,3,4,18,169,53,3,1,2,5,0,2,1,1
"421",5,4,4,3,1,4,4,1,2,2,2,5,30,180,80,3,0,2,4,0,2,2,2
"422",5,2,4,5,5,5,2,5,5,5,3,4,21,161,55,2,1,2,5,0,2,1,1
"423",5,1,4,3,2,4,4,3,2,5,5,2,22,190,65,1,0,2,1,0,2,1,2
"424",5,1,4,5,4,4,2,2,3,3,1,4,22,189,82,2,0,2,5,0,2,1,2
"425",5,1,3,5,5,2,1,5,5,3,1,2,20,173,73,1,1,2,1,1,2,2,2
"426",5,2,4,5,3,3,3,1,5,3,1,4,19,165,64,1,1,2,5,0,2,1,1
"427",5,2,5,5,4,3,3,4,2,4,2,1,28,171,57,1,1,2,4,0,2,1,1
"428",5,4,4,4,2,4,4,3,3,4,4,4,22,177,75,1,0,2,5,0,2,1,2
"429",5,3,5,5,2,1,5,5,5,4,1,1,20,160,49,2,1,2,1,1,1,2,1
"430",1,2,2,5,5,1,1,5,4,1,1,1,16,168,50,1,1,2,5,0,2,1,1
"431",5,4,4,5,4,4,2,4,4,4,1,4,19,165,56,1,1,2,5,0,2,1,1
"432",5,1,2,3,5,2,5,5,5,5,2,4,20,163,68,2,1,2,5,0,2,1,1
"433",5,3,5,4,2,3,4,2,3,3,2,5,21,185,78,1,0,2,1,0,2,1,2
"434",5,2,3,5,5,3,3,3,4,3,1,1,19,165,55,1,1,2,5,0,2,1,1
"435",4,3,4,4,4,2,2,5,4,4,2,2,25,170,52,1,1,2,1,0,2,1,1
"436",3,1,1,5,3,3,3,1,1,5,2,2,20,165,60,1,1,2,5,0,2,2,1
"437",5,1,1,4,3,2,4,5,5,4,2,3,19,170,50,3,1,2,5,0,1,2,1
"438",5,3,3,5,5,5,5,5,5,4,1,3,19,172,58,2,1,1,5,0,2,2,1
"439",4,4,5,3,5,1,5,2,2,4,1,1,21,179,60,1,1,2,5,0,2,1,1
"440",5,3,5,4,2,5,5,5,5,3,5,5,22,193,86,6,0,2,4,0,1,2,2
"441",5,2,1,5,5,5,3,5,5,5,4,2,28,176,60,1,1,2,4,0,2,1,1
"442",5,5,4,5,3,4,5,4,2,3,1,2,21,168,50,1,1,2,1,0,1,2,1
"443",5,2,4,5,3,4,3,3,4,4,5,5,20,177,75,3,0,2,5,0,1,2,2
"444",5,1,5,5,2,3,3,2,2,3,2,4,19,189,83,1,0,1,5,0,2,1,2
"445",4,2,3,3,2,4,1,5,1,5,3,2,21,168,53,1,1,2,1,0,1,2,1
"446",4,2,3,4,4,4,4,4,3,4,4,4,22,176,70,1,0,2,1,1,1,2,2
"447",5,3,3,5,4,4,2,4,4,3,3,4,19,185,75,2,0,2,5,0,2,1,2
"448",4,3,5,5,3,3,3,4,4,3,2,4,20,178,74,0,0,2,5,1,1,1,2
"449",5,3,4,5,3,3,5,5,5,5,4,4,22,178,66,0,0,2,1,1,2,1,1
"450",5,5,4,5,1,4,4,1,4,3,5,5,19,187,69,1,0,2,5,0,2,1,2
"451",5,5,5,5,1,5,5,5,5,3,3,5,22,173,80,2,0,2,5,0,2,1,2
"452",5,4,5,3,2,1,1,4,5,4,2,3,17,174,55,1,1,2,5,0,1,2,1
"453",4,1,2,5,3,3,2,5,5,5,1,4,18,171,62,1,1,2,5,0,2,1,1
"454",4,3,3,4,2,3,5,2,2,4,2,4,19,185,74,1,0,2,5,0,2,1,2
"455",5,2,3,5,5,3,2,3,3,4,2,3,23,174,62,1,1,2,4,0,2,1,1
"456",5,3,5,5,4,1,1,5,5,4,1,1,20,157,57,0,1,2,5,1,2,1,1
"457",5,1,2,5,4,3,3,4,4,3,2,4,18,165,57,2,1,2,5,0,2,2,1
"458",4,3,4,5,3,2,2,2,3,3,2,2,28,170,65,2,1,2,4,0,1,2,1
"459",5,5,4,5,3,4,4,5,5,3,2,5,21,183,72,1,0,2,1,0,1,2,2
"460",5,2,5,5,2,5,3,4,4,5,1,5,20,185,85,2,0,2,5,0,2,2,2
"461",4,1,2,3,2,2,3,4,4,4,2,2,20,180,68,1,0,2,5,0,2,1,2
"462",4,1,1,5,3,3,1,3,1,5,1,5,28,172,50,2,1,2,5,0,2,1,1
"463",5,2,1,4,4,3,4,5,5,5,2,3,22,189,68,1,0,2,5,0,1,2,2
"464",5,4,3,5,4,2,2,5,5,5,1,3,19,170,65,0,1,2,5,1,2,1,1
"465",5,3,3,4,3,3,3,3,3,3,1,3,21,184,82,3,0,2,1,0,2,1,2
"466",5,4,4,5,5,5,5,5,5,3,2,5,17,175,60,2,0,2,5,0,1,2,1
"467",5,5,5,5,3,1,3,3,3,2,1,5,19,168,57,1,1,2,1,0,2,1,1
"468",5,2,4,3,4,1,4,2,4,4,2,3,25,190,82,3,0,2,4,0,2,1,2
"469",5,3,4,5,4,4,3,5,5,2,1,4,20,170,52,1,1,2,5,0,1,2,1
"470",5,2,5,2,1,5,5,2,1,5,4,3,26,194,85,2,0,2,1,0,2,1,2
"471",5,3,5,4,4,5,5,5,5,5,1,5,21,182,78,0,0,2,5,1,2,1,2
"472",5,3,3,5,5,3,2,5,5,3,2,4,20,175,53,2,1,2,5,0,2,1,1
"473",5,1,4,1,2,4,4,4,4,4,1,3,21,175,75,2,0,2,4,1,2,2,2
"474",5,5,5,5,3,5,5,5,5,4,5,5,20,176,70,3,0,2,5,0,1,1,2
"475",5,5,5,5,3,5,5,3,5,3,2,4,27,178,77,3,0,2,4,0,1,2,2
"476",5,3,5,5,2,2,4,4,4,5,3,4,21,203,80,2,0,1,5,0,1,2,2
"477",5,1,3,4,3,5,3,5,5,4,2,4,17,163,49,3,1,1,5,1,1,2,1
"478",4,2,2,5,5,3,2,4,3,2,3,4,18,170,53,1,1,2,5,1,1,2,1
"479",4,1,2,4,4,2,3,3,2,4,2,4,19,178,65,0,0,2,1,1,1,2,1
"480",4,2,4,5,5,1,2,4,2,4,2,5,21,167,63,1,1,2,1,1,1,2,1
"481",5,3,4,5,5,5,2,3,3,4,3,5,20,170,55,2,1,2,1,0,2,1,1
"482",5,4,5,5,5,2,1,3,3,1,1,2,20,173,55,1,1,2,5,1,1,2,1
"483",4,3,4,5,2,5,5,4,4,4,3,4,20,185,86,1,0,2,5,0,2,1,2
"484",5,4,4,5,3,3,5,4,3,3,3,5,20,190,85,1,0,1,5,0,1,2,2
"485",5,1,5,5,3,5,5,5,5,5,1,5,20,180,75,2,0,2,1,0,1,2,2
"486",5,3,5,5,5,5,3,5,5,3,2,5,16,165,49,2,1,2,5,0,2,1,1
"487",5,1,2,5,5,2,4,3,3,2,3,5,19,175,76,1,1,2,5,0,1,2,2
"488",5,2,3,5,5,1,1,2,4,5,1,3,23,172,64,1,1,2,1,0,2,1,1
"489",5,2,2,5,5,4,3,4,4,4,2,3,20,165,48,1,1,2,1,0,2,2,1
"490",5,4,2,5,3,1,5,3,3,3,1,5,23,189,88,4,0,1,5,0,1,1,2
"491",4,1,3,5,4,1,1,3,2,3,1,3,22,171,56,3,1,2,1,0,2,1,1
"492",5,1,3,5,3,3,4,3,3,5,1,4,17,183,75,3,0,2,5,0,2,1,2
"493",5,1,3,5,5,1,1,5,5,3,1,3,20,178,58,1,1,2,5,0,1,2,1
"494",4,2,2,5,3,3,3,5,4,4,3,2,21,169,65,1,1,2,5,0,2,2,1
"495",5,3,5,5,5,5,5,4,5,5,5,5,21,178,78,3,0,2,5,0,2,2,2
"496",5,4,4,4,5,4,2,2,3,2,1,2,19,160,43,1,1,2,5,0,2,1,1
"497",5,3,3,5,5,5,2,5,5,2,2,5,20,175,75,0,1,2,5,1,1,2,2
"498",5,3,5,5,3,5,2,4,5,4,1,5,19,195,95,0,0,2,1,1,2,1,2
"499",5,2,3,5,1,5,3,5,5,4,1,4,21,171,65,0,0,1,5,1,2,1,1
"500",4,2,4,5,2,1,1,4,4,3,1,4,22,164,55,1,1,2,5,0,2,1,1
"501",5,4,3,3,2,4,4,3,2,4,2,4,22,172,70,3,0,2,1,0,2,1,1
"502",5,4,5,5,3,5,2,2,2,3,1,5,22,190,80,1,0,2,1,0,2,1,2
"503",4,1,4,5,5,3,3,5,5,4,1,4,28,178,65,1,1,1,4,0,2,1,1
"504",4,1,4,5,5,4,5,4,4,3,1,5,21,185,80,1,0,2,5,0,2,1,2
"505",5,1,5,2,3,5,4,5,5,5,2,4,21,189,85,2,0,2,1,0,1,1,2
"506",4,5,3,3,3,4,5,2,2,2,3,4,17,165,65,3,1,2,5,0,2,1,1
"507",5,3,3,5,5,2,2,5,5,3,1,3,21,170,52,1,1,2,5,1,2,1,1
"508",5,3,4,5,4,3,5,5,4,5,1,3,17,173,66,1,1,2,5,0,1,1,1
"509",5,4,4,4,2,5,4,4,2,3,2,4,28,182,88,1,0,2,4,0,2,1,2
"510",3,1,1,5,2,4,2,3,4,5,2,4,20,160,55,1,1,2,1,0,2,1,1
"511",4,1,4,5,5,3,3,5,1,3,1,1,19,170,65,0,1,2,5,1,2,1,1
"512",4,4,4,5,3,1,3,4,3,4,1,2,21,172,52,1,1,2,5,0,2,1,1
"513",4,2,3,2,3,3,3,3,3,4,1,2,23,189,87,1,0,2,1,0,2,1,2
"514",5,5,3,5,1,4,5,3,4,2,1,3,17,168,67,1,0,2,5,1,1,2,1
"515",5,4,4,5,3,3,3,4,5,2,2,5,19,178,68,1,0,2,5,0,2,1,2
"516",5,3,4,5,4,3,1,5,4,2,3,4,19,170,80,1,0,1,5,0,2,1,2
"517",5,4,5,5,3,4,5,5,5,5,3,5,19,184,84,1,0,2,5,0,2,1,2
"518",5,1,1,4,4,1,4,5,5,4,2,2,18,171,54,0,1,2,5,1,2,1,1
"519",5,1,2,3,4,1,2,5,4,3,1,2,19,164,55,1,1,2,5,0,1,1,1
"520",5,5,4,5,3,5,4,3,4,3,2,4,22,182,71,1,0,2,5,0,1,2,2
"521",5,5,5,5,5,4,1,5,5,4,2,4,21,170,53,1,1,2,5,0,2,1,1
"522",5,1,4,5,3,3,1,5,5,5,5,5,21,185,65,1,0,1,1,0,1,2,2
"523",5,3,4,5,2,4,3,4,4,5,1,4,22,185,82,1,0,2,5,0,1,2,2
"524",4,1,5,5,3,1,2,3,4,4,1,5,19,168,55,1,1,2,5,0,2,1,1
"525",3,1,2,5,4,3,5,4,4,5,5,5,18,188,73,2,0,2,2,0,2,1,2
"526",4,3,3,5,4,5,3,3,4,4,3,4,20,183,83,1,0,2,5,0,2,2,2
"527",5,4,4,5,4,4,3,4,4,2,1,3,18,168,57,0,1,2,5,1,2,1,1
"528",3,4,4,4,4,3,5,5,5,5,5,5,23,172,110,2,0,2,5,0,1,1,2
"529",5,4,2,4,3,2,3,4,5,2,1,3,18,162,58,1,1,2,5,0,2,1,1
"530",5,1,3,5,5,4,1,5,5,4,1,4,22,164,64,1,1,2,5,0,1,2,1
"531",5,2,3,3,3,5,2,4,3,4,2,4,20,175,70,0,0,2,5,1,2,1,2
"532",5,5,5,5,1,4,5,4,4,5,2,5,19,178,71,1,0,2,5,1,2,1,2
"533",4,2,2,4,4,2,4,2,2,4,1,1,19,160,55,1,1,2,5,0,2,1,1
"534",5,5,5,5,3,5,1,3,5,5,1,5,23,173,65,0,1,2,1,1,2,1,1
"535",5,2,4,4,2,2,5,3,3,5,2,4,27,175,83,4,0,2,5,0,2,1,2
"536",5,2,2,4,1,2,4,1,1,4,2,3,20,183,75,2,0,2,5,0,2,1,2
"537",5,1,2,5,5,5,4,5,5,3,3,5,18,161,74,1,1,2,5,0,2,1,1
"538",5,4,3,5,5,3,1,4,4,3,1,3,21,173,62,1,1,2,5,0,2,1,1
"539",5,2,3,5,5,3,1,5,5,3,1,4,19,163,50,1,1,2,5,1,2,1,1
"540",5,4,4,4,4,2,5,5,5,3,1,2,22,162,60,0,1,2,5,0,1,1,1
"541",5,3,2,5,5,2,1,4,4,1,3,2,20,170,60,1,1,2,1,0,2,1,1
"542",5,3,4,4,2,5,4,4,5,5,5,5,19,172,68,0,0,2,5,1,2,1,1
"543",5,4,4,5,4,1,3,5,5,2,1,3,20,163,48,0,1,2,1,1,2,1,1
"544",4,3,1,5,5,1,1,5,5,5,1,1,19,173,60,1,1,2,5,0,2,2,1
"545",4,2,3,4,2,2,4,3,3,4,2,4,17,178,80,1,0,2,5,0,1,2,2
"546",5,1,1,5,3,3,2,4,4,3,3,5,21,180,67,2,0,2,5,0,2,1,2
"547",4,1,2,4,5,2,3,5,4,3,1,2,19,170,63,1,1,2,5,0,1,2,1
"548",4,1,4,3,3,2,1,2,3,3,1,1,25,173,63,1,1,2,4,0,2,1,1
"549",5,4,4,1,5,1,4,2,3,5,4,5,24,171,93,2,0,2,3,0,1,2,2
"550",4,5,4,5,4,2,2,5,5,4,3,3,21,156,48,1,1,2,5,0,2,1,1
"551",5,3,3,5,3,3,5,3,4,4,3,5,18,178,70,1,0,2,5,0,2,1,2
"552",5,1,3,5,5,5,2,1,1,5,1,1,21,173,53,3,1,2,1,0,2,2,1
"553",5,3,3,5,3,5,5,3,5,4,3,5,17,175,76,2,0,2,5,0,2,1,2
"554",4,1,3,4,2,5,1,4,2,5,1,4,22,180,89,0,0,2,5,1,2,2,2
"555",5,2,2,5,5,2,5,5,5,5,3,5,18,165,55,3,1,2,5,0,1,2,1
"556",4,1,4,5,1,4,5,3,3,5,4,5,23,179,77,1,0,2,5,1,1,2,2
"557",5,1,3,5,5,3,4,5,5,3,1,5,21,167,67,0,1,2,5,1,1,1,1
"558",5,3,3,5,5,4,4,4,3,3,1,3,23,158,64,3,1,2,4,0,2,1,1
"559",5,4,3,5,4,3,2,3,4,4,2,2,17,174,56,1,1,2,2,0,2,1,1
"560",5,5,5,5,2,5,4,2,5,3,3,5,20,188,79,1,0,1,5,0,2,2,2
"561",5,3,4,5,3,3,4,3,3,4,5,5,22,171,81,1,0,2,5,0,2,2,2
"562",5,1,2,5,2,4,5,3,3,5,1,5,21,193,75,0,0,2,5,1,2,1,2
"563",5,4,4,5,2,3,3,5,5,4,5,4,22,165,52,0,1,1,1,1,1,1,1
"564",4,3,4,4,4,2,4,2,2,4,2,4,24,178,80,2,0,2,5,0,1,2,2
"565",5,1,2,4,4,2,3,3,4,2,1,2,19,174,70,1,1,2,5,0,1,2,2
"566",5,4,3,4,5,3,3,3,3,4,3,3,18,159,52,1,1,1,5,0,2,1,1
"567",5,2,2,5,2,4,1,5,5,5,3,3,22,176,74,3,0,2,5,0,2,1,2
"568",5,4,2,5,5,2,1,5,5,4,2,2,20,166,55,1,1,2,1,0,2,1,1
"569",3,4,4,4,3,2,3,3,4,2,1,3,19,165,70,1,1,2,5,1,2,1,1
"570",4,2,3,5,3,3,4,3,3,2,1,3,21,162,52,1,1,2,5,0,2,2,1
"571",5,1,2,5,5,1,3,5,4,4,4,4,28,168,55,1,1,2,4,0,1,2,1
"572",5,2,3,5,3,2,4,2,3,4,3,2,20,173,50,1,1,1,5,0,2,1,1
"573",4,5,3,5,4,5,2,3,4,4,2,2,20,164,60,2,1,2,5,0,2,1,1
"574",3,2,2,5,2,2,2,2,2,5,2,2,23,172,77,1,0,2,5,0,2,1,2
"575",4,4,4,2,2,5,3,4,3,5,1,2,27,186,82,1,0,1,3,1,2,2,2
"576",4,4,4,4,3,4,5,4,4,2,2,4,21,180,77,1,0,2,1,1,1,2,2
"577",3,3,4,3,2,2,4,3,3,4,3,3,23,170,60,1,1,2,5,0,2,1,1
"578",4,2,2,5,5,4,3,3,2,4,2,4,22,165,57,2,1,2,1,0,2,1,1
"579",4,5,5,4,4,2,4,3,2,4,2,1,28,166,60,1,1,2,4,0,2,1,1
"580",4,3,3,4,4,1,2,3,3,3,2,1,22,170,52,2,1,2,5,0,2,1,1
"581",4,1,4,4,3,1,5,2,5,5,1,2,18,173,67,1,0,2,1,0,2,1,1
"582",5,2,3,5,5,2,5,5,5,1,1,3,25,165,75,1,1,2,5,0,2,2,1
"583",5,1,2,2,3,1,2,3,4,5,1,3,20,62,55,2,1,2,1,0,2,2,1
"584",5,5,5,5,5,3,5,5,5,5,3,3,28,164,77,1,1,2,5,0,2,1,2
"585",3,4,2,5,4,3,1,5,5,5,3,3,23,162,65,1,1,2,1,0,2,1,1
"586",5,5,3,5,5,3,3,5,5,5,1,1,21,185,70,0,1,1,5,1,2,1,2
"587",5,5,4,5,4,3,2,5,5,4,3,3,25,160,55,1,1,2,1,0,2,1,1
"588",4,1,4,4,4,3,3,4,4,4,2,4,28,180,70,1,1,2,4,0,2,1,2
"589",5,2,4,4,2,4,5,5,4,4,3,5,19,172,75,4,0,2,5,0,1,2,2
"590",5,1,1,5,5,5,4,5,5,5,5,5,30,179,80,1,1,2,5,1,1,2,2
"591",5,2,4,5,4,2,1,5,3,1,1,2,28,165,57,1,1,2,5,0,1,2,1
"592",5,1,2,5,4,4,4,5,1,4,3,4,19,163,53,0,1,2,5,1,1,2,1
"593",5,3,5,5,5,1,3,5,5,3,1,1,18,165,48,2,1,2,5,0,2,1,1
"594",5,3,3,5,4,3,3,3,5,5,3,5,18,174,64,1,0,2,5,0,2,2,1
"595",5,2,4,4,2,4,3,2,3,3,4,4,18,182,63,1,0,2,5,0,2,1,1
"596",5,3,4,5,4,3,3,5,4,2,2,2,17,168,70,0,1,2,1,1,2,2,1
"597",5,2,5,5,3,5,5,3,4,5,3,5,21,168,62,1,0,2,1,1,2,1,1
"598",4,5,5,5,2,2,1,3,3,1,1,3,18,171,69,1,1,2,5,1,1,1,1
"599",5,4,5,5,3,4,5,4,4,5,2,4,21,187,73,4,0,2,1,0,2,2,2
"600",4,1,1,5,5,3,2,5,5,3,1,5,23,167,70,0,1,2,1,1,2,2,1
"601",5,2,4,5,4,2,5,3,3,2,1,5,20,168,76,1,1,2,5,0,2,1,2
"602",5,1,1,5,5,1,2,4,3,2,1,4,19,163,70,0,1,2,5,1,2,1,1
"603",5,2,1,5,3,1,2,4,5,2,1,1,20,170,50,1,1,2,5,0,2,1,1
"604",5,3,3,2,5,1,4,5,5,4,1,5,26,168,65,3,1,2,1,0,1,2,1
"605",5,1,5,3,4,5,5,5,5,5,3,5,21,175,70,1,1,2,1,0,2,1,2
"606",4,3,5,5,2,5,5,5,5,5,2,5,19,185,83,2,0,2,5,0,2,1,2
"607",5,1,3,5,5,2,2,5,4,3,1,3,21,171,60,2,1,2,5,0,1,2,1
"608",5,3,3,5,4,4,4,4,5,5,2,4,22,172,60,1,1,2,1,0,1,1,1
"609",4,4,4,5,2,3,5,2,3,4,2,4,18,188,77,2,0,2,5,1,2,1,2
"610",3,3,4,4,3,2,5,3,2,5,2,3,21,162,51,1,1,2,5,0,1,2,1
"611",5,4,4,5,3,4,2,3,3,3,1,5,23,174,60,1,0,2,5,0,2,1,1
"612",5,3,4,5,4,2,2,5,4,2,2,3,17,167,70,0,1,2,1,1,2,2,1
"613",5,5,5,5,4,4,4,5,5,5,3,5,20,163,52,1,1,2,5,0,2,1,1
"614",3,1,2,2,4,2,1,4,4,5,3,3,22,170,55,1,1,2,5,0,1,1,1
"615",3,3,3,4,4,1,4,1,1,5,3,2,19,168,60,2,1,2,1,0,1,2,1
"616",5,2,3,5,4,3,3,5,5,4,1,2,25,164,63,0,1,2,4,1,1,2,1
"617",5,2,4,4,3,5,5,4,5,4,2,4,29,183,111,1,0,1,5,0,1,2,2
"618",4,4,4,4,4,4,5,3,3,5,4,4,29,173,81,2,0,2,5,0,1,2,2
"619",5,3,3,4,3,3,1,3,3,3,1,3,17,173,54,1,1,2,5,0,2,1,1
"620",5,3,5,3,3,3,5,3,3,5,3,4,19,185,75,2,0,1,5,0,2,1,2
"621",5,1,5,4,4,3,2,5,5,4,1,4,18,170,75,2,1,2,5,0,2,1,2
"622",4,1,1,4,3,1,1,3,3,4,1,4,20,174,60,3,1,2,1,0,2,1,1
"623",5,1,4,3,3,3,5,5,4,5,2,1,21,161,48,0,1,2,1,1,2,1,1
"624",5,1,4,5,5,3,3,5,5,4,2,2,18,175,58,1,1,2,5,0,2,1,1
"625",5,3,4,5,5,3,2,4,4,3,2,3,19,180,70,1,1,2,5,0,2,1,2
"626",5,1,2,4,1,3,4,1,1,4,1,3,19,176,66,0,0,2,5,1,1,2,1
"627",5,5,4,5,3,2,4,3,4,1,2,5,20,175,65,2,0,2,5,0,2,1,1
"628",3,3,3,5,3,2,3,4,4,4,4,5,19,175,80,1,0,1,5,1,1,2,2
"629",5,5,3,5,3,1,5,4,4,5,1,5,18,180,75,1,1,2,5,0,1,2,2
"630",5,4,5,3,5,5,5,3,3,4,2,3,16,160,49,1,1,2,5,0,1,2,1
"631",5,4,4,5,3,1,4,3,4,4,1,2,18,163,57,1,1,2,1,0,2,1,1
"632",4,2,2,5,4,4,2,2,2,4,2,5,19,170,63,0,1,2,5,1,1,1,1
"633",5,1,1,4,5,4,3,5,4,4,3,2,24,166,55,2,1,2,1,0,1,1,1
"634",4,1,3,4,3,4,2,5,5,3,2,3,19,168,56,3,1,2,5,0,2,1,1
"635",5,3,3,4,4,4,4,5,5,4,3,3,20,166,60,1,1,2,1,0,2,1,1
"636",5,2,4,3,4,3,3,4,5,2,1,3,21,180,61,0,1,2,1,1,2,1,1
"637",5,5,4,5,2,5,5,5,5,4,5,5,23,165,60,0,0,2,1,1,2,1,1
"638",5,3,5,5,2,4,5,3,3,4,3,5,17,182,84,1,0,2,5,0,2,2,2
"639",5,1,1,4,4,2,1,5,4,3,1,3,18,173,65,3,1,2,5,0,2,1,1
"640",5,2,3,5,4,3,5,5,5,4,5,5,26,183,90,5,0,2,4,0,1,2,2
"641",1,1,1,4,5,2,2,4,4,4,2,2,22,186,65,0,0,2,1,1,2,1,2
"642",5,1,4,3,3,3,2,5,5,5,1,4,18,170,75,2,1,2,5,0,2,1,2
"643",5,4,3,5,4,5,3,5,5,5,3,3,15,160,51,2,1,2,2,0,2,1,1
"644",5,1,1,5,3,5,5,3,3,3,3,4,17,175,64,0,0,2,5,1,2,2,1
"645",4,3,4,5,4,4,4,5,5,5,3,3,22,175,86,6,1,1,1,0,2,1,2
"646",5,2,2,5,5,5,1,4,2,3,1,5,21,168,49,1,1,2,5,0,2,1,1
"647",4,1,2,4,5,1,4,3,3,2,1,2,21,162,51,3,1,2,1,0,1,2,1
"648",5,2,2,4,3,2,4,5,5,4,2,2,19,171,49,3,1,2,5,0,1,2,1
"649",4,3,4,4,4,5,3,2,2,4,2,5,26,186,98,1,0,2,1,1,2,2,2
"650",5,4,5,5,4,3,2,2,1,1,2,1,26,172,80,1,1,2,4,0,2,1,2
"651",5,1,3,3,5,1,5,2,3,5,3,2,19,159,52,3,1,2,1,0,1,2,1
"652",5,5,5,5,3,5,5,5,5,4,2,5,20,197,100,1,0,2,1,0,1,2,2
"653",5,1,3,5,5,5,3,5,5,5,3,5,18,192,91,0,0,2,5,1,1,1,2
"654",5,3,4,4,4,4,3,2,4,3,2,3,25,167,49,1,1,2,1,1,2,2,1
"655",5,4,3,5,1,3,2,1,1,2,1,5,23,192,86,1,0,2,5,0,2,1,2
"656",5,5,5,5,3,2,3,2,2,4,3,5,24,190,84,1,0,2,1,1,2,2,2
"657",5,2,3,4,3,4,4,2,5,5,2,3,20,186,78,3,0,1,1,0,1,1,2
"658",5,1,2,5,4,2,3,4,4,4,1,3,19,172,50,2,1,2,1,0,1,2,1
"659",5,3,3,5,2,5,2,4,4,3,2,5,18,186,76,1,0,2,5,0,1,2,2
"660",5,2,3,3,3,4,4,3,4,4,4,4,25,167,60,2,1,1,5,0,2,1,1
"661",4,4,4,4,4,4,4,4,4,4,4,4,22,179,78,2,0,1,4,0,2,1,2
"662",4,5,5,5,3,1,3,3,3,3,1,5,26,185,92,1,0,2,4,0,2,1,2
"663",5,5,5,5,5,5,5,5,5,5,5,5,19,167,63,0,1,2,5,1,2,1,1
"664",4,4,3,3,2,2,1,1,5,5,4,3,16,170,54,2,1,2,1,0,2,2,1
"665",5,1,4,3,2,5,5,3,3,4,3,5,18,174,64,0,0,2,5,1,2,1,1
"666",5,3,3,5,4,4,3,4,3,2,1,3,20,170,53,1,1,2,5,0,2,2,1
"667",5,5,5,5,5,5,5,5,5,5,5,5,17,168,70,0,1,2,1,1,2,2,1
"668",4,1,1,4,3,3,3,4,2,4,3,4,20,171,62,0,1,1,5,1,2,1,1
"669",5,2,3,5,5,3,1,4,5,5,2,3,19,165,51,3,1,2,1,0,2,1,1
"670",5,3,3,5,5,1,1,4,3,2,1,2,18,165,55,0,1,2,5,1,2,1,1
"671",5,1,1,5,3,1,3,5,5,5,3,3,17,167,48,0,1,2,5,1,1,2,1
"672",5,3,4,5,5,3,3,3,4,5,3,4,18,174,64,1,0,2,5,0,2,1,1
"673",4,4,2,4,3,2,1,5,5,5,1,2,20,171,63,1,1,2,5,0,2,1,1
"674",5,5,4,5,3,5,3,3,4,5,5,4,17,170,55,3,1,2,5,0,1,2,1
"675",5,5,5,5,5,5,5,5,5,5,5,5,21,182,70,1,0,2,5,0,1,2,2
"676",5,1,4,5,4,3,2,4,5,3,1,4,19,190,80,1,0,1,5,0,2,1,2
"677",5,3,4,5,3,4,3,2,3,2,2,5,19,187,80,0,0,1,1,1,2,2,2
"678",4,2,4,4,4,5,5,3,4,4,1,5,19,193,83,0,0,2,5,1,2,1,2
"679",5,3,3,5,4,3,5,5,5,3,2,4,16,177,70,1,0,2,5,0,2,1,2
"680",5,4,4,5,3,5,1,5,4,3,1,3,19,178,80,3,0,2,1,0,1,2,2
"681",5,2,2,3,2,3,1,4,4,5,1,3,19,162,52,1,1,2,5,0,2,1,1
"682",3,2,4,4,4,2,3,2,1,4,3,5,21,192,93,1,0,2,4,0,1,2,2
"683",5,5,5,5,2,4,3,3,3,3,3,4,24,185,120,2,0,2,3,0,2,2,2
"684",5,5,5,5,2,4,5,2,2,2,1,5,23,190,95,1,0,2,5,0,2,1,2
"685",4,2,4,2,4,2,4,2,4,2,4,2,30,173,69,0,1,2,5,1,2,1,1
"686",3,3,4,4,5,3,3,2,3,3,3,3,27,189,113,3,0,1,3,0,2,2,2
"687",5,3,4,3,4,5,3,5,3,2,2,5,19,185,65,1,0,2,5,0,2,1,2
"688",5,4,5,4,1,1,5,3,3,3,4,5,18,160,55,2,1,2,5,0,2,1,1
"689",5,1,1,4,3,4,4,3,4,5,3,3,18,203,89,2,0,2,5,1,2,1,2
"690",5,4,4,5,4,2,5,3,5,1,2,5,17,185,70,2,0,2,5,0,2,1,2
"691",5,4,4,5,1,2,5,2,3,4,2,5,30,173,72,1,1,2,5,0,1,2,2
"692",5,3,3,5,4,4,2,4,5,4,1,4,19,172,60,0,1,2,5,1,2,1,1
"693",5,3,4,5,4,1,2,3,2,2,1,2,27,173,79,5,1,2,5,0,1,2,2
"694",5,5,4,5,5,2,2,5,5,3,2,5,21,173,62,1,1,2,5,0,1,2,1
"695",2,2,2,3,3,2,2,4,5,4,1,2,17,165,53,3,1,1,5,0,2,1,1
"696",5,1,2,5,4,4,4,4,4,5,4,5,20,187,95,0,0,2,5,1,2,1,2
"697",5,5,5,5,2,3,2,5,5,4,2,5,20,181,73,1,0,2,1,0,2,1,2
"698",4,3,1,5,5,3,5,2,2,4,2,5,18,176,76,0,0,2,5,1,2,1,2
"699",5,3,5,5,4,5,4,5,5,4,4,5,20,180,90,1,0,2,1,0,2,2,2
"700",4,3,4,4,3,4,3,3,3,5,2,2,20,178,66,1,0,2,5,0,2,1,1
"701",5,2,1,4,4,1,4,1,1,2,1,4,17,175,60,1,1,2,5,0,2,1,1
"702",5,2,1,5,4,2,5,1,2,3,1,5,19,181,78,1,0,2,5,0,2,1,2
"703",5,1,5,5,3,3,4,4,3,5,5,5,20,183,82,1,0,2,5,0,2,2,2
"704",5,5,1,5,4,4,5,4,5,5,2,1,21,180,63,0,0,2,5,1,2,1,1
"705",3,3,2,4,5,3,3,4,5,1,4,3,23,170,70,0,0,2,5,1,2,1,1
"706",3,5,5,5,1,2,4,3,4,5,4,5,24,178,80,2,0,2,5,0,1,2,2
"707",4,1,1,4,2,2,2,3,2,5,1,2,17,160,48,0,1,2,5,1,2,1,1
"708",5,1,2,5,5,3,3,3,2,3,4,2,18,162,55,1,1,2,5,0,2,1,1
"709",5,3,5,5,4,5,3,5,5,3,3,5,17,185,99,1,0,2,5,0,2,2,2
"710",3,2,2,4,2,3,3,3,4,2,2,3,19,175,60,1,1,2,5,0,2,1,1
"711",4,5,4,5,3,2,2,3,2,5,1,5,21,188,81,0,0,2,5,1,2,1,2
"712",5,1,3,4,2,1,1,5,5,5,4,3,29,170,58,1,1,2,1,0,2,2,1
"713",5,2,2,4,4,1,3,4,4,3,2,2,20,158,55,1,1,2,5,0,1,2,1
"714",4,1,2,4,4,3,2,4,2,2,2,1,20,168,55,1,1,2,5,0,2,1,1
"715",5,4,5,4,3,2,4,2,3,3,2,5,19,184,80,1,0,2,1,0,1,2,2
"716",5,3,4,5,3,5,3,4,4,2,2,5,20,162,50,0,1,2,1,1,2,1,1
"717",5,3,2,5,5,5,2,2,2,5,1,2,21,168,70,1,1,2,5,0,2,1,1
"718",3,1,1,4,3,2,1,5,5,5,2,3,20,165,57,1,1,2,5,1,1,2,1
"719",5,2,2,5,3,2,2,2,2,4,2,3,19,193,77,1,0,2,5,1,2,1,2
"720",5,3,4,4,3,4,4,3,3,4,3,4,21,179,76,1,0,2,5,0,2,1,2
"721",5,1,3,5,4,4,4,3,3,4,5,5,19,190,76,0,0,2,5,1,2,1,2
"722",5,2,2,5,4,4,4,4,4,3,3,3,19,187,88,0,0,2,5,1,2,1,2
"723",4,1,3,5,4,1,5,5,5,5,5,4,20,183,65,3,0,2,5,0,2,1,2
"724",5,5,4,5,3,2,1,4,5,2,1,4,21,170,58,0,1,2,1,1,2,1,1
"725",5,4,3,4,4,3,2,5,5,2,2,2,23,163,68,1,1,2,4,0,2,1,1
"726",4,4,5,4,3,1,2,4,3,2,1,3,24,169,53,1,1,2,1,0,2,2,1
"727",3,3,3,5,2,2,2,3,5,2,2,4,19,185,65,3,0,1,5,0,2,1,2
"728",5,2,3,5,3,2,5,4,4,5,2,3,20,177,70,1,1,2,5,0,2,2,2
"729",5,5,3,5,5,1,4,3,2,5,3,5,30,184,78,2,0,2,4,0,2,1,2
"730",5,2,2,5,5,4,4,5,5,3,1,2,20,165,56,1,1,2,5,1,2,1,1
"731",5,3,3,5,5,5,2,2,4,4,2,3,23,171,54,4,1,2,5,0,2,1,1
"732",5,1,2,5,5,3,3,5,5,4,1,2,19,170,51,1,1,1,5,0,2,1,1
"733",3,1,2,3,4,4,2,1,2,1,1,3,19,184,60,4,0,2,1,0,2,1,1
"734",5,1,3,4,5,2,2,5,5,3,2,3,22,174,61,2,1,1,1,0,1,2,1
"735",5,1,4,5,2,3,1,5,5,5,1,4,17,175,68,0,1,2,5,1,2,1,1
"736",5,5,5,5,5,2,5,3,3,5,2,5,20,183,67,2,0,2,1,0,2,1,2
"737",5,3,5,5,2,5,5,3,3,4,2,5,19,175,75,2,0,2,5,0,1,2,2
"738",4,3,3,5,5,3,2,2,2,3,1,4,27,180,75,0,0,1,1,1,2,1,2
"739",5,3,4,5,3,4,4,4,4,5,4,5,19,180,90,1,0,2,1,0,2,2,2
"740",5,2,3,3,2,4,3,3,2,4,4,5,17,156,51,1,1,2,5,0,2,1,1
"741",5,4,4,5,3,4,4,5,5,3,3,4,20,192,80,1,0,2,5,0,1,1,2
"742",5,4,4,5,1,2,5,4,4,4,2,4,20,190,125,1,0,2,5,0,2,1,2
"743",5,4,4,4,3,5,4,4,4,4,2,4,20,182,88,2,0,2,5,0,2,1,2
"744",5,5,4,5,4,3,4,5,4,4,3,5,21,187,80,2,0,2,1,0,2,1,2
"745",5,4,3,5,2,4,4,5,4,2,1,4,21,195,82,1,0,2,5,0,1,1,2
"746",5,3,5,5,4,5,4,5,5,3,3,4,20,185,85,1,0,2,5,0,1,2,2
"747",5,4,4,4,3,4,5,2,3,2,4,2,17,182,79,2,1,2,5,0,2,1,2
"748",3,1,3,4,2,4,5,2,3,4,4,4,23,185,90,1,0,2,1,0,2,1,2
"749",5,1,2,5,3,2,2,3,4,4,2,4,25,172,56,1,1,2,4,0,2,1,1
"750",5,2,2,4,4,1,5,5,5,5,2,2,18,170,54,1,1,2,5,0,2,1,1
"751",5,3,3,4,4,2,2,3,4,2,2,2,25,168,63,1,1,2,4,0,2,2,1
"752",5,2,3,5,4,2,3,4,5,4,2,4,21,180,73,1,0,2,1,0,1,2,2
"753",5,2,4,4,3,4,3,2,3,3,2,4,20,182,73,1,0,2,5,0,1,2,2
"754",5,4,3,5,3,5,5,3,3,5,2,4,21,179,74,0,0,2,5,1,2,1,2
"755",5,4,4,4,4,2,3,2,3,2,1,4,18,162,54,1,1,2,5,0,2,2,1
"756",5,2,3,5,4,5,5,4,5,4,2,4,19,182,72,1,0,2,5,1,2,1,2
"757",5,1,3,3,3,1,5,3,4,5,1,5,22,189,89,2,0,2,5,0,2,2,2
"758",5,4,4,5,4,2,4,4,4,2,2,4,26,182,76,3,0,1,5,1,2,2,2
"759",5,5,5,5,1,4,2,2,2,4,2,5,23,185,87,0,0,2,5,1,2,1,2
"760",5,4,4,4,4,3,3,2,3,2,1,5,18,162,54,1,1,2,5,0,2,2,1
"761",5,2,1,5,5,1,5,5,5,5,2,2,18,170,54,1,1,2,5,0,2,1,1
"762",5,1,3,5,5,1,1,4,4,1,1,3,16,168,54,1,1,2,5,0,2,1,1
"763",5,2,3,5,5,5,2,5,4,2,1,4,19,168,57,2,1,2,5,0,1,2,1
"764",5,1,2,5,5,3,1,5,5,4,1,5,19,175,58,1,1,2,1,0,2,2,1
"765",5,5,5,2,1,5,4,1,2,1,1,5,21,187,85,1,0,2,5,0,2,1,2
"766",5,4,5,5,5,1,4,4,1,4,2,2,20,175,58,1,1,2,1,0,2,2,1
"767",5,2,2,5,3,5,4,2,2,1,2,5,20,180,57,1,0,2,5,0,2,1,1
"768",5,2,3,5,3,2,3,3,4,4,1,3,19,181,70,1,0,2,5,1,2,1,2
"769",2,3,2,4,3,2,3,3,2,4,3,2,17,165,58,0,1,2,5,1,1,2,1
"770",5,2,3,5,5,4,4,5,5,4,2,2,19,158,45,2,1,2,5,0,2,2,1
"771",5,4,4,3,2,2,3,2,2,3,2,3,22,174,83,1,0,2,1,0,1,2,2
"772",4,2,3,2,3,2,4,3,2,3,3,2,23,183,85,2,0,1,1,0,2,1,2
"773",4,2,4,5,5,4,4,4,3,2,1,5,21,176,80,1,0,2,5,0,2,1,2
"774",5,2,4,5,5,4,5,2,2,4,2,4,22,173,50,1,1,2,5,0,2,1,1
"775",3,2,2,5,1,5,5,3,4,4,3,3,19,188,75,1,0,2,1,0,2,1,2
"776",5,2,3,4,5,3,2,4,4,3,1,3,24,160,55,1,1,2,1,0,2,1,1
"777",5,3,4,5,4,5,5,4,4,5,3,5,23,170,63,1,0,2,1,0,2,1,1
"778",5,5,3,3,1,4,5,5,5,5,1,2,21,164,52,2,1,2,5,0,2,1,1
"779",4,2,2,5,5,2,2,5,5,3,2,4,22,167,50,1,1,2,5,0,2,1,1
"780",5,3,4,3,4,3,2,3,2,4,3,3,18,184,81,1,0,2,5,0,2,2,2
"781",3,4,2,2,2,4,4,4,3,2,2,3,28,166,58,2,1,1,4,0,2,1,1
"782",5,1,4,5,5,2,4,5,5,5,2,5,18,165,48,0,1,2,5,1,2,1,1
"783",4,1,1,4,4,1,4,4,4,5,1,5,23,174,69,1,1,2,1,0,1,2,1
"784",4,2,3,4,3,2,4,2,3,4,2,3,22,162,55,1,1,2,5,1,1,2,1
"785",5,2,3,2,2,2,2,3,4,4,3,4,21,164,52,1,1,2,5,1,2,1,1
"786",5,1,4,3,2,4,4,4,3,3,3,2,20,171,57,1,1,2,5,0,2,1,1
"787",5,4,4,5,4,4,3,4,5,2,3,2,18,170,65,1,1,2,5,0,2,2,1
"788",5,1,4,4,2,2,3,1,1,1,2,3,21,175,55,1,0,2,5,0,2,1,1
"789",5,3,4,4,3,3,4,1,2,3,4,4,20,185,80,1,0,2,1,0,1,2,2
"790",5,5,3,4,5,3,3,5,4,4,2,3,21,165,50,1,1,1,5,0,2,1,1
"791",3,5,3,4,2,2,3,3,3,3,1,3,20,165,54,2,1,2,5,0,2,1,1
"792",4,3,2,3,3,3,2,3,3,1,2,3,17,185,84,0,0,2,5,1,2,1,2
"793",5,3,4,5,5,1,2,3,3,5,1,5,20,175,67,1,1,2,5,0,2,1,1
"794",5,4,4,5,3,2,3,5,5,4,2,2,23,163,59,3,1,2,1,0,2,1,1
"795",5,3,5,5,2,1,5,5,5,4,1,1,19,155,50,0,1,2,5,1,2,1,1
"796",5,4,4,4,2,2,2,3,3,5,1,5,22,183,70,1,0,2,5,0,2,1,2
"797",5,2,3,5,5,4,4,5,5,3,1,4,19,163,56,1,1,2,5,0,2,2,1
"798",5,5,4,5,5,3,2,5,5,5,2,3,19,153,44,0,1,2,5,1,2,1,1
"799",3,2,4,1,4,4,4,4,4,3,3,3,27,173,58,1,1,2,1,1,2,2,1
"800",5,3,2,5,5,2,3,5,5,3,2,3,18,165,45,5,1,1,5,0,2,1,1
"801",5,4,4,3,4,4,5,5,4,3,4,5,18,178,80,2,0,2,5,0,2,2,2
"802",5,1,1,5,4,3,1,5,4,2,1,3,20,155,45,1,1,2,5,0,2,1,1
"803",5,3,4,4,4,4,4,4,4,4,2,2,17,170,50,3,1,2,5,0,2,2,1
"804",5,1,1,5,5,2,2,5,3,2,1,2,16,164,60,1,1,2,5,0,2,1,1
"805",4,2,3,4,4,3,3,4,3,3,3,4,21,171,66,0,1,2,5,1,2,1,1
"806",5,1,3,5,5,4,2,4,5,3,5,5,18,167,62,4,1,2,5,1,1,2,1
"807",5,1,5,4,2,5,1,5,4,5,1,5,19,166,63,0,1,2,5,1,2,2,1
"808",5,1,2,3,4,2,3,3,3,2,1,4,18,172,55,3,1,2,5,0,1,2,1
"809",5,5,4,5,3,3,4,4,2,3,4,4,24,175,71,0,0,2,1,1,1,2,2
"810",5,4,4,5,4,5,4,5,5,3,1,5,19,162,47,1,1,2,5,0,1,2,1
"811",3,4,4,4,2,5,5,3,5,2,4,5,22,180,70,1,0,2,5,0,2,1,2
"812",5,1,4,4,3,5,5,5,5,3,3,5,22,193,100,0,0,2,5,1,2,2,2
"813",4,2,2,3,4,3,3,4,4,2,1,3,16,180,55,1,1,2,5,1,1,2,1
"814",5,4,3,5,5,4,2,5,5,4,3,3,18,170,75,1,1,2,5,0,1,2,2
"815",5,5,5,4,2,5,3,2,4,2,2,5,26,186,76,3,0,2,4,0,2,1,2
"816",4,2,3,5,4,5,4,5,5,4,4,4,19,179,60,1,0,2,5,1,2,1,1
"817",5,1,4,4,4,4,3,4,5,4,2,4,20,165,57,1,1,2,5,0,2,1,1
"818",4,2,4,4,5,2,3,5,3,4,2,4,20,175,62,0,1,2,5,0,2,1,1
"819",4,1,4,5,1,3,1,3,3,5,1,5,19,166,51,1,1,2,5,0,2,1,1
"820",4,4,4,5,4,4,4,3,2,3,2,5,20,175,65,5,0,2,5,0,2,1,1
"821",4,5,5,5,4,3,2,2,2,3,2,2,22,169,59,2,1,2,1,0,2,1,1
"822",4,5,4,4,3,2,5,5,5,4,2,4,24,176,48,1,1,1,4,0,2,1,1
"823",5,5,4,5,4,4,5,4,4,5,3,4,20,172,75,3,0,1,5,0,1,2,2
"824",3,3,4,4,4,1,1,3,4,5,2,1,21,167,56,1,1,2,5,0,1,2,1
"825",5,5,5,5,1,5,5,5,5,5,1,4,23,185,92,0,0,1,5,1,2,1,2
"826",5,5,5,5,5,5,5,5,5,5,3,5,17,170,65,2,1,2,5,0,2,1,1
"827",5,5,1,5,5,1,3,5,5,1,2,1,19,170,55,1,1,1,1,0,2,2,1
"828",5,4,4,5,1,5,5,4,5,5,5,5,18,187,71,1,0,2,5,0,2,1,2
"829",5,3,3,5,3,4,4,3,4,4,2,4,19,184,75,2,0,1,5,0,2,2,2
"830",5,3,4,5,4,4,5,5,5,2,2,5,19,180,70,2,0,2,1,0,1,1,2
"831",5,5,4,5,5,4,5,5,5,3,3,4,22,187,82,1,0,2,4,0,2,1,2
"832",4,2,2,4,2,4,2,4,4,4,2,4,18,177,60,1,0,2,5,0,2,1,1
"833",5,3,4,5,5,5,4,4,4,4,1,4,19,178,88,0,1,2,5,1,2,1,2
"834",4,5,3,5,3,4,2,5,5,5,3,1,20,175,120,2,1,2,5,0,2,1,2
"835",5,3,4,5,4,4,3,3,3,5,2,4,21,183,73,0,1,2,5,1,2,1,2
"836",5,3,4,4,4,3,2,3,5,5,3,3,23,175,85,1,1,2,5,1,1,1,2
"837",5,1,3,5,5,3,3,4,5,4,3,4,19,172,62,1,1,2,5,1,2,1,1
"838",5,4,5,4,4,3,4,3,2,3,3,2,19,183,83,1,0,2,5,0,1,2,2
"839",5,2,3,5,3,3,2,5,5,3,2,4,21,165,60,2,1,2,1,0,2,2,1
"840",5,2,3,5,4,3,5,5,5,4,2,5,19,194,90,0,0,1,5,1,2,1,2
"841",5,3,5,3,3,2,2,2,2,3,2,3,18,166,53,2,1,2,5,0,2,2,1
"842",5,5,5,4,3,5,3,3,4,2,2,3,19,168,57,1,1,1,5,0,1,2,1
"843",4,1,1,4,1,4,2,2,3,2,1,3,18,178,70,2,0,2,5,0,2,2,2
"844",5,4,2,5,4,1,1,5,5,1,1,2,22,172,60,2,1,2,5,0,1,2,1
"845",4,5,2,3,2,1,1,3,3,3,1,2,21,165,55,1,1,2,5,1,2,1,1
"846",5,3,4,4,5,2,2,4,5,1,1,2,20,167,53,1,1,2,5,0,2,1,1
"847",4,1,1,3,3,2,2,4,3,5,2,1,19,161,60,3,1,2,5,0,2,2,1
"848",3,1,1,5,5,1,3,5,3,3,3,3,30,168,54,2,1,2,4,0,1,2,1
"849",5,2,4,5,2,3,4,2,2,5,4,4,29,180,93,1,0,2,5,0,2,1,2
"850",5,4,5,4,1,4,4,1,1,4,3,5,21,172,80,0,0,2,5,1,2,2,2
"851",4,4,4,4,3,5,3,4,4,4,3,4,30,200,150,1,0,2,4,0,2,1,2
"852",5,1,1,5,5,1,2,5,5,2,1,2,21,173,55,0,1,2,5,1,2,1,1
"853",5,3,3,3,3,3,3,5,5,5,1,3,20,176,78,0,1,2,5,1,2,1,2
"854",5,4,5,4,3,5,3,3,3,4,1,4,18,163,53,0,1,2,5,1,2,1,1
"855",5,4,5,5,3,5,4,4,5,4,4,5,28,192,105,1,0,2,4,0,2,1,2
"856",5,5,5,5,5,2,5,5,5,3,2,2,16,153,62,1,1,2,5,0,2,1,1
"857",3,4,3,5,4,1,1,3,3,2,2,3,18,160,63,2,1,2,5,0,2,1,1
"858",3,5,4,3,1,2,2,2,2,2,2,3,22,181,72,1,0,2,5,0,2,1,2
"859",5,4,4,5,4,4,3,3,3,4,2,4,20,172,63,1,1,2,5,0,2,2,1
"860",5,4,4,5,3,4,4,4,5,3,3,3,22,175,60,1,0,2,5,0,2,1,1
"861",5,2,3,4,5,4,2,5,5,2,1,4,20,164,57,1,1,2,5,0,2,2,1
"862",5,2,5,5,1,5,5,1,5,5,2,5,27,183,80,5,0,1,4,0,1,2,2
"863",4,5,5,3,5,2,1,4,4,3,1,3,18,173,75,0,1,2,5,1,2,1,2
"864",5,3,4,5,3,1,2,5,5,3,1,4,25,173,58,1,1,2,1,0,2,1,1
"865",5,2,3,5,2,3,1,4,2,4,1,4,21,185,72,1,0,2,5,0,1,2,2
