"","df.Music","df.Slow.songs.or.fast.songs","df.Dance","df.Folk","df.Country","df.Classical.music","df.Musical","df.Rock","df.Metal.or.Hardrock","df.Punk","df.Hiphop..Rap","df.Reggae..Ska","df.Swing..Jazz","df.Rock.n.roll","df.Alternative","df.Latino","df.Techno..Trance","df.Opera","df.Pop","cluster","Pc1","Pc2","kclust","hclust"
"1",-5,-3,-2,-1,-2,-2,-1,-5,-1,-1,-1,-1,-1,-3,-1,-1,-1,-1,-5,1,2.32082074548745,1.78374414489044,"1","1"
"2",-4,-4,-2,-1,-1,-1,-2,-5,-4,-4,-1,-3,-1,-4,-4,-2,-1,-1,-3,3,0.230878360897071,3.47043197107561,"3","2"
"3",-5,-5,-2,-2,-3,-4,-5,-5,-3,-4,-1,-4,-3,-5,-5,-5,-1,-3,-3,3,-3.39232209853585,0.324397454069584,"3","2"
"4",-5,-3,-2,-1,-1,-1,-1,-2,-1,-4,-2,-2,-1,-2,-5,-1,-2,-1,-2,1,2.22404361965333,3.03702319340123,"1","1"
"5",-5,-3,-4,-3,-2,-4,-3,-3,-1,-2,-5,-3,-2,-1,-2,-4,-2,-2,-5,1,1.37834515145213,-2.20221909000022,"1","3"
"6",-5,-3,-2,-3,-2,-3,-3,-5,-5,-3,-4,-3,-4,-4,-5,-3,-1,-3,-2,3,-2.62948530232611,1.33940216954032,"3","2"
"7",-5,-5,-5,-3,-1,-2,-2,-3,-1,-1,-3,-1,-1,-2,-3,-3,-5,-2,-5,1,2.8756552597616,-1.49157398703663,"1","1"
"8",-5,-3,-3,-2,-1,-2,-2,-5,-1,-2,-3,-2,-2,-3,-1,-2,-3,-2,-4,1,1.60557281551331,0.311722375366892,"1","1"
"9",-5,-3,-2,-5,-2,-2,-5,-5,-2,-3,-2,-4,-4,-4,-4,-5,-1,-2,-3,2,-2.53560252937614,-0.613763062240479,"2","2"
"10",-5,-3,-3,-2,-1,-2,-3,-3,-2,-1,-3,-2,-2,-3,-3,-3,-4,-2,-4,1,1.51928631634912,-0.439888332076472,"1","3"
"11",-5,-3,-1,-1,-1,-4,-1,-5,-1,-1,-1,-1,-2,-2,-5,-2,-1,-2,-2,3,0.519500039210223,2.88553639510168,"3","2"
"12",-5,-3,-1,-2,-1,-4,-3,-5,-4,-2,-3,-1,-1,-4,-3,-2,-1,-2,-3,3,-0.384187735618427,2.26960962977948,"3","2"
"13",-5,-3,-5,-3,-2,-1,-5,-2,-1,-1,-2,-1,-3,-2,-1,-3,-1,-1,-5,1,2.23075174698188,-1.88118709566852,"1","3"
"14",-5,-3,-2,-1,-1,-2,-3,-5,-2,-5,-3,-4,-4,-4,-4,-1,-1,-1,-4,3,-0.748487656550215,1.90772491624971,"3","2"
"15",-1,-3,-2,-2,-3,-4,-3,-5,-5,-5,-2,-4,-2,-3,-3,-2,-1,-2,-3,3,-1.56162454126106,2.45637391667597,"3","2"
"16",-5,-3,-3,-1,-1,-1,-2,-4,-1,-3,-2,-3,-2,-3,-1,-1,-4,-1,-4,1,2.29715375583952,0.982970071389919,"1","1"
"17",-5,-3,-3,-3,-3,-2,-2,-4,-2,-3,-3,-4,-3,-3,-1,-2,-1,-3,-4,1,-0.0764816627736149,-0.0822572830620874,"1","1"
"18",-5,-3,-5,-4,-3,-4,-5,-4,-4,-3,-4,-4,-4,-4,-4,-4,-4,-3,-5,2,-2.49124393723293,-2.84446025587933,"2","3"
"19",-5,-4,-3,-3,-2,-4,-2,-4,-5,-2,-1,-4,-5,-4,-3,-4,-3,-2,-2,3,-2.07822863560868,0.45844474834987,"3","2"
"20",-5,-3,-3,-2,-3,-4,-3,-5,-5,-4,-4,-3,-5,-4,-5,-3,-3,-4,-2,3,-3.35564473770542,0.552669608635558,"3","2"
"21",-5,-5,-1,-1,-3,-2,-2,-5,-5,-4,-1,-2,-1,-4,-3,-2,-1,-2,-2,3,-0.714568901122784,3.7651968538477,"3","2"
"22",-5,-3,-4,-2,-2,-2,-4,-5,-2,-3,-3,-3,-3,-3,-1,-4,-1,-1,-4,2,0.292062676438957,-0.641207503041775,"2","3"
"23",-5,-2,-3,-1,-1,-4,-3,-5,-5,-5,-1,-1,-1,-2,-3,-2,-3,-4,-3,3,-0.864990311988946,2.4198767715834,"3","2"
"24",-5,-3,-4,-2,-1,-2,-3,-1,-1,-1,-3,-1,-2,-1,-1,-4,-2,-1,-5,1,3.55806470088534,-1.50413779272863,"1","1"
"25",-5,-5,-5,-5,-4,-5,-3,-4,-3,-2,-2,-1,-3,-5,-3,-5,-2,-2,-4,2,-1.94039740306687,-2.0230955652075,"2","3"
"26",-4,-5,-3,-4,-1,-3,-2,-4,-2,-4,-2,-4,-2,-3,-4,-3,-4,-2,-2,3,-0.298181862442579,0.817879987607933,"3","2"
"27",-5,-3,-5,-1,-1,-1,-1,-4,-1,-3,-5,-2,-1,-4,-3,-2,-3,-1,-3,1,2.41436070068672,0.502262063378679,"1","1"
"28",-5,-4,-3,-4,-2,-3,-3,-4,-1,-3,-3,-4,-3,-4,-3,-4,-3,-2,-3,2,-0.791776846741424,-0.947681572199985,"2","3"
"29",-4,-3,-4,-3,-3,-3,-3,-4,-2,-2,-4,-3,-4,-3,-3,-3,-3,-3,-4,2,-0.505220551675889,-1.50094266786964,"2","3"
"30",-4,-3,-4,-1,-3,-2,-3,-3,-1,-1,-3,-3,-2,-1,-1,-5,-1,-2,-5,1,2.26948719174163,-1.73670308449613,"1","3"
"31",-5,-5,-3,-1,-3,-2,-3,-4,-3,-4,-4,-2,-2,-4,-4,-2,-3,-1,-3,3,0.256087400366534,1.13880293701303,"3","2"
"32",-5,-4,-2,-2,-3,-4,-5,-3,-1,-1,-1,-3,-4,-4,-3,-2,-1,-5,-4,2,-1.56419617039222,-0.785806518262798,"2","3"
"33",-5,-4,-3,-2,-1,-3,-4,-5,-3,-4,-2,-3,-3,-4,-4,-2,-1,-1,-4,3,-1.00477701021823,1.24220858916497,"3","2"
"34",-5,-3,-3,-3,-1,-4,-5,-3,-1,-1,-4,-3,-1,-3,-3,-5,-1,-1,-5,2,0.817859906354925,-1.9610672402334,"2","3"
"35",-5,-3,-1,-3,-2,-3,-4,-4,-1,-1,-1,-1,-1,-1,-1,-1,-1,-4,-4,1,1.06628608949242,0.872257758532163,"1","3"
"36",-5,-5,-1,-1,-1,-5,-1,-3,-5,-2,-1,-2,-2,-2,-1,-1,-1,-1,-2,3,1.0624642335233,3.47706038913963,"3","2"
"37",-5,-5,-5,-3,-1,-5,-2,-4,-1,-2,-4,-5,-2,-2,-1,-3,-4,-4,-5,2,0.822323714913421,-2.47743532681419,"2","3"
"38",-5,-3,-3,-3,-2,-2,-3,-5,-4,-4,-1,-2,-1,-5,-2,-1,-2,-2,-5,3,-0.615921833680604,1.49252672579552,"3","2"
"39",-4,-3,-4,-1,-1,-1,-1,-1,-1,-1,-3,-2,-1,-1,-1,-2,-3,-1,-5,1,4.83892643114731,-0.23901175068012,"1","1"
"40",-5,-4,-5,-5,-5,-5,-1,-4,-5,-1,-5,-5,-5,-5,-5,-5,-5,-1,-1,2,-3.08060923804257,-2.06826833211487,"2","3"
"41",-5,-5,-2,-2,-2,-3,-4,-5,-4,-4,-3,-3,-3,-3,-4,-3,-3,-1,-5,3,-0.857046039170667,0.535688329013652,"3","2"
"42",-5,-4,-3,-1,-1,-2,-2,-4,-1,-2,-3,-2,-2,-2,-4,-3,-3,-1,-5,1,2.06715693433735,0.172262671375614,"1","3"
"43",-4,-4,-4,-2,-1,-3,-3,-4,-1,-1,-3,-1,-3,-3,-4,-5,-4,-3,-4,2,0.747711887649,-1.49781340683634,"2","3"
"44",-5,-3,-4,-3,-4,-1,-5,-5,-3,-2,-5,-2,-3,-5,-4,-5,-2,-2,-5,2,-1.28332661824133,-2.17067079194124,"2","3"
"45",-5,-4,-3,-1,-1,-1,-4,-2,-1,-2,-5,-5,-2,-2,-2,-4,-2,-1,-3,1,2.44555537251743,-0.889479058762297,"1","3"
"46",-5,-4,-2,-1,-2,-2,-2,-5,-3,-5,-3,-2,-2,-4,-2,-1,-2,-1,-3,3,0.325180825707574,2.64366868232046,"3","2"
"47",-4,-3,-2,-4,-2,-5,-5,-5,-2,-4,-4,-4,-3,-4,-4,-5,-1,-2,-5,2,-2.54460891505528,-1.33657297708866,"2","3"
"48",-5,-3,-5,-5,-5,-5,-5,-5,-4,-2,-5,-5,-5,-5,-2,-5,-2,-5,-5,2,-4.30502335366572,-4.34445374836054,"2","3"
"49",-5,-3,-4,-4,-3,-4,-5,-3,-2,-2,-3,-3,-3,-3,-3,-5,-2,-5,-4,2,-1.72694282767814,-2.77559190384742,"2","3"
"50",-5,-3,-5,-5,-3,-5,-5,-5,-4,-3,-3,-3,-4,-4,-3,-5,-4,-5,-5,2,-3.54964922736031,-3.29702668570518,"2","3"
"51",-5,-3,-4,-2,-2,-4,-3,-3,-3,-2,-4,-3,-3,-4,-4,-4,-5,-3,-4,2,-0.55700897498726,-1.67475049621599,"2","3"
"52",-5,-3,-3,-3,-2,-3,-2,-5,-2,-2,-2,-2,-4,-5,-5,-1,-1,-2,-2,3,-1.56933823306813,1.6058115378245,"3","2"
"53",-5,-5,-5,-3,-2,-3,-2,-1,-1,-1,-2,-2,-1,-2,-2,-3,-3,-1,-5,1,2.98953803310611,-1.60036855602998,"1","1"
"54",-5,-4,-2,-1,-2,-3,-1,-4,-3,-5,-3,-3,-4,-5,-5,-1,-4,-3,-3,3,-1.4289117645474,1.96592178452877,"3","2"
"55",-5,-2,-2,-2,-2,-4,-4,-4,-1,-3,-2,-3,-3,-4,-4,-2,-1,-3,-4,3,-1.40664522115939,0.33550536712658,"3","2"
"56",-5,-3,-5,-1,-2,-4,-3,-4,-1,-2,-3,-2,-3,-3,-3,-4,-4,-3,-4,2,0.326143348147128,-1.7127687594066,"2","3"
"57",-5,-3,-5,-4,-5,-4,-4,-4,-5,-4,-5,-4,-5,-5,-5,-4,-5,-5,-5,2,-4.19416386841376,-3.18618379784613,"2","3"
"58",-5,-3,-3,-1,-1,-1,-4,-5,-1,-3,-2,-1,-2,-2,-1,-3,-2,-2,-4,1,1.71414176059315,0.53307590246533,"1","3"
"59",-4,-3,-3,-1,-2,-2,-1,-3,-3,-2,-4,-2,-2,-2,-1,-2,-4,-2,-3,1,2.40300512857528,0.74618281539517,"1","1"
"60",-4,-3,-4,-2,-2,-2,-4,-3,-4,-3,-3,-3,-3,-2,-2,-4,-5,-1,-5,2,0.968841635742643,-1.26808635033791,"2","3"
"61",-3,-4,-4,-3,-2,-2,-4,-1,-1,-1,-4,-3,-4,-4,-1,-5,-1,-1,-5,2,1.59621608342834,-2.78148884627369,"2","3"
"62",-5,-5,-3,-2,-1,-2,-4,-5,-5,-5,-1,-5,-4,-4,-3,-2,-4,-2,-3,3,-1.75747172827102,1.42605715832838,"3","2"
"63",-5,-4,-1,-1,-1,-1,-4,-4,-1,-1,-1,-1,-1,-2,-1,-4,-1,-2,-5,1,2.37878030151217,0.59558595452911,"1","3"
"64",-5,-3,-5,-2,-2,-2,-3,-3,-1,-1,-5,-2,-3,-1,-1,-2,-3,-1,-5,1,2.96019220937974,-1.91940750373476,"1","1"
"65",-4,-3,-2,-3,-1,-4,-1,-1,-1,-1,-4,-4,-1,-2,-3,-1,-3,-1,-4,1,2.56785627007886,0.154835765152518,"1","1"
"66",-5,-3,-2,-2,-2,-2,-5,-5,-2,-4,-4,-2,-2,-3,-3,-5,-1,-1,-5,2,-0.160987641756521,-0.364860323472583,"2","3"
"67",-5,-3,-3,-2,-2,-2,-1,-2,-1,-2,-5,-2,-2,-2,-2,-4,-3,-1,-5,1,2.79638574763397,-1.14450268513758,"1","3"
"68",-5,-3,-2,-1,-4,-5,-3,-1,-1,-1,-5,-4,-1,-1,-1,-1,-2,-4,-2,1,1.52507659338748,-0.47036231200614,"1","1"
"69",-5,-3,-3,-4,-4,-3,-1,-5,-4,-4,-3,-5,-4,-5,-4,-4,-1,-2,-1,3,-3.22864692318898,0.900861893653536,"3","2"
"70",-5,-3,-5,-1,-2,-2,-2,-4,-2,-1,-4,-2,-2,-2,-2,-5,-5,-1,-5,1,2.4378630871084,-1.97374876214951,"1","3"
"71",-4,-4,-4,-2,-4,-1,-5,-3,-1,-1,-4,-5,-5,-5,-3,-5,-4,-2,-5,2,-0.428714032797082,-3.59668163669683,"2","3"
"72",-5,-3,-4,-4,-4,-3,-4,-5,-2,-2,-5,-3,-3,-3,-3,-4,-4,-4,-5,2,-1.27142998210535,-2.95209282820152,"2","3"
"73",-5,-3,-4,-2,-2,-2,-3,-5,-2,-3,-4,-4,-3,-4,-2,-5,-3,-2,-4,2,-0.242395844330191,-1.39105262392575,"2","3"
"74",-5,-4,-4,-1,-2,-3,-3,-4,-2,-3,-4,-4,-3,-4,-3,-5,-3,-3,-5,2,-0.29256721790101,-1.75960184238074,"2","3"
"75",-5,-5,-1,-3,-1,-3,-2,-5,-5,-4,-1,-1,-2,-2,-5,-1,-1,-3,-1,3,-1.21057201636665,4.31150467910812,"3","2"
"76",-5,-3,-5,-1,-2,-4,-4,-5,-3,-1,-3,-2,-4,-3,-1,-5,-5,-3,-5,2,-0.0569663675233199,-2.6559343085794,"2","3"
"77",-5,-3,-1,-1,-4,-5,-5,-5,-5,-5,-4,-4,-5,-5,-4,-3,-1,-5,-1,3,-4.98133191523578,1.22462521133804,"3","2"
"78",-5,-2,-3,-3,-5,-5,-3,-4,-4,-1,-1,-1,-2,-3,-3,-2,-4,-3,-3,2,-1.42561128120493,0.0262130066907782,"2","2"
"79",-4,-3,-4,-3,-3,-3,-2,-5,-3,-3,-4,-3,-3,-3,-3,-2,-3,-3,-4,2,-0.646504096085575,-0.307943208825692,"2","3"
"80",-5,-4,-4,-1,-2,-2,-4,-5,-2,-4,-3,-5,-3,-4,-4,-5,-2,-1,-4,2,-0.792436418413083,-0.667577624988154,"2","3"
"81",-5,-5,-5,-1,-1,-5,-2,-5,-1,-1,-1,-1,-5,-5,-4,-5,-5,-1,-5,2,-0.254212788022628,-1.70301165111352,"2","3"
"82",-5,-3,-3,-2,-1,-4,-3,-5,-3,-3,-1,-2,-4,-4,-4,-2,-1,-3,-3,3,-1.80392668159615,1.42871435788565,"3","2"
"83",-4,-2,-3,-2,-1,-3,-4,-4,-1,-3,-1,-3,-1,-2,-3,-1,-1,-1,-3,1,0.930702199040081,1.57457568535891,"1","1"
"84",-5,-2,-1,-3,-4,-4,-4,-3,-1,-2,-1,-3,-5,-4,-3,-3,-1,-4,-2,2,-2.58121700692975,-0.102208013677011,"2","3"
"85",-5,-4,-1,-5,-5,-4,-4,-3,-3,-3,-1,-1,-5,-4,-1,-1,-1,-4,-4,3,-2.57445989925155,0.00121637707347533,"3","2"
"86",-5,-5,-5,-1,-1,-1,-2,-3,-1,-3,-5,-2,-1,-3,-3,-1,-4,-1,-4,1,3.23388707129426,0.0130936382111805,"1","1"
"87",-5,-3,-3,-2,-2,-4,-3,-3,-1,-2,-5,-5,-4,-4,-2,-3,-2,-2,-3,2,-0.217975202026253,-1.28777548837911,"2","3"
"88",-5,-3,-1,-1,-1,-1,-1,-4,-5,-4,-3,-1,-1,-1,-4,-1,-4,-1,-2,3,1.7227775598748,4.01736597762076,"3","2"
"89",-5,-3,-2,-1,-1,-1,-1,-1,-1,-1,-5,-2,-2,-1,-1,-1,-2,-1,-2,1,4.28353411401568,1.23568558269127,"1","1"
"90",-3,-5,-5,-1,-1,-1,-1,-5,-2,-1,-1,-3,-2,-2,-5,-5,-3,-1,-3,1,1.8264817288881,0.544751951834405,"1","3"
"91",-5,-3,-4,-1,-1,-2,-2,-2,-1,-3,-2,-4,-1,-2,-1,-4,-1,-1,-4,1,2.59918497076588,-0.121979331222281,"1","1"
"92",-5,-4,-4,-3,-2,-4,-5,-5,-3,-2,-4,-4,-3,-3,-2,-3,-2,-2,-4,2,-0.845016863246622,-1.38759304276645,"2","3"
"93",-5,-3,-1,-3,-2,-3,-1,-4,-5,-4,-1,-4,-3,-3,-3,-1,-1,-2,-2,3,-1.40212824971697,3.33105280022627,"3","2"
"94",-5,-3,-1,-2,-3,-5,-4,-5,-2,-5,-1,-4,-5,-5,-5,-2,-1,-4,-1,3,-4.46048979129094,1.89215388962905,"3","2"
"95",-4,-4,-3,-3,-2,-4,-2,-4,-4,-3,-3,-3,-4,-4,-4,-3,-3,-2,-2,3,-1.48577530696733,0.756362565988382,"3","2"
"96",-5,-5,-1,-3,-1,-3,-2,-4,-5,-1,-1,-2,-3,-1,-1,-1,-1,-2,-2,3,0.702129960340546,2.80005499488812,"3","2"
"97",-5,-3,-4,-4,-5,-5,-3,-5,-1,-2,-4,-4,-4,-5,-3,-5,-3,-4,-4,2,-2.95656060752273,-3.19884259352932,"2","3"
"98",-4,-3,-2,-2,-1,-4,-1,-4,-4,-3,-2,-1,-1,-2,-3,-2,-2,-3,-2,3,0.42179472195716,2.76313037114696,"3","2"
"99",-5,-2,-2,-2,-4,-4,-2,-5,-5,-3,-2,-2,-2,-3,-1,-3,-1,-4,-3,3,-1.61468520454577,1.31639241498497,"3","2"
"100",-5,-4,-4,-5,-2,-3,-1,-4,-1,-1,-1,-4,-5,-4,-4,-4,-4,-1,-4,2,-0.766208390909465,-1.55143883142046,"2","3"
"101",-5,-3,-4,-3,-2,-5,-3,-4,-2,-2,-3,-3,-4,-4,-5,-2,-4,-4,-3,2,-1.92119554650773,-0.899893722112838,"2","3"
"102",-5,-3,-4,-2,-2,-4,-3,-3,-2,-2,-1,-3,-4,-2,-3,-5,-4,-1,-3,2,0.0718287000496476,-1.07809778411005,"2","3"
"103",-5,-3,-2,-1,-1,-3,-4,-4,-1,-3,-2,-2,-2,-3,-3,-1,-1,-4,-4,3,0.129409478634698,1.14267920861525,"3","2"
"104",-5,-3,-2,-2,-2,-2,-1,-5,-1,-2,-1,-1,-2,-4,-5,-2,-1,-1,-3,3,0.258658354520736,2.33661420747696,"3","2"
"105",-5,-3,-2,-2,-1,-1,-3,-3,-2,-1,-1,-1,-1,-2,-1,-4,-1,-1,-5,1,2.61673024443747,0.448923273162108,"1","3"
"106",-5,-3,-1,-2,-2,-4,-1,-4,-2,-4,-2,-4,-4,-4,-4,-2,-1,-1,-3,3,-1.27219084431008,2.03604603817433,"3","2"
"107",-4,-2,-4,-2,-1,-3,-2,-2,-2,-1,-2,-2,-2,-2,-1,-2,-3,-2,-4,1,2.39111127260394,-0.247120931800406,"1","1"
"108",-5,-5,-4,-1,-2,-4,-4,-5,-5,-2,-1,-3,-5,-5,-3,-4,-3,-2,-2,3,-2.20223977133609,0.301973035531643,"3","2"
"109",-4,-3,-2,-3,-4,-2,-1,-4,-2,-2,-4,-2,-2,-4,-1,-1,-3,-1,-4,1,1.15091507286232,0.559006339220773,"1","1"
"110",-5,-3,-3,-2,-2,-5,-3,-5,-2,-4,-1,-3,-4,-4,-5,-3,-1,-3,-1,3,-2.87751696342918,1.46699245229024,"3","2"
"111",-5,-3,-3,-3,-3,-3,-4,-5,-3,-1,-3,-1,-5,-5,-3,-3,-1,-3,-3,2,-2.02067263655074,-0.407945192844036,"2","2"
"112",-5,-3,-3,-3,-2,-3,-2,-4,-3,-3,-2,-4,-5,-3,-4,-3,-2,-2,-2,3,-1.53412683209343,0.684078112956067,"3","2"
"113",-3,-5,-4,-1,-1,-3,-1,-4,-1,-4,-4,-1,-1,-1,-2,-1,-1,-1,-4,1,3.15175765963324,1.60519713367797,"1","1"
"114",-4,-3,-3,-3,-4,-4,-3,-4,-3,-3,-3,-4,-3,-4,-4,-2,-3,-3,-4,2,-1.86059705014717,-0.408883041010989,"2","3"
"115",-5,-5,-5,-1,-5,-5,-5,-5,-5,-1,-2,-3,-1,-5,-5,-5,-5,-2,-5,2,-1.97097688123394,-2.04055803609505,"2","3"
"116",-5,-4,-5,-3,-1,-2,-2,-5,-2,-2,-2,-3,-4,-3,-4,-3,-1,-1,-4,2,0.0716615276593794,-0.102731514345934,"2","3"
"117",-5,-4,-3,-1,-1,-2,-2,-2,-1,-2,-5,-2,-1,-1,-1,-1,-3,-1,-4,1,4.08139501267716,0.269618321968107,"1","1"
"118",-5,-4,-3,-1,-1,-1,-1,-4,-1,-5,-2,-4,-3,-2,-2,-2,-1,-1,-4,1,1.56448379273402,1.63480222767579,"1","1"
"119",-5,-3,-2,-4,-1,-4,-2,-3,-1,-1,-1,-2,-5,-1,-1,-3,-1,-3,-1,1,0.137594003148856,0.496862866530486,"1","3"
"120",-5,-3,-4,-3,-3,-3,-3,-3,-1,-1,-4,-4,-4,-4,-4,-4,-4,-2,-3,2,-0.45421036652803,-2.18736587616549,"2","3"
"121",-5,-3,-2,-1,-3,-5,-1,-5,-4,-4,-3,-5,-4,-4,-5,-1,-1,-3,-3,3,-2.73598434275655,2.05241923826657,"3","2"
"122",-5,-3,-4,-3,-2,-3,-2,-3,-1,-1,-5,-1,-1,-1,-1,-1,-1,-3,-4,1,2.60033484169329,-0.552968658568799,"1","1"
"123",-5,-3,-2,-3,-3,-4,-5,-1,-1,-1,-3,-3,-4,-4,-2,-3,-1,-2,-2,2,-0.455565368194367,-1.10280122062635,"2","3"
"124",-5,-4,-5,-3,-2,-3,-3,-4,-1,-2,-5,-3,-4,-4,-1,-2,-3,-2,-5,2,0.642943149900109,-2.27377622061191,"2","3"
"125",-3,-4,-1,-3,-1,-3,-1,-5,-5,-4,-4,-3,-1,-1,-5,-5,-2,-1,-3,3,0.0655742709398403,2.242430207262,"3","2"
"126",-1,-4,-4,-1,-1,-2,-2,-4,-1,-1,-1,-2,-1,-1,-3,-2,-3,-2,-2,1,2.91215222657082,1.54669643354877,"1","1"
"127",-5,-4,-3,-2,-3,-2,-2,-5,-4,-3,-5,-2,-2,-2,-4,-2,-1,-1,-3,3,0.377331852468874,1.47891241293069,"3","2"
"128",-4,-3,-4,-4,-4,-3,-3,-3,-2,-3,-4,-3,-2,-4,-3,-3,-3,-2,-5,2,-0.310551940802237,-1.7507220256986,"2","3"
"129",-2,-3,-1,-3,-1,-3,-4,-2,-2,-2,-3,-2,-1,-1,-1,-1,-1,-2,-1,1,2.05726135845694,2.03307950779453,"1","3"
"130",-5,-2,-2,-2,-3,-4,-4,-5,-5,-3,-1,-2,-4,-4,-3,-1,-1,-4,-3,3,-2.92138736600772,1.74209909629687,"3","2"
"131",-5,-4,-3,-1,-1,-3,-2,-4,-4,-4,-2,-5,-4,-4,-4,-2,-2,-1,-2,3,-1.01042703097215,2.04485522916813,"3","2"
"132",-5,-3,-5,-2,-2,-3,-3,-4,-2,-1,-4,-3,-3,-4,-3,-2,-2,-2,-4,2,0.319802197708004,-1.07663833354196,"2","1"
"133",-2,-5,-5,-2,-2,-3,-2,-2,-1,-2,-4,-1,-4,-2,-1,-3,-3,-3,-4,1,2.3114439929299,-1.54687821140394,"1","1"
"134",-5,-3,-1,-2,-4,-5,-1,-5,-4,-4,-2,-2,-3,-3,-3,-2,-1,-3,-1,3,-2.22631418234763,2.87049433059357,"3","2"
"135",-5,-4,-4,-3,-3,-5,-2,-3,-2,-3,-3,-2,-4,-3,-4,-2,-2,-3,-3,2,-1.06092652627659,-0.315426853221891,"2","3"
"136",-5,-4,-2,-4,-3,-4,-2,-5,-2,-5,-3,-5,-2,-3,-3,-2,-1,-2,-3,3,-1.60048443092127,1.05513201584071,"3","2"
"137",-5,-5,-4,-4,-4,-2,-2,-4,-4,-4,-2,-2,-2,-1,-2,-1,-1,-2,-4,3,0.294755662906383,0.963103672668474,"3","2"
"138",-5,-3,-4,-2,-1,-3,-2,-4,-1,-3,-4,-5,-4,-3,-3,-2,-5,-1,-5,2,0.710032376537136,-1.21137669470856,"2","3"
"139",-5,-3,-3,-2,-1,-2,-1,-5,-4,-5,-3,-5,-4,-4,-5,-1,-3,-1,-1,3,-1.39275500921912,2.83707199937544,"3","2"
"140",-5,-3,-2,-2,-2,-2,-2,-5,-3,-3,-4,-3,-2,-3,-2,-2,-3,-2,-4,1,0.483221393539222,0.890425481755694,"1","1"
"141",-4,-2,-3,-5,-4,-5,-2,-3,-1,-1,-5,-4,-3,-2,-1,-5,-1,-3,-4,2,-0.402180752511604,-2.84279953984036,"2","3"
"142",-5,-5,-3,-1,-1,-2,-1,-3,-2,-1,-1,-1,-1,-1,-3,-1,-5,-1,-4,1,3.4932441641905,1.44673281538475,"1","1"
"143",-5,-4,-5,-2,-4,-3,-1,-1,-1,-1,-5,-3,-3,-2,-1,-5,-2,-1,-4,1,2.41957413604278,-2.72286400195981,"1","3"
"144",-5,-5,-1,-2,-1,-3,-1,-3,-5,-2,-1,-1,-1,-1,-2,-2,-1,-5,-1,3,0.719308872300639,3.3973620072606,"3","2"
"145",-5,-4,-4,-1,-2,-4,-3,-4,-1,-3,-3,-3,-3,-4,-2,-1,-1,-1,-4,1,0.454903831001793,0.215798737712409,"1","1"
"146",-5,-3,-2,-1,-2,-4,-4,-5,-4,-3,-1,-1,-3,-3,-4,-1,-1,-1,-3,3,-1.01226610970747,2.58684222470358,"3","2"
"147",-4,-3,-2,-3,-2,-2,-1,-4,-2,-2,-2,-3,-5,-4,-5,-4,-1,-1,-3,3,-0.88396353355829,0.867723693940877,"3","3"
"148",-5,-4,-3,-1,-2,-4,-3,-4,-1,-1,-4,-3,-3,-3,-2,-1,-1,-1,-4,1,1.15095175573668,0.00425591382584556,"1","1"
"149",-5,-3,-2,-3,-3,-4,-4,-5,-5,-5,-2,-4,-4,-4,-4,-2,-1,-3,-2,3,-3.72281648023723,1.74106963630127,"3","2"
"150",-5,-3,-2,-1,-2,-4,-4,-2,-1,-1,-2,-1,-2,-3,-2,-1,-5,-4,-3,1,1.11283744485223,-0.0789659903127632,"1","3"
"151",-5,-2,-1,-5,-3,-3,-3,-1,-1,-1,-1,-1,-1,-1,-1,-3,-1,-5,-1,1,0.621291053334905,0.341951394108155,"1","3"
"152",-5,-3,-1,-1,-1,-5,-3,-5,-5,-2,-3,-4,-4,-4,-2,-4,-2,-1,-3,3,-1.44933694790457,1.09347352489036,"3","2"
"153",-5,-3,-1,-4,-2,-4,-3,-5,-5,-3,-1,-3,-3,-3,-5,-2,-1,-3,-1,3,-2.98469575606648,2.76889757877983,"3","2"
"154",-4,-3,-1,-3,-3,-5,-2,-4,-4,-3,-1,-2,-2,-4,-3,-2,-1,-4,-2,3,-2.12300299176399,2.25944911715099,"3","2"
"155",-4,-3,-1,-2,-2,-5,-2,-1,-2,-1,-1,-1,-4,-1,-1,-1,-4,-5,-1,1,0.74011444077577,1.10995863553334,"1","3"
"156",-4,-4,-2,-1,-1,-3,-3,-5,-4,-5,-2,-2,-1,-4,-4,-1,-1,-1,-2,3,-0.412249372585182,3.7747648226589,"3","2"
"157",-5,-3,-4,-3,-3,-4,-3,-4,-3,-3,-4,-4,-5,-3,-3,-5,-3,-3,-3,2,-1.90446634786852,-1.81251036875075,"2","3"
"158",-5,-3,-4,-3,-2,-4,-4,-5,-4,-3,-2,-4,-3,-2,-3,-4,-1,-5,-4,2,-2.18656274237131,-0.752327654084176,"2","3"
"159",-5,-4,-2,-2,-2,-3,-4,-5,-1,-2,-1,-1,-4,-5,-5,-1,-1,-2,-2,3,-1.44973931519039,1.814812366796,"3","2"
"160",-3,-3,-3,-1,-1,-2,-5,-2,-1,-1,-4,-3,-3,-4,-1,-5,-3,-1,-3,1,1.86007955765263,-1.55155169685309,"1","3"
"161",-4,-2,-2,-4,-2,-3,-3,-2,-1,-1,-1,-1,-3,-2,-2,-3,-2,-4,-4,1,0.521988057497822,-0.615841848321807,"1","3"
"162",-5,-3,-1,-2,-2,-2,-1,-3,-2,-2,-1,-1,-2,-1,-5,-1,-5,-1,-4,1,1.80013899186367,2.00794312394878,"1","2"
"163",-3,-3,-3,-3,-2,-5,-4,-3,-1,-1,-3,-2,-2,-2,-2,-2,-1,-4,-3,2,0.352611731452885,-0.544373567435686,"2","3"
"164",-5,-3,-1,-3,-2,-5,-3,-4,-5,-4,-1,-1,-1,-3,-2,-1,-1,-4,-1,3,-1.68070180564687,3.29722899873086,"3","2"
"165",-4,-4,-2,-2,-2,-4,-2,-4,-5,-3,-2,-3,-2,-3,-3,-2,-2,-3,-2,3,-0.867409536587156,2.23821135047975,"3","2"
"166",-5,-3,-2,-5,-2,-4,-5,-2,-1,-1,-1,-3,-4,-3,-4,-3,-1,-4,-5,2,-1.53387542282158,-1.73707324006777,"2","3"
"167",-5,-1,-4,-1,-2,-3,-3,-4,-1,-3,-5,-2,-1,-3,-2,-3,-4,-1,-5,1,1.69934265148211,-1.1250503357312,"1","3"
"168",-5,-3,-1,-4,-3,-5,-3,-5,-5,-4,-1,-3,-3,-5,-5,-1,-1,-3,-1,3,-4.14243102251824,2.96904333595679,"3","2"
"169",-5,-4,-1,-2,-1,-3,-2,-4,-2,-4,-2,-3,-1,-5,-5,-1,-1,-1,-2,3,-0.445229640675907,3.28681464059418,"3","2"
"170",-5,-3,-2,-2,-2,-3,-2,-3,-1,-1,-5,-3,-3,-3,-3,-2,-1,-2,-2,1,0.849451468848176,0.424873033790193,"1","1"
"171",-5,-3,-2,-2,-2,-2,-3,-4,-3,-3,-4,-4,-3,-3,-3,-3,-3,-3,-4,2,-0.352922208594505,-0.0339177382672222,"2","1"
"172",-5,-3,-3,-4,-2,-2,-2,-5,-3,-5,-5,-4,-2,-5,-2,-2,-2,-2,-3,3,-0.998907752694982,0.670668195445544,"3","2"
"173",-5,-4,-4,-1,-1,-1,-1,-3,-1,-1,-4,-2,-1,-1,-1,-2,-4,-1,-2,1,4.24168954337635,0.560850098030611,"1","1"
"174",-4,-3,-3,-1,-2,-4,-3,-4,-4,-3,-5,-4,-3,-4,-2,-2,-2,-1,-4,3,-0.133778261991429,0.282920820214728,"3","3"
"175",-5,-3,-5,-1,-1,-1,-1,-2,-1,-1,-5,-3,-1,-1,-1,-1,-4,-1,-3,1,4.62267718254041,-0.260328669976309,"1","1"
"176",-5,-3,-4,-2,-2,-3,-1,-5,-3,-3,-3,-3,-2,-2,-2,-4,-3,-3,-4,1,0.332297216689443,-0.170359533997671,"1","3"
"177",-5,-3,-3,-3,-2,-3,-3,-5,-4,-4,-2,-5,-4,-5,-4,-3,-1,-2,-2,3,-2.86677791916585,1.1526759557523,"3","2"
"178",-5,-1,-2,-4,-3,-5,-5,-4,-3,-1,-1,-1,-4,-5,-3,-4,-1,-5,-4,2,-3.39783192275894,-1.13376417459825,"2","3"
"179",-5,-3,-5,-2,-2,-5,-5,-4,-4,-3,-1,-2,-4,-4,-3,-1,-1,-5,-3,3,-2.56130783591237,0.102018444583056,"3","2"
"180",-5,-3,-2,-3,-3,-4,-5,-3,-1,-4,-2,-2,-3,-4,-2,-4,-1,-4,-3,2,-1.74843255217617,-0.65269776288125,"2","3"
"181",-5,-3,-3,-2,-1,-3,-2,-4,-1,-5,-4,-5,-5,-5,-3,-3,-1,-2,-4,2,-1.271307532299,-0.127682470572249,"2","3"
"182",-5,-4,-5,-5,-5,-5,-1,-5,-4,-3,-4,-4,-4,-5,-3,-4,-5,-1,-4,2,-2.48933941238573,-2.14654247491295,"2","3"
"183",-5,-4,-5,-1,-2,-2,-5,-5,-1,-1,-5,-4,-4,-5,-2,-5,-4,-1,-5,2,0.36573055364015,-3.26665473904113,"2","3"
"184",-5,-3,-1,-3,-3,-5,-1,-4,-2,-3,-3,-2,-4,-5,-5,-1,-2,-5,-2,3,-2.7751100331802,1.50990090068947,"3","3"
"185",-5,-4,-4,-2,-3,-3,-4,-5,-2,-5,-4,-2,-2,-2,-4,-3,-5,-2,-5,2,-0.117256872903184,-0.921021739057295,"2","3"
"186",-4,-3,-2,-2,-2,-3,-3,-5,-4,-3,-2,-2,-5,-5,-4,-3,-1,-2,-3,3,-2.20135742634157,1.45804026564808,"3","2"
"187",-1,-3,-2,-2,-1,-1,-1,-1,-1,-1,-5,-1,-1,-1,-1,-5,-1,-1,-3,1,4.58839687402553,0.250630676909549,"1","1"
"188",-5,-4,-1,-1,-1,-1,-1,-4,-5,-3,-2,-1,-1,-3,-1,-1,-2,-1,-1,3,1.76460452517721,4.35277315889355,"3","2"
"189",-5,-3,-4,-1,-3,-2,-5,-3,-1,-2,-3,-1,-2,-4,-4,-3,-2,-3,-4,2,0.31482477146199,-0.971687333283328,"2","3"
"190",-5,-4,-2,-1,-3,-2,-3,-3,-1,-1,-4,-3,-1,-2,-2,-1,-3,-2,-4,1,2.34600847315236,0.0937399503688885,"1","1"
"191",-5,-5,-5,-1,-1,-1,-2,-1,-1,-1,-5,-2,-1,-1,-1,-2,-5,-1,-3,1,5.05052137802867,-0.947463531080179,"1","1"
"192",-5,-3,-4,-3,-3,-4,-2,-3,-1,-2,-5,-4,-4,-2,-5,-3,-1,-3,-1,2,-0.813239661980798,-0.64950108277086,"2","3"
"193",-5,-3,-4,-5,-1,-4,-3,-5,-5,-4,-5,-5,-5,-4,-4,-3,-4,-3,-3,2,-3.04808530389763,-0.918898071534826,"2","2"
"194",-5,-3,-3,-2,-4,-4,-3,-5,-3,-3,-2,-1,-4,-3,-3,-3,-1,-1,-5,3,-1.13955804931888,0.0922015904859924,"3","2"
"195",-5,-3,-3,-3,-2,-3,-1,-2,-2,-1,-4,-3,-4,-2,-2,-5,-2,-2,-4,1,1.07663340557845,-1.52472713778352,"1","3"
"196",-5,-3,-2,-2,-3,-5,-4,-5,-3,-4,-3,-3,-2,-3,-5,-2,-1,-2,-4,3,-1.94748255208284,1.00789346256958,"3","2"
"197",-5,-4,-2,-3,-2,-4,-4,-5,-2,-4,-3,-4,-4,-5,-5,-3,-2,-2,-2,3,-2.78817845076039,0.622630142406892,"3","2"
"198",-5,-2,-2,-4,-3,-5,-3,-4,-3,-3,-2,-3,-5,-3,-4,-4,-1,-3,-2,3,-3.10162813922322,0.119520170968411,"3","2"
"199",-4,-3,-3,-5,-3,-4,-2,-3,-1,-2,-1,-2,-5,-4,-4,-3,-2,-3,-3,2,-1.7699691166985,-0.637069110190148,"2","3"
"200",-4,-3,-4,-2,-4,-1,-1,-3,-1,-4,-2,-5,-3,-3,-2,-2,-3,-3,-4,1,0.493392148085317,-0.301423435396596,"1","1"
"201",-5,-2,-2,-5,-4,-5,-5,-3,-1,-3,-4,-3,-3,-3,-3,-5,-2,-3,-5,2,-2.02358711350751,-2.84973444862196,"2","3"
"202",-5,-1,-3,-2,-3,-2,-2,-5,-3,-3,-1,-2,-3,-5,-1,-5,-1,-1,-4,3,-0.806353871930541,0.337687429544499,"3","3"
"203",-5,-3,-1,-2,-4,-4,-1,-3,-2,-2,-3,-4,-5,-3,-1,-4,-3,-1,-2,2,-0.374659045093727,-0.00326151325470836,"2","3"
"204",-4,-4,-4,-2,-2,-4,-3,-4,-4,-4,-4,-4,-2,-4,-3,-4,-4,-1,-4,2,-0.441868049781614,-0.541487837662901,"2","3"
"205",-4,-4,-4,-4,-3,-2,-1,-5,-4,-4,-2,-4,-1,-3,-4,-5,-1,-1,-4,3,-0.674500191008147,0.522277037871396,"3","2"
"206",-5,-3,-1,-1,-1,-3,-3,-5,-4,-2,-1,-1,-3,-4,-2,-4,-1,-2,-3,3,-0.590681047440064,1.9850397460879,"3","2"
"207",-1,-3,-3,-3,-2,-3,-5,-4,-3,-3,-2,-4,-3,-4,-2,-4,-1,-1,-4,2,-0.683922315346151,-0.247570840400111,"2","2"
"208",-5,-4,-4,-2,-1,-3,-3,-3,-1,-1,-5,-4,-3,-2,-2,-5,-3,-2,-4,1,1.59712567566878,-2.34915455320114,"1","3"
"209",-5,-2,-2,-1,-2,-2,-3,-2,-1,-1,-5,-3,-2,-3,-2,-4,-1,-1,-4,1,2.03773455734487,-0.74318430461222,"1","3"
"210",-5,-3,-4,-2,-1,-5,-2,-4,-1,-3,-3,-3,-4,-4,-4,-2,-2,-4,-2,2,-1.32772952238799,0.177007692051964,"2","3"
"211",-3,-4,-2,-1,-1,-1,-1,-3,-2,-1,-2,-2,-2,-2,-2,-1,-2,-1,-2,1,3.05479384842585,2.57917048879337,"1","1"
"212",-5,-4,-2,-1,-1,-3,-5,-3,-1,-2,-5,-3,-3,-3,-3,-2,-1,-4,-3,2,0.293101978622919,-0.225096700439026,"2","3"
"213",-3,-3,-3,-2,-1,-2,-5,-4,-1,-1,-1,-1,-2,-2,-1,-4,-1,-3,-5,1,1.5153334911791,-0.693316180298004,"1","3"
"214",-5,-3,-5,-2,-4,-3,-5,-5,-2,-3,-2,-3,-3,-4,-3,-5,-2,-1,-5,2,-1.23613844117934,-2.01137355328759,"2","3"
"215",-5,-3,-2,-3,-3,-2,-2,-4,-3,-4,-4,-5,-4,-5,-5,-3,-1,-1,-3,3,-1.95083718901122,0.795157013706561,"3","2"
"216",-5,-3,-3,-2,-3,-4,-1,-5,-2,-2,-3,-4,-4,-4,-1,-5,-1,-4,-4,2,-1.30937317081304,-1.08044720489246,"2","2"
"217",-5,-3,-3,-2,-1,-4,-5,-5,-2,-3,-3,-4,-5,-3,-5,-4,-2,-1,-3,2,-1.80278586058758,-0.393218241975522,"2","3"
"218",-5,-3,-4,-1,-1,-4,-3,-5,-4,-3,-4,-2,-2,-2,-2,-2,-3,-3,-4,1,0.377115449532362,0.364979617318429,"1","2"
"219",-5,-3,-3,-4,-4,-4,-4,-5,-4,-4,-2,-2,-4,-4,-4,-5,-2,-4,-5,2,-3.57063817926857,-1.24029348197257,"2","2"
"220",-5,-3,-3,-2,-1,-2,-2,-3,-2,-2,-4,-4,-2,-2,-2,-4,-2,-1,-4,1,1.84964228462206,-0.400338337114149,"1","3"
"221",-5,-5,-5,-2,-2,-3,-5,-5,-2,-4,-4,-4,-3,-3,-2,-4,-5,-2,-5,2,-0.1546928109674,-2.36626737378962,"2","3"
"222",-5,-2,-2,-2,-3,-3,-3,-5,-1,-2,-2,-1,-3,-2,-5,-4,-2,-4,-4,2,-0.963528677260581,-0.0745068240949899,"2","2"
"223",-5,-3,-3,-1,-2,-1,-1,-1,-1,-1,-1,-1,-1,-1,-1,-1,-1,-1,-3,1,4.11991116203366,1.62781653863726,"1","1"
"224",-5,-3,-5,-3,-2,-2,-5,-3,-1,-1,-4,-2,-1,-5,-2,-5,-3,-2,-5,2,0.984808264229634,-3.07016194990478,"2","3"
"225",-5,-3,-2,-5,-4,-5,-5,-5,-4,-3,-3,-3,-4,-4,-4,-5,-1,-4,-3,2,-4.37209946105786,-1.10703959529084,"2","2"
"226",-5,-3,-3,-4,-2,-1,-2,-2,-1,-1,-3,-2,-1,-2,-1,-5,-1,-1,-5,1,2.68286297633481,-1.37228593498243,"1","3"
"227",-5,-3,-5,-3,-2,-3,-3,-4,-3,-1,-4,-2,-3,-3,-3,-2,-5,-2,-4,2,0.538807251298814,-1.40623598498969,"2","3"
"228",-5,-4,-1,-2,-1,-5,-1,-5,-5,-2,-1,-1,-4,-3,-5,-2,-1,-1,-1,3,-1.47633831409716,3.7782152158673,"3","2"
"229",-2,-3,-3,-3,-3,-2,-2,-4,-2,-2,-2,-1,-3,-5,-2,-5,-1,-5,-3,2,-0.84326331816747,-0.259930576296709,"2","2"
"230",-3,-3,-3,-3,-3,-3,-3,-3,-3,-3,-3,-3,-3,-3,-3,-3,-3,-3,-3,2,-0.540043631741259,-0.176507089481124,"2","3"
"231",-5,-3,-4,-2,-3,-2,-2,-2,-1,-2,-2,-1,-1,-1,-1,-3,-1,-1,-5,1,3.00163569670509,-0.472024328157504,"1","1"
"232",-5,-4,-3,-4,-2,-5,-4,-5,-2,-1,-3,-3,-5,-3,-5,-2,-3,-4,-2,2,-2.48583077330749,-0.63593753276897,"2","3"
"233",-5,-5,-5,-2,-2,-2,-4,-4,-2,-2,-4,-3,-2,-4,-3,-5,-3,-2,-5,2,0.600832699692459,-2.23072510328119,"2","3"
"234",-5,-3,-3,-2,-1,-2,-3,-2,-1,-1,-4,-3,-3,-2,-1,-1,-1,-1,-5,1,2.67693198359752,-0.527127000659299,"1","1"
"235",-5,-3,-3,-3,-2,-3,-3,-4,-1,-1,-2,-2,-4,-3,-1,-4,-1,-2,-4,2,0.266253795262938,-1.0264554122298,"2","3"
"236",-5,-3,-4,-3,-4,-4,-3,-4,-4,-4,-3,-2,-2,-3,-2,-3,-2,-3,-2,3,-1.34217965117442,0.232742324359031,"3","2"
"237",-5,-3,-3,-2,-1,-2,-2,-2,-1,-1,-2,-3,-3,-3,-2,-5,-1,-2,-5,1,1.56465592177005,-1.15097524572244,"1","3"
"238",-5,-3,-3,-1,-2,-4,-4,-5,-3,-4,-1,-1,-1,-3,-2,-4,-2,-4,-3,3,-0.861110302365122,0.896264386057629,"3","2"
"239",-5,-3,-3,-2,-1,-1,-3,-5,-4,-5,-5,-5,-5,-5,-5,-3,-2,-1,-4,3,-1.77189294151987,0.559051889615264,"3","2"
"240",-5,-3,-4,-3,-1,-1,-1,-5,-5,-5,-5,-5,-4,-5,-4,-2,-1,-1,-4,3,-1.27645684954095,1.17308273076188,"3","2"
"241",-5,-3,-2,-4,-3,-5,-3,-5,-5,-5,-2,-5,-4,-3,-5,-2,-1,-5,-2,3,-4.57845611603271,1.45427581793787,"3","2"
"242",-5,-3,-4,-2,-2,-4,-4,-4,-2,-4,-4,-4,-5,-4,-4,-4,-4,-3,-4,2,-1.90561174702589,-1.80463369018935,"2","3"
"243",-5,-4,-5,-3,-3,-2,-2,-3,-1,-1,-4,-3,-2,-4,-1,-3,-2,-1,-4,1,1.72913431657901,-1.69214972885393,"1","1"
"244",-5,-3,-3,-3,-4,-4,-5,-4,-4,-3,-2,-2,-4,-3,-3,-5,-4,-3,-3,2,-2.35404722565559,-1.25610805751349,"2","2"
"245",-5,-3,-2,-1,-3,-3,-1,-5,-3,-1,-2,-2,-3,-5,-1,-2,-2,-2,-4,3,0.0100834463494105,1.07437260773869,"3","2"
"246",-5,-4,-3,-5,-2,-4,-3,-4,-2,-3,-5,-5,-2,-3,-5,-4,-3,-3,-3,2,-1.50656164418629,-1.29990523472342,"2","3"
"247",-5,-3,-4,-2,-2,-2,-1,-3,-1,-3,-3,-3,-1,-1,-1,-2,-2,-1,-4,1,2.83543618864085,0.266414504278397,"1","1"
"248",-5,-3,-4,-2,-1,-3,-4,-5,-5,-3,-2,-3,-2,-2,-4,-5,-5,-2,-2,3,-0.756730461481901,0.260912952293055,"3","3"
"249",-5,-3,-4,-2,-3,-4,-1,-4,-4,-5,-4,-4,-5,-5,-2,-5,-3,-2,-2,2,-2.12830741584263,-0.312282354934707,"2","2"
"250",-5,-3,-1,-1,-2,-1,-2,-2,-1,-1,-1,-2,-1,-2,-2,-3,-1,-1,-3,1,2.72333901626867,1.6039923798346,"1","1"
"251",-1,-2,-1,-1,-1,-1,-1,-1,-1,-1,-1,-1,-1,-1,-1,-1,-1,-1,-1,1,4.33050081409577,3.40258446156712,"1","1"
"252",-5,-4,-3,-1,-1,-3,-3,-5,-1,-1,-3,-1,-2,-1,-1,-1,-1,-4,-5,1,1.93872731404324,0.241708754826644,"1","3"
"253",-5,-3,-3,-2,-2,-4,-3,-4,-1,-3,-5,-5,-3,-3,-4,-4,-1,-1,-4,2,-0.390337133838081,-0.955672177364211,"2","3"
"254",-5,-3,-3,-1,-1,-3,-2,-4,-2,-4,-4,-1,-3,-3,-4,-2,-3,-3,-4,3,0.343391468575882,0.793257923060992,"3","2"
"255",-4,-3,-4,-1,-1,-2,-4,-4,-1,-1,-4,-3,-4,-4,-3,-4,-1,-1,-4,2,0.811600255224597,-1.10695406942352,"2","3"
"256",-4,-3,-3,-3,-3,-3,-3,-5,-4,-4,-3,-4,-3,-4,-3,-3,-2,-3,-3,3,-2.05152083736146,0.457563233955859,"3","2"
"257",-5,-4,-5,-2,-3,-2,-5,-4,-1,-3,-3,-3,-3,-3,-3,-5,-2,-1,-5,2,0.196662326517821,-2.28211609076402,"2","3"
"258",-5,-1,-2,-2,-2,-4,-4,-5,-4,-5,-1,-4,-3,-3,-5,-2,-1,-2,-1,3,-2.93173102657533,2.72606068931617,"3","2"
"259",-5,-3,-3,-2,-5,-3,-3,-5,-3,-2,-2,-4,-3,-5,-5,-3,-1,-4,-4,3,-2.84224137808776,-0.22299660118179,"3","2"
"260",-5,-4,-5,-1,-1,-1,-1,-3,-2,-2,-2,-4,-1,-3,-3,-1,-5,-1,-5,1,2.8460921164149,0.147948685110782,"1","1"
"261",-5,-3,-2,-1,-2,-3,-2,-3,-2,-3,-1,-3,-3,-2,-4,-2,-4,-2,-2,3,0.32249089830305,1.63077282169764,"3","2"
"262",-5,-3,-5,-2,-3,-2,-2,-3,-1,-1,-5,-4,-4,-5,-1,-5,-2,-1,-4,2,0.852165791091348,-2.71753683325286,"2","1"
"263",-5,-3,-4,-1,-1,-3,-4,-4,-1,-3,-5,-5,-3,-2,-2,-3,-1,-2,-2,1,0.611795076268623,-0.435003097734239,"1","1"
"264",-5,-2,-1,-5,-2,-5,-2,-4,-5,-3,-1,-1,-3,-3,-5,-1,-1,-5,-2,3,-3.17901310129997,2.52995077252982,"3","2"
"265",-4,-2,-1,-2,-1,-5,-2,-5,-5,-1,-1,-1,-2,-1,-2,-1,-1,-4,-1,3,-0.450998628863274,3.41089942882354,"3","2"
"266",-5,-4,-5,-4,-1,-2,-5,-5,-2,-2,-5,-3,-1,-4,-1,-5,-1,-2,-5,2,0.507065274848475,-2.47453708246127,"2","3"
"267",-4,-5,-2,-2,-4,-2,-5,-5,-4,-2,-4,-2,-2,-3,-1,-5,-1,-1,-4,2,0.0723101765140455,-0.404168885243466,"2","3"
"268",-5,-3,-2,-2,-1,-4,-4,-4,-2,-1,-2,-3,-2,-2,-1,-2,-1,-3,-4,1,0.577595888569902,0.225482044509535,"1","3"
"269",-5,-3,-3,-2,-1,-2,-2,-5,-2,-3,-2,-2,-3,-4,-5,-1,-1,-2,-2,3,-0.524246117672756,2.38454933536628,"3","2"
"270",-5,-5,-5,-3,-3,-3,-3,-4,-2,-4,-4,-5,-5,-5,-5,-5,-4,-1,-3,2,-1.93532983577364,-1.94925953711741,"2","3"
"271",-5,-3,-1,-4,-3,-2,-5,-5,-4,-3,-1,-1,-5,-5,-3,-3,-1,-1,-2,3,-2.72135516539089,1.49099391457244,"3","2"
"272",-5,-3,-4,-2,-1,-3,-3,-4,-1,-1,-4,-1,-1,-4,-2,-2,-2,-1,-3,1,1.80674067037271,0.0336314145116481,"1","1"
"273",-5,-5,-4,-1,-1,-3,-2,-4,-2,-1,-1,-2,-1,-1,-1,-3,-5,-3,-4,1,2.54184608874664,-0.195773212045897,"1","1"
"274",-5,-4,-5,-5,-2,-5,-5,-5,-2,-2,-5,-5,-5,-3,-3,-5,-2,-5,-5,2,-2.81626962714969,-4.15055373635926,"2","3"
"275",-2,-4,-2,-1,-1,-2,-2,-4,-3,-2,-3,-3,-3,-3,-2,-1,-2,-1,-3,1,1.59590510698586,2.10815526822792,"1","1"
"276",-5,-4,-3,-2,-2,-4,-3,-2,-1,-1,-4,-1,-3,-4,-2,-4,-2,-2,-4,1,1.0373361901897,-1.44562847898844,"1","3"
"277",-5,-4,-5,-4,-5,-4,-5,-5,-5,-5,-2,-5,-5,-5,-5,-5,-5,-4,-5,2,-5.02418476311407,-2.7595176673763,"2","3"
"278",-5,-3,-1,-1,-1,-3,-3,-2,-1,-1,-2,-1,-1,-1,-2,-2,-1,-2,-5,1,2.78204817643349,0.842177798972581,"1","1"
"279",-5,-3,-4,-1,-1,-1,-3,-3,-1,-2,-3,-2,-1,-1,-2,-2,-4,-2,-3,1,3.12623521672826,0.168553036930758,"1","1"
"280",-5,-3,-5,-2,-2,-2,-1,-5,-1,-2,-2,-1,-2,-3,-3,-4,-4,-1,-3,1,1.38815105000727,-0.14832121315536,"1","1"
"281",-5,-3,-2,-3,-4,-3,-3,-1,-1,-3,-3,-2,-4,-4,-3,-3,-2,-1,-3,2,-0.144640043801023,-0.509766709718007,"2","3"
"282",-5,-3,-4,-3,-2,-4,-5,-4,-1,-2,-3,-3,-4,-3,-4,-4,-3,-2,-5,2,-0.890308846831028,-2.37054557292596,"2","3"
"283",-5,-4,-3,-2,-2,-2,-2,-5,-4,-3,-2,-3,-2,-2,-5,-2,-4,-1,-3,3,0.119257943674167,1.74077726803064,"3","2"
"284",-5,-3,-3,-2,-4,-3,-4,-5,-2,-2,-5,-2,-3,-5,-3,-4,-3,-1,-4,2,-0.792155273923669,-1.34768152691658,"2","3"
"285",-5,-3,-2,-2,-1,-4,-3,-5,-5,-5,-1,-3,-3,-5,-5,-3,-1,-2,-2,3,-2.96472737047469,2.79133849149738,"3","2"
"286",-5,-2,-2,-1,-4,-5,-4,-4,-1,-3,-1,-1,-1,-3,-1,-3,-1,-5,-5,2,-0.743745266481259,-0.301993539344818,"2","3"
"287",-5,-3,-4,-2,-2,-2,-2,-3,-2,-3,-2,-3,-3,-3,-3,-3,-2,-2,-5,1,0.60749456538562,-0.385957074610712,"1","3"
"288",-5,-3,-4,-4,-3,-3,-3,-4,-4,-4,-5,-5,-2,-4,-3,-3,-4,-2,-4,2,-1.22367933953796,-1.19195319689735,"2","3"
"289",-5,-4,-3,-2,-2,-3,-2,-4,-2,-2,-2,-3,-3,-3,-3,-3,-3,-1,-5,1,0.603170736924227,-0.215454962957239,"1","3"
"290",-5,-3,-3,-2,-1,-4,-4,-3,-1,-1,-5,-4,-3,-4,-2,-3,-1,-2,-5,2,0.512553198545178,-1.75929219800762,"2","3"
"291",-5,-5,-3,-3,-4,-2,-1,-5,-4,-5,-2,-4,-3,-2,-5,-3,-1,-1,-2,3,-1.41065558901936,2.09256963017412,"3","2"
"292",-5,-3,-4,-2,-3,-3,-2,-4,-1,-2,-4,-2,-2,-3,-2,-2,-3,-1,-4,1,1.39426237616396,-0.572616481663247,"1","1"
"293",-5,-5,-3,-2,-3,-3,-3,-5,-2,-2,-5,-1,-5,-5,-1,-2,-4,-1,-2,2,-0.0885673044671548,-0.229520561180644,"2","1"
"294",-4,-3,-3,-2,-3,-3,-5,-2,-1,-1,-2,-3,-1,-1,-1,-5,-1,-1,-3,1,1.8520007928338,-1.17938491227511,"1","3"
"295",-5,-2,-3,-2,-3,-3,-4,-4,-2,-2,-3,-2,-3,-3,-2,-3,-2,-2,-5,2,-0.00255803988649334,-0.970432644543127,"2","3"
"296",-5,-2,-2,-3,-3,-2,-3,-3,-2,-2,-2,-2,-4,-1,-4,-4,-1,-1,-2,1,-0.00561196571394128,0.560748177570462,"1","2"
"297",-5,-5,-4,-3,-2,-3,-3,-4,-2,-2,-4,-4,-4,-3,-2,-2,-4,-2,-4,2,0.276850532969636,-1.35038863813892,"2","3"
"298",-5,-4,-3,-1,-2,-3,-2,-3,-1,-2,-3,-3,-3,-2,-3,-1,-4,-2,-5,1,1.66477636351912,-0.231484722424132,"1","1"
"299",-5,-3,-5,-1,-2,-3,-2,-3,-1,-1,-5,-2,-2,-1,-2,-1,-5,-3,-3,1,2.70618173787819,-0.995744072151108,"1","1"
"300",-5,-3,-2,-2,-1,-5,-3,-5,-5,-5,-1,-3,-3,-5,-5,-2,-1,-3,-2,3,-3.38535128815444,2.88488509732562,"3","2"
"301",-5,-1,-1,-3,-2,-5,-3,-3,-1,-2,-3,-3,-2,-2,-4,-2,-1,-3,-2,3,-0.678996832949099,0.871043644069326,"3","2"
"302",-5,-4,-1,-1,-1,-1,-1,-2,-2,-2,-5,-1,-1,-1,-1,-1,-5,-1,-2,1,4.25951404687946,1.89570954318633,"1","1"
"303",-5,-3,-3,-2,-2,-2,-4,-3,-1,-2,-4,-4,-3,-3,-3,-4,-3,-2,-3,2,0.482922751044471,-1.21842295511258,"2","3"
"304",-5,-4,-3,-5,-2,-2,-5,-4,-2,-2,-1,-2,-2,-5,-2,-5,-1,-2,-5,2,-0.897273634191421,-1.42201966065727,"2","3"
"305",-5,-3,-2,-4,-4,-1,-2,-3,-1,-1,-2,-1,-1,-4,-3,-3,-1,-1,-5,1,1.09461137588259,-0.131370323156657,"1","3"
"306",-4,-3,-4,-2,-1,-1,-2,-4,-3,-4,-2,-3,-2,-2,-2,-2,-3,-1,-4,1,1.60892416558107,1.10924410469525,"1","1"
"307",-5,-4,-1,-1,-1,-1,-1,-3,-1,-1,-5,-5,-1,-3,-1,-2,-4,-1,-3,1,3.20516881372155,0.710266484619027,"1","1"
"308",-5,-4,-3,-5,-2,-5,-5,-2,-1,-1,-1,-2,-5,-5,-3,-3,-2,-5,-4,2,-2.33495492380283,-2.27989538520611,"2","3"
"309",-5,-4,-5,-2,-1,-2,-3,-2,-1,-1,-3,-2,-3,-3,-1,-2,-4,-1,-5,1,2.8223259729616,-1.69138558792806,"1","1"
"310",-2,-3,-4,-2,-2,-1,-1,-4,-3,-3,-2,-3,-1,-1,-3,-1,-2,-1,-4,1,2.31228837532056,1.85322092023561,"1","1"
"311",-5,-3,-3,-2,-4,-5,-3,-5,-2,-4,-1,-4,-4,-4,-5,-3,-1,-3,-5,3,-3.11091420979883,-0.208796299730754,"3","2"
"312",-5,-5,-2,-1,-3,-2,-1,-5,-5,-1,-1,-1,-1,-5,-1,-2,-1,-2,-2,3,0.401115690837142,2.97933138699853,"3","2"
"313",-5,-3,-3,-1,-2,-3,-2,-2,-1,-1,-4,-2,-2,-3,-5,-2,-1,-3,-4,1,1.19558006878181,0.0216470158354553,"1","2"
"314",-5,-3,-3,-3,-2,-4,-4,-4,-2,-3,-3,-2,-2,-2,-3,-2,-3,-4,-4,2,-0.437480062422754,-0.420286332198272,"2","3"
"315",-5,-4,-2,-1,-3,-1,-2,-3,-1,-1,-5,-2,-1,-2,-1,-3,-2,-1,-4,1,3.2463980879805,-0.109100291292869,"1","1"
"316",-4,-4,-3,-3,-4,-4,-4,-5,-3,-2,-4,-4,-3,-4,-2,-3,-2,-3,-5,2,-1.52052527663511,-1.50396428418646,"2","3"
"317",-5,-4,-3,-1,-1,-2,-2,-4,-4,-3,-5,-2,-2,-1,-1,-4,-3,-2,-2,1,1.87448070528199,0.845975563080395,"1","1"
"318",-4,-3,-5,-3,-3,-2,-1,-5,-2,-1,-3,-3,-3,-4,-1,-2,-2,-3,-3,1,0.333747119891103,-0.457927107121945,"1","1"
"319",-5,-3,-4,-2,-4,-3,-2,-2,-1,-2,-4,-4,-2,-3,-1,-3,-2,-3,-5,1,1.10369702318128,-2.0107149568094,"1","1"
"320",-5,-3,-4,-1,-2,-1,-3,-5,-1,-1,-5,-5,-3,-4,-3,-3,-1,-2,-5,1,0.680917359748887,-1.297112737441,"1","3"
"321",-5,-1,-3,-5,-5,-5,-2,-5,-4,-2,-3,-4,-5,-1,-1,-1,-1,-1,-2,3,-1.95569429858285,0.218903919509782,"3","2"
"322",-5,-3,-1,-3,-2,-4,-5,-5,-3,-5,-2,-4,-1,-4,-4,-4,-1,-5,-3,3,-3.14715406485811,0.865405644479667,"3","2"
"323",-2,-4,-4,-2,-3,-3,-2,-5,-4,-3,-3,-3,-2,-4,-3,-1,-2,-1,-4,3,0.0498232319097232,1.26396984163313,"3","2"
"324",-5,-3,-2,-2,-3,-4,-2,-5,-4,-5,-1,-5,-4,-5,-5,-1,-2,-4,-1,3,-3.89053782525408,2.66395470556636,"3","2"
"325",-5,-2,-2,-1,-2,-2,-2,-4,-2,-2,-3,-3,-1,-1,-1,-1,-3,-1,-4,1,2.49760183021232,1.21804114568417,"1","1"
"326",-5,-3,-3,-1,-3,-4,-1,-5,-4,-4,-1,-2,-5,-5,-5,-1,-3,-1,-5,3,-1.96260280359412,1.65930898772967,"3","2"
"327",-5,-4,-3,-3,-2,-4,-3,-5,-3,-3,-4,-3,-3,-3,-2,-4,-1,-2,-5,2,-0.717926109014199,-0.766920974829287,"2","3"
"328",-5,-3,-5,-5,-5,-5,-5,-5,-3,-3,-2,-2,-5,-5,-3,-5,-2,-5,-5,2,-4.44283300832616,-3.34156030526477,"2","3"
"329",-4,-4,-2,-2,-2,-2,-2,-4,-2,-5,-1,-4,-2,-3,-4,-2,-4,-2,-2,3,-0.227483673102254,2.15204312038902,"3","2"
"330",-5,-4,-2,-1,-1,-1,-1,-3,-1,-1,-2,-1,-1,-1,-1,-1,-1,-1,-5,1,4.10526839896475,1.59817748974961,"1","1"
"331",-5,-3,-5,-2,-2,-1,-2,-3,-1,-1,-3,-3,-2,-2,-1,-2,-3,-1,-5,1,3.01030749694423,-1.20067854366604,"1","1"
"332",-5,-3,-2,-3,-3,-4,-2,-5,-4,-3,-1,-3,-4,-4,-5,-3,-1,-1,-3,3,-2.51636834190496,1.61012789541891,"3","2"
"333",-5,-3,-5,-4,-3,-4,-5,-4,-2,-2,-3,-3,-4,-3,-2,-4,-2,-4,-4,2,-1.63032431201553,-2.79175150863508,"2","3"
"334",-5,-4,-4,-3,-2,-2,-3,-4,-1,-1,-4,-2,-2,-4,-2,-5,-5,-1,-4,1,1.39846038515812,-2.14480799135208,"1","3"
"335",-5,-4,-2,-2,-3,-4,-3,-5,-3,-3,-1,-1,-3,-3,-3,-2,-1,-4,-2,3,-1.6392517374998,1.84163542095818,"3","2"
"336",-5,-3,-4,-3,-4,-2,-2,-1,-1,-1,-4,-2,-1,-2,-2,-5,-4,-1,-5,1,2.66131862817701,-2.66144722470869,"1","3"
"337",-5,-3,-2,-2,-2,-3,-4,-5,-3,-4,-3,-3,-3,-3,-5,-1,-2,-3,-3,3,-1.6374711659584,1.56041735594289,"3","2"
"338",-5,-4,-3,-1,-1,-2,-3,-5,-5,-3,-4,-4,-4,-4,-5,-2,-1,-1,-3,3,-1.02538383272695,1.73878653950896,"3","2"
"339",-5,-3,-5,-4,-4,-5,-4,-5,-3,-3,-4,-5,-5,-5,-4,-5,-3,-3,-4,2,-3.78134672548357,-3.03482523251755,"2","3"
"340",-5,-3,-3,-2,-1,-2,-3,-5,-3,-3,-5,-4,-2,-3,-3,-2,-4,-1,-4,1,0.681553006379181,0.223507945698255,"1","1"
"341",-5,-3,-5,-2,-2,-2,-4,-2,-1,-1,-5,-5,-3,-3,-2,-5,-2,-1,-5,2,1.55113210850317,-3.29614602239561,"2","3"
"342",-5,-3,-3,-4,-2,-4,-4,-4,-1,-3,-4,-5,-5,-4,-3,-5,-3,-3,-5,2,-2.0253204410407,-2.89364609980833,"2","3"
"343",-5,-4,-3,-2,-2,-3,-3,-2,-1,-1,-2,-2,-4,-3,-2,-5,-1,-2,-3,2,0.73333475504672,-1.00434858653762,"2","3"
"344",-4,-3,-1,-1,-2,-3,-2,-2,-1,-2,-2,-2,-3,-3,-4,-3,-3,-3,-2,1,0.5705035778583,1.15089700531114,"1","2"
"345",-4,-4,-3,-3,-3,-3,-3,-3,-2,-1,-3,-3,-3,-3,-2,-2,-1,-2,-3,1,0.429629138826194,-0.187615139469378,"1","1"
"346",-5,-4,-4,-3,-1,-3,-2,-3,-1,-1,-5,-3,-1,-2,-2,-5,-2,-1,-4,1,2.37217174403376,-1.66709750932028,"1","3"
"347",-5,-4,-1,-1,-3,-1,-1,-3,-5,-3,-2,-1,-1,-2,-2,-1,-1,-1,-1,3,1.59624661408718,4.17235695623109,"3","2"
"348",-5,-3,-3,-1,-1,-2,-1,-4,-2,-1,-1,-2,-2,-3,-2,-2,-1,-1,-3,1,1.83013429467,1.83908882033785,"1","1"
"349",-5,-4,-3,-1,-3,-1,-2,-4,-5,-3,-3,-2,-2,-4,-5,-1,-5,-1,-3,3,0.282295473392201,1.94782642546272,"3","2"
"350",-5,-3,-3,-4,-2,-5,-4,-3,-1,-1,-2,-3,-4,-3,-1,-2,-2,-5,-3,2,-1.08499968433214,-1.45733218793873,"2","3"
"351",-5,-3,-3,-5,-2,-2,-3,-1,-1,-1,-4,-2,-1,-2,-1,-4,-1,-1,-4,1,2.40499190940254,-1.60088507985214,"1","3"
"352",-5,-4,-3,-3,-2,-2,-2,-3,-3,-3,-5,-5,-3,-4,-3,-4,-5,-2,-2,2,-0.12723529728288,-0.687777400057331,"2","3"
"353",-5,-4,-2,-4,-1,-5,-5,-4,-3,-4,-2,-4,-3,-3,-4,-2,-1,-5,-4,3,-2.76060087857576,0.116161966047006,"3","2"
"354",-5,-3,-4,-1,-2,-3,-1,-2,-1,-1,-3,-3,-2,-2,-2,-1,-4,-3,-4,1,2.42370345108572,-0.459659097072804,"1","1"
"355",-5,-3,-2,-1,-3,-1,-3,-5,-4,-1,-1,-1,-1,-2,-2,-3,-1,-2,-2,3,0.869338742938825,2.25458265125139,"3","2"
"356",-2,-3,-2,-3,-3,-3,-4,-4,-2,-2,-2,-4,-2,-4,-3,-3,-1,-3,-3,2,-0.970124335305397,0.301235949407352,"2","2"
"357",-5,-3,-4,-5,-5,-5,-2,-5,-1,-5,-3,-2,-2,-5,-5,-1,-5,-3,-4,2,-2.63373166681684,-0.729786997489417,"2","2"
"358",-5,-3,-4,-5,-1,-4,-5,-4,-1,-1,-3,-3,-4,-4,-1,-5,-4,-4,-5,2,-1.04107593211333,-3.76987804451891,"2","3"
"359",-5,-3,-4,-2,-3,-3,-3,-3,-1,-3,-3,-3,-5,-3,-2,-2,-2,-2,-3,2,-0.122646572116926,-0.699956393956603,"2","3"
"360",-5,-5,-3,-4,-3,-5,-5,-1,-1,-1,-1,-1,-4,-5,-3,-5,-1,-5,-3,2,-1.88401580900703,-2.26280992156569,"2","3"
"361",-5,-4,-5,-1,-5,-1,-5,-4,-1,-3,-4,-2,-3,-4,-3,-2,-4,-1,-4,2,0.509752516968505,-1.5220727723366,"2","3"
"362",-5,-5,-4,-2,-1,-3,-1,-5,-1,-5,-4,-1,-1,-5,-3,-1,-1,-1,-4,3,0.91044870991428,1.60869531846311,"3","2"
"363",-5,-3,-3,-2,-2,-3,-4,-5,-1,-1,-4,-2,-4,-3,-1,-5,-2,-2,-5,2,0.346493349817537,-2.08834079011561,"2","3"
"364",-5,-5,-3,-1,-1,-1,-1,-5,-5,-1,-1,-1,-1,-1,-1,-1,-5,-1,-3,1,2.99574430355832,2.5783984470916,"1","1"
"365",-5,-3,-4,-3,-1,-2,-2,-4,-4,-4,-2,-2,-2,-4,-2,-2,-3,-2,-4,3,0.155519949814414,0.9159039258815,"3","2"
"366",-5,-3,-4,-3,-2,-5,-3,-3,-2,-1,-3,-2,-3,-4,-4,-2,-2,-2,-5,2,-0.35270804843115,-1.16176974490245,"2","3"
"367",-5,-3,-3,-1,-1,-1,-1,-5,-1,-2,-4,-2,-1,-5,-3,-3,-3,-1,-5,1,1.86645007365352,0.398138555554675,"1","1"
"368",-5,-5,-1,-2,-1,-2,-2,-2,-4,-5,-1,-5,-1,-4,-4,-1,-1,-2,-1,3,-0.340256408039549,3.817868501637,"3","2"
"369",-5,-1,-4,-4,-2,-2,-3,-1,-1,-1,-1,-2,-1,-2,-2,-4,-1,-2,-5,1,1.79612451399939,-1.51226691852684,"1","3"
"370",-5,-3,-5,-2,-5,-5,-5,-5,-1,-1,-3,-3,-4,-5,-5,-3,-3,-5,-5,2,-2.98116407348161,-3.11187593536026,"2","3"
"371",-5,-4,-1,-1,-1,-3,-1,-5,-3,-5,-1,-3,-2,-1,-1,-1,-1,-3,-2,3,0.440685504350903,3.76448830587727,"3","2"
"372",-5,-2,-2,-3,-2,-5,-5,-4,-1,-1,-2,-2,-5,-3,-2,-3,-2,-3,-5,2,-1.26512746266572,-1.64496147011957,"2","3"
"373",-5,-5,-4,-1,-1,-1,-4,-1,-1,-1,-4,-2,-1,-1,-1,-5,-5,-3,-5,1,3.96621805624717,-2.59676056226729,"1","3"
"374",-5,-2,-3,-2,-1,-3,-3,-4,-3,-3,-1,-3,-3,-3,-3,-3,-2,-3,-5,3,-0.603946615746216,0.22770687832339,"3","2"
"375",-5,-3,-3,-1,-1,-2,-3,-5,-3,-5,-3,-4,-3,-4,-5,-1,-2,-3,-4,3,-1.22003308206657,1.61772254179086,"3","2"
"376",-5,-2,-1,-1,-1,-1,-1,-5,-4,-1,-1,-3,-4,-4,-4,-2,-1,-1,-2,3,-0.285520025647155,3.27638053881318,"3","2"
"377",-5,-3,-3,-3,-1,-5,-1,-3,-1,-2,-2,-3,-5,-3,-5,-3,-2,-4,-2,2,-1.38826681132347,0.0986994494984606,"2","3"
"378",-5,-3,-5,-3,-2,-4,-5,-3,-2,-4,-3,-2,-2,-2,-1,-2,-3,-3,-5,2,0.38478616472895,-1.67245173841384,"2","3"
"379",-5,-5,-3,-3,-3,-4,-2,-4,-2,-2,-2,-4,-3,-3,-3,-4,-3,-2,-4,2,-0.524813400447138,-0.852151195016887,"2","3"
"380",-4,-3,-4,-1,-3,-2,-3,-2,-1,-1,-3,-3,-3,-2,-2,-4,-5,-4,-2,1,1.40918637951745,-1.56135375150104,"1","3"
"381",-5,-3,-2,-2,-2,-3,-1,-5,-4,-3,-3,-3,-3,-4,-5,-3,-1,-1,-1,3,-1.33808800033259,2.62798886859932,"3","2"
"382",-5,-3,-4,-4,-4,-2,-4,-4,-3,-4,-2,-2,-2,-3,-5,-3,-2,-2,-5,2,-1.27756921336596,-0.534272254268776,"2","2"
"383",-5,-4,-4,-1,-2,-2,-3,-3,-1,-1,-4,-3,-3,-2,-1,-5,-4,-1,-5,1,2.494968101786,-2.36803956507589,"1","3"
"384",-5,-3,-1,-1,-1,-1,-2,-5,-5,-3,-2,-1,-1,-5,-3,-1,-1,-1,-3,3,0.326543723923846,3.95151178555962,"3","2"
"385",-4,-3,-2,-2,-2,-2,-1,-4,-2,-2,-2,-3,-2,-3,-2,-4,-3,-2,-4,1,1.02840119515597,0.445842806842149,"1","3"
"386",-5,-3,-2,-1,-1,-1,-2,-3,-1,-2,-3,-1,-1,-3,-1,-1,-4,-1,-3,1,3.2276236260754,1.46460363083863,"1","1"
"387",-5,-3,-1,-1,-1,-2,-3,-5,-4,-4,-4,-3,-1,-2,-1,-2,-1,-2,-4,3,0.892586815047353,2.13392153445129,"3","2"
"388",-5,-5,-5,-2,-2,-1,-1,-2,-1,-1,-4,-2,-2,-3,-3,-2,-4,-1,-4,1,3.16840633565661,-0.865432268397019,"1","1"
"389",-5,-3,-4,-1,-2,-4,-3,-4,-1,-1,-3,-3,-3,-4,-3,-3,-4,-1,-4,2,0.571552374577453,-1.15734627834393,"2","3"
"390",-5,-3,-4,-2,-4,-3,-3,-4,-1,-4,-3,-4,-4,-4,-2,-2,-2,-1,-5,2,-0.548625865794491,-1.0340079619222,"2","3"
"391",-4,-3,-2,-2,-2,-4,-3,-3,-1,-2,-3,-3,-3,-3,-2,-3,-3,-3,-3,2,0.232816661925,-0.364443172558611,"2","1"
"392",-5,-4,-3,-2,-4,-2,-2,-3,-4,-4,-2,-5,-4,-5,-5,-2,-4,-2,-2,3,-1.94255102079149,0.985162254557181,"3","2"
"393",-5,-3,-4,-2,-2,-2,-3,-3,-1,-1,-4,-2,-3,-2,-2,-5,-1,-1,-5,1,1.88350367735951,-1.8834427171343,"1","3"
"394",-4,-3,-4,-1,-2,-2,-1,-3,-1,-1,-4,-2,-1,-2,-1,-1,-4,-1,-3,1,3.64864781024429,0.346211448476857,"1","1"
"395",-3,-2,-1,-3,-3,-3,-4,-1,-1,-1,-1,-1,-1,-1,-1,-1,-1,-2,-1,1,1.98041255552481,1.60067016819612,"1","3"
"396",-5,-3,-4,-2,-2,-2,-2,-4,-1,-1,-4,-1,-2,-4,-3,-2,-3,-2,-4,1,1.46320722634689,-0.435471414681196,"1","1"
"397",-5,-3,-3,-3,-1,-2,-5,-4,-2,-2,-2,-3,-3,-5,-2,-5,-1,-1,-3,2,-0.565473170074415,-0.607296932716984,"2","3"
"398",-5,-4,-4,-3,-1,-5,-3,-3,-1,-1,-2,-2,-1,-1,-1,-3,-1,-4,-5,1,1.44041597554157,-1.33090882622546,"1","3"
"399",-5,-3,-3,-2,-2,-3,-1,-4,-1,-1,-3,-2,-3,-2,-2,-3,-3,-1,-4,1,1.71839163665251,-0.25963833592612,"1","3"
"400",-5,-3,-4,-1,-1,-1,-1,-3,-3,-3,-3,-3,-2,-4,-3,-1,-3,-1,-5,1,1.83187883372887,0.951302155716963,"1","1"
"401",-4,-4,-2,-1,-1,-2,-3,-5,-3,-4,-3,-5,-4,-4,-4,-2,-1,-1,-4,3,-0.753531897073688,1.61084855094998,"3","2"
"402",-5,-3,-4,-2,-1,-2,-3,-5,-2,-5,-3,-3,-2,-3,-2,-2,-4,-2,-5,1,0.549507390751387,0.0323892494954074,"1","1"
"403",-5,-5,-3,-1,-1,-1,-1,-2,-1,-4,-5,-5,-1,-2,-3,-1,-1,-1,-3,1,2.8841726941506,1.44396955753206,"1","1"
"404",-5,-4,-4,-2,-1,-2,-1,-5,-2,-3,-2,-2,-2,-3,-3,-2,-4,-1,-4,1,1.34196089667196,0.938786751830465,"1","1"
"405",-4,-2,-2,-2,-3,-3,-3,-3,-2,-3,-1,-4,-3,-3,-5,-2,-3,-3,-2,3,-1.21652257983624,1.14975178962258,"3","2"
"406",-5,-4,-3,-1,-1,-1,-1,-4,-2,-4,-5,-5,-1,-1,-3,-1,-1,-1,-2,1,2.2618272655014,2.25921371904769,"1","1"
"407",-5,-3,-2,-4,-3,-3,-3,-3,-1,-1,-1,-3,-3,-3,-3,-4,-2,-4,-3,2,-0.89433272707366,-0.826420264529662,"2","3"
"408",-5,-3,-3,-1,-1,-3,-3,-3,-1,-1,-3,-3,-1,-1,-5,-5,-1,-1,-5,1,1.8780653169949,-0.62645816916548,"1","3"
"409",-5,-4,-4,-3,-3,-3,-2,-4,-1,-4,-2,-3,-2,-4,-2,-5,-3,-2,-3,2,-0.308752269488831,-0.806402814925663,"2","3"
"410",-5,-3,-3,-2,-2,-3,-4,-1,-1,-2,-2,-4,-4,-2,-3,-5,-2,-2,-3,2,0.396721585603655,-1.45627832594656,"2","3"
"411",-5,-3,-3,-1,-3,-3,-3,-3,-1,-1,-4,-1,-3,-3,-1,-3,-5,-1,-4,1,1.96540994611702,-1.33011916165322,"1","3"
"412",-4,-2,-4,-3,-2,-3,-2,-2,-2,-1,-4,-2,-1,-2,-2,-2,-2,-1,-3,1,2.31027447650038,-0.174393845387346,"1","1"
"413",-5,-3,-3,-2,-4,-4,-2,-5,-2,-2,-5,-4,-4,-5,-2,-2,-2,-2,-4,2,-1.18220831764456,-0.807278067604019,"2","3"
"414",-4,-3,-4,-3,-1,-2,-3,-2,-1,-1,-3,-3,-2,-3,-1,-3,-1,-3,-5,1,1.88143592201193,-1.49198152284667,"1","3"
"415",-5,-3,-4,-2,-2,-2,-2,-5,-4,-5,-2,-5,-3,-4,-5,-2,-2,-1,-3,3,-1.52659787580041,1.68627064389067,"3","2"
"416",-3,-3,-2,-2,-4,-3,-2,-3,-1,-2,-1,-1,-1,-2,-1,-1,-1,-2,-4,1,1.75560217054954,1.25064364326892,"1","1"
"417",-5,-2,-1,-1,-1,-1,-1,-4,-4,-3,-1,-1,-1,-1,-4,-1,-1,-1,-2,3,1.57440854801319,4.48860071673296,"3","2"
"418",-5,-3,-5,-1,-1,-3,-1,-3,-1,-1,-5,-2,-1,-1,-3,-1,-5,-1,-5,1,3.77559637300865,-0.793204894007113,"1","1"
"419",-5,-3,-2,-1,-1,-4,-3,-5,-4,-3,-3,-3,-5,-5,-5,-5,-1,-2,-4,3,-2.4605336957185,0.496755091232828,"3","2"
"420",-5,-3,-2,-1,-1,-2,-4,-5,-3,-3,-1,-2,-3,-5,-5,-2,-1,-1,-2,3,-1.16003657340339,2.68289101456406,"3","2"
"421",-5,-4,-5,-2,-3,-2,-3,-4,-2,-2,-2,-2,-2,-4,-4,-2,-3,-2,-4,2,0.308691170122757,-0.35803094971905,"2","3"
"422",-5,-4,-5,-3,-5,-3,-4,-4,-2,-3,-4,-3,-4,-5,-4,-5,-4,-4,-5,2,-2.24494549685841,-3.38509789034483,"2","3"
"423",-5,-4,-4,-4,-1,-5,-1,-2,-4,-1,-1,-1,-4,-4,-4,-1,-5,-4,-1,3,-0.903012540645181,0.755138765771806,"3","3"
"424",-3,-4,-2,-1,-3,-1,-1,-4,-2,-4,-4,-4,-3,-1,-1,-1,-1,-1,-3,1,1.98535991536639,1.9860927224118,"1","1"
"425",-5,-4,-3,-2,-1,-5,-3,-5,-3,-5,-3,-2,-4,-3,-1,-5,-1,-1,-4,2,-0.879742321723431,0.0609345582389865,"2","3"
"426",-5,-3,-4,-2,-1,-2,-1,-5,-1,-1,-1,-3,-5,-4,-4,-4,-1,-1,-4,2,-0.0786989091042825,-0.0169601787447109,"2","3"
"427",-3,-3,-4,-2,-2,-2,-1,-2,-1,-1,-3,-2,-3,-3,-3,-3,-2,-1,-4,1,2.23882950082671,-0.399093749351435,"1","3"
"428",-5,-3,-2,-4,-3,-5,-4,-5,-3,-2,-3,-3,-5,-5,-4,-3,-1,-4,-3,2,-3.76720607780274,-0.492560848695658,"2","2"
"429",-5,-5,-2,-2,-2,-1,-1,-5,-1,-5,-3,-5,-2,-5,-5,-1,-1,-1,-2,3,-0.458902773200095,2.77312452751725,"3","2"
"430",-4,-3,-3,-2,-2,-2,-3,-2,-1,-1,-5,-1,-1,-2,-1,-5,-4,-2,-3,1,2.95880317634085,-1.48543318981006,"1","3"
"431",-5,-3,-3,-2,-2,-2,-2,-4,-2,-3,-3,-2,-2,-3,-1,-5,-1,-2,-4,1,0.883778431538014,-0.175032148580747,"1","3"
"432",-5,-5,-3,-3,-1,-4,-4,-5,-2,-2,-1,-2,-3,-4,-5,-3,-2,-2,-2,3,-1.40409200447576,0.847229921702693,"3","2"
"433",-5,-3,-4,-1,-2,-2,-1,-3,-1,-1,-5,-2,-2,-3,-3,-4,-2,-1,-5,1,2.45941613034619,-1.10732052505199,"1","3"
"434",-5,-3,-2,-2,-1,-2,-4,-5,-2,-2,-1,-4,-5,-4,-5,-2,-1,-2,-2,3,-1.73562194783863,1.51523175707787,"3","2"
"435",-3,-2,-3,-2,-4,-5,-4,-3,-1,-1,-2,-2,-2,-4,-3,-4,-2,-4,-3,2,-0.947654540034935,-1.1850346160485,"2","3"
"436",-5,-4,-3,-3,-3,-4,-4,-5,-2,-3,-1,-3,-5,-5,-1,-4,-1,-5,-5,2,-2.82471414938965,-1.49099826842275,"2","2"
"437",-5,-3,-3,-2,-1,-3,-2,-4,-1,-1,-1,-3,-2,-3,-5,-3,-1,-1,-2,3,0.430478830452171,1.31779627081297,"3","2"
"438",-5,-3,-3,-5,-2,-4,-2,-4,-2,-1,-1,-2,-2,-4,-5,-4,-4,-4,-2,2,-1.62494305824151,-0.316269833365259,"2","3"
"439",-5,-3,-4,-5,-3,-4,-2,-4,-2,-2,-2,-2,-4,-4,-2,-5,-2,-2,-4,2,-1.28946868789772,-1.76695581730255,"2","3"
"440",-5,-4,-4,-3,-2,-4,-2,-5,-3,-4,-3,-3,-4,-5,-3,-1,-3,-3,-2,3,-1.91645726556034,0.829446252237934,"3","2"
"441",-5,-3,-2,-2,-1,-5,-5,-4,-1,-1,-1,-1,-1,-2,-1,-4,-5,-4,-4,2,0.644138583084387,-1.09716707942826,"2","3"
"442",-5,-3,-5,-1,-1,-2,-2,-1,-1,-1,-5,-2,-1,-2,-2,-2,-1,-1,-5,1,3.96480547306348,-0.978089961892777,"1","1"
"443",-5,-4,-3,-4,-2,-2,-2,-5,-3,-4,-3,-3,-2,-4,-4,-2,-1,-1,-3,3,-0.766067146084276,1.48897803765667,"3","2"
"444",-5,-4,-2,-1,-1,-1,-1,-2,-3,-3,-5,-1,-1,-1,-2,-1,-2,-1,-2,1,3.5302066763741,2.52358728440892,"1","1"
"445",-5,-4,-3,-4,-3,-3,-4,-2,-1,-1,-2,-5,-4,-4,-4,-4,-1,-2,-2,2,-1.20903679599936,-1.29650483180809,"2","3"
"446",-5,-3,-5,-3,-3,-4,-4,-4,-3,-2,-4,-4,-4,-3,-3,-3,-2,-4,-4,2,-1.59975226780489,-2.08991883261482,"2","3"
"447",-5,-3,-3,-1,-2,-3,-2,-3,-1,-1,-4,-4,-4,-3,-3,-2,-1,-1,-3,1,0.965845935013664,0.0243443658418391,"1","1"
"448",-5,-4,-3,-1,-1,-2,-3,-4,-5,-5,-3,-2,-1,-3,-3,-3,-3,-1,-3,3,0.566722746485709,2.00026520864102,"3","2"
"449",-5,-3,-1,-5,-5,-2,-2,-5,-1,-1,-1,-2,-1,-5,-3,-2,-1,-2,-3,3,-1.06325763909739,0.946515502882155,"3","2"
"450",-5,-4,-4,-3,-3,-3,-4,-5,-5,-3,-1,-2,-3,-3,-4,-2,-1,-2,-4,3,-1.69096954477956,0.846962168780423,"3","2"
"451",-5,-5,-5,-3,-1,-2,-3,-4,-4,-3,-5,-3,-2,-3,-3,-2,-4,-3,-5,2,0.652225918565774,-0.989813255357799,"2","1"
"452",-5,-3,-3,-1,-1,-4,-4,-4,-3,-3,-4,-3,-1,-1,-3,-4,-4,-4,-4,2,0.444311062301029,-0.598397954281079,"2","3"
"453",-5,-4,-4,-2,-2,-3,-2,-4,-1,-2,-4,-3,-3,-2,-2,-5,-4,-4,-5,2,0.797765758563737,-2.34694144844305,"2","3"
"454",-5,-4,-4,-3,-1,-2,-1,-2,-2,-1,-4,-4,-2,-2,-2,-2,-4,-1,-1,1,2.49813326585478,0.192334990424327,"1","1"
"455",-5,-3,-3,-1,-2,-2,-2,-2,-1,-1,-4,-4,-2,-2,-2,-4,-2,-1,-4,1,2.50245021494896,-0.907346430152259,"1","3"
"456",-5,-3,-5,-5,-1,-5,-4,-3,-2,-2,-3,-3,-4,-4,-2,-5,-3,-3,-5,2,-1.2237469333763,-3.36871706252792,"2","3"
"457",-5,-3,-4,-2,-2,-3,-3,-3,-1,-2,-3,-3,-3,-3,-3,-4,-4,-3,-4,2,0.413521495463356,-1.71540992899875,"2","3"
"458",-3,-4,-3,-3,-3,-3,-3,-5,-1,-3,-3,-3,-3,-3,-3,-3,-1,-3,-3,2,-0.712103213748115,0.0229631316641186,"2","2"
"459",-5,-4,-3,-1,-1,-2,-2,-4,-4,-4,-5,-5,-3,-4,-3,-3,-1,-1,-4,3,0.0746651927756634,0.809925608563657,"3","2"
"460",-5,-4,-3,-1,-1,-5,-3,-5,-1,-2,-5,-1,-3,-5,-1,-1,-3,-2,-5,1,0.662559327564338,-0.464614522453768,"1","1"
"461",-5,-2,-1,-2,-2,-2,-1,-5,-3,-2,-1,-1,-2,-3,-4,-3,-1,-2,-3,3,-0.138629691992998,2.59533548615571,"3","2"
"462",-5,-3,-3,-5,-2,-3,-3,-2,-1,-1,-1,-1,-1,-1,-4,-3,-1,-1,-5,1,1.48471643288556,-0.549674205982363,"1","3"
"463",-5,-4,-2,-5,-4,-5,-2,-5,-4,-3,-1,-2,-3,-5,-5,-2,-1,-1,-2,3,-3.21424720776423,1.83697436192067,"3","2"
"464",-5,-3,-4,-2,-1,-3,-3,-4,-2,-1,-2,-4,-5,-3,-3,-4,-4,-2,-4,2,-0.164102738927765,-1.46023039379341,"2","3"
"465",-5,-3,-3,-1,-2,-2,-2,-5,-2,-3,-2,-2,-3,-5,-5,-3,-3,-2,-3,3,-0.742946496405357,1.16187761795139,"3","2"
"466",-5,-1,-3,-3,-4,-4,-4,-5,-3,-4,-4,-3,-4,-5,-1,-4,-4,-1,-5,2,-1.98361552865721,-1.78106343321334,"2","3"
"467",-5,-5,-2,-1,-1,-1,-2,-2,-2,-1,-5,-3,-1,-1,-1,-3,-5,-1,-4,1,4.20574487536308,-0.289560299758839,"1","1"
"468",-5,-3,-3,-2,-1,-4,-3,-4,-1,-3,-3,-3,-1,-3,-5,-1,-2,-3,-3,3,-0.0683051582807205,1.01651199334036,"3","2"
"469",-5,-3,-3,-2,-1,-3,-3,-4,-4,-4,-4,-2,-1,-3,-3,-3,-3,-2,-4,3,0.325650058687112,0.682113016296288,"3","2"
"470",-5,-3,-3,-2,-2,-5,-1,-5,-4,-1,-1,-1,-1,-3,-4,-1,-1,-4,-4,3,-0.627939332866732,1.8568992000966,"3","2"
"471",-5,-3,-3,-5,-1,-5,-5,-5,-1,-2,-4,-4,-2,-5,-3,-3,-3,-5,-5,2,-2.21214351722453,-2.41040340102544,"2","2"
"472",-5,-4,-3,-2,-2,-2,-3,-2,-2,-2,-4,-3,-2,-2,-2,-3,-1,-1,-3,1,1.89656258493973,-0.0196036128318608,"1","1"
"473",-5,-4,-2,-3,-1,-4,-5,-5,-4,-3,-2,-2,-2,-4,-5,-3,-1,-3,-2,3,-2.28156928507422,1.54749464353569,"3","2"
"474",-5,-3,-3,-3,-3,-3,-1,-3,-3,-3,-3,-3,-3,-3,-3,-1,-3,-1,-3,3,0.216462517571345,0.929132249276707,"3","2"
"475",-5,-3,-3,-2,-2,-5,-5,-5,-3,-3,-2,-5,-5,-5,-4,-5,-1,-5,-4,2,-4.0943043170076,-1.38434464674581,"2","2"
"476",-5,-4,-1,-4,-2,-5,-3,-4,-5,-2,-2,-2,-1,-4,-3,-1,-1,-5,-1,3,-2.17045170818618,2.40164681597377,"3","2"
"477",-5,-3,-2,-5,-4,-3,-3,-5,-2,-2,-1,-3,-3,-5,-4,-2,-1,-2,-3,3,-2.45447046914398,0.558650409363483,"3","2"
"478",-3,-3,-4,-4,-2,-2,-2,-2,-1,-1,-3,-1,-1,-1,-3,-2,-3,-2,-3,1,2.68941057813995,-0.233949743835457,"1","1"
"479",-4,-3,-3,-4,-2,-3,-4,-3,-2,-2,-3,-1,-2,-3,-2,-3,-3,-1,-3,1,0.791525865529754,-0.416803285026169,"1","1"
"480",-5,-5,-5,-3,-1,-1,-2,-1,-1,-2,-4,-5,-3,-1,-2,-4,-2,-1,-5,1,2.96308167277209,-2.19029575297439,"1","3"
"481",-5,-3,-2,-3,-3,-2,-3,-4,-2,-2,-2,-4,-4,-4,-3,-3,-1,-2,-4,2,-1.06410264716185,-0.0942166057402184,"2","3"
"482",-5,-3,-5,-2,-2,-1,-2,-4,-2,-1,-5,-3,-1,-2,-1,-1,-1,-1,-2,1,2.72582031076699,0.44810341786956,"1","1"
"483",-5,-3,-4,-3,-3,-4,-2,-4,-1,-3,-5,-3,-4,-4,-2,-4,-4,-3,-4,2,-0.675107910363618,-2.25536741479739,"2","3"
"484",-5,-4,-4,-1,-3,-3,-1,-5,-2,-3,-5,-3,-1,-3,-3,-1,-2,-1,-4,1,1.26300089418264,0.766100304636306,"1","2"
"485",-5,-5,-5,-1,-1,-1,-1,-5,-1,-5,-3,-3,-1,-2,-1,-1,-2,-1,-1,1,2.45971057292595,2.26934045689423,"1","1"
"486",-5,-3,-5,-2,-2,-2,-3,-2,-1,-2,-2,-2,-2,-2,-2,-2,-3,-3,-4,1,1.89886176323615,-0.976437051034782,"1","1"
"487",-5,-3,-3,-2,-2,-2,-3,-2,-1,-1,-4,-3,-1,-2,-1,-3,-2,-1,-2,1,2.64304268766496,-0.235324280586833,"1","1"
"488",-5,-4,-5,-2,-1,-2,-1,-3,-1,-1,-3,-1,-1,-1,-3,-3,-3,-1,-5,1,3.53868596585688,-0.64670330217618,"1","1"
"489",-5,-3,-4,-4,-2,-3,-2,-3,-2,-2,-2,-3,-1,-2,-3,-3,-2,-1,-3,1,0.979626855824476,-0.0150360673696188,"1","1"
"490",-5,-3,-3,-1,-1,-2,-1,-3,-1,-2,-2,-1,-1,-3,-2,-2,-1,-1,-3,1,2.60047390080269,1.71803471445994,"1","1"
"491",-5,-3,-3,-1,-1,-4,-3,-3,-3,-1,-2,-2,-1,-2,-1,-1,-1,-2,-3,1,1.74740255571911,1.32673640097121,"1","3"
"492",-4,-3,-3,-1,-1,-1,-1,-4,-3,-3,-3,-1,-1,-3,-4,-1,-4,-1,-2,1,2.01566689898582,2.76664268207857,"1","1"
"493",-5,-5,-5,-3,-1,-1,-3,-3,-1,-1,-3,-2,-1,-1,-2,-2,-5,-1,-3,1,3.4864133156494,-0.759533816726237,"1","1"
"494",-5,-4,-3,-4,-3,-4,-4,-4,-2,-3,-2,-2,-3,-3,-4,-5,-2,-2,-2,2,-1.6359060023096,-0.500298638056699,"2","2"
"495",-5,-3,-3,-2,-4,-3,-5,-3,-1,-2,-5,-5,-2,-2,-2,-2,-3,-2,-3,2,0.51756378570566,-1.49169191884011,"2","1"
"496",-5,-4,-4,-2,-1,-2,-5,-3,-1,-1,-1,-1,-1,-1,-1,-2,-2,-1,-3,1,2.83445926039037,0.123584721642151,"1","3"
"497",-5,-3,-3,-2,-3,-2,-4,-2,-1,-1,-4,-3,-2,-4,-3,-4,-1,-2,-5,2,0.861240828333023,-1.78554148242135,"2","3"
"498",-5,-3,-4,-3,-2,-5,-2,-5,-4,-3,-3,-2,-5,-5,-3,-2,-5,-1,-5,2,-1.62365561461645,-0.615808780075754,"2","2"
"499",-5,-3,-1,-1,-1,-1,-1,-1,-1,-1,-5,-3,-2,-2,-2,-1,-3,-1,-1,1,3.55085031404064,1.69956049737814,"1","1"
"500",-5,-4,-2,-2,-1,-1,-4,-4,-3,-4,-4,-5,-3,-2,-5,-2,-5,-1,-3,3,0.198363051959851,0.819051710435002,"3","2"
"501",-3,-3,-4,-3,-1,-3,-3,-3,-2,-1,-4,-4,-4,-3,-3,-3,-4,-2,-2,2,0.494708898178657,-0.969466941963193,"2","3"
"502",-5,-4,-2,-1,-1,-3,-4,-4,-1,-1,-5,-3,-4,-4,-2,-3,-1,-1,-5,1,0.863858111650844,-0.889403303389382,"1","3"
"503",-5,-3,-4,-3,-3,-2,-2,-3,-1,-1,-2,-3,-3,-3,-1,-4,-4,-2,-5,1,1.24783710056623,-2.12467919508994,"1","3"
"504",-5,-3,-3,-3,-3,-3,-2,-4,-3,-1,-3,-2,-4,-4,-3,-4,-4,-2,-3,2,-0.645154734306803,-0.739866068789619,"2","3"
"505",-5,-5,-5,-3,-4,-4,-3,-3,-4,-2,-1,-3,-2,-1,-5,-3,-5,-1,-2,2,-0.149380580585178,-0.241945798683602,"2","3"
"506",-5,-3,-2,-1,-1,-1,-1,-4,-4,-5,-3,-4,-1,-3,-2,-1,-2,-1,-2,3,1.12353076561218,3.4130897193459,"3","2"
"507",-5,-3,-4,-1,-1,-2,-5,-1,-1,-1,-4,-1,-1,-2,-1,-5,-1,-2,-2,1,2.88744389495486,-1.14961238176016,"1","3"
"508",-5,-4,-1,-1,-1,-3,-4,-5,-5,-5,-1,-2,-1,-5,-3,-2,-2,-2,-1,3,-1.47912593505201,3.8557290554235,"3","2"
"509",-5,-3,-3,-2,-3,-3,-4,-5,-4,-3,-1,-4,-4,-5,-3,-4,-1,-2,-3,3,-2.59607473436047,0.379957257749954,"3","2"
"510",-4,-3,-3,-3,-2,-1,-5,-1,-1,-1,-4,-2,-4,-2,-2,-5,-1,-2,-4,1,1.56029571161315,-2.20948364711758,"1","3"
"511",-5,-3,-3,-3,-1,-3,-3,-1,-1,-1,-4,-2,-2,-2,-2,-5,-4,-1,-4,1,2.4457513579895,-1.98431782779632,"1","3"
"512",-5,-3,-2,-3,-1,-4,-3,-5,-3,-2,-2,-4,-3,-3,-4,-4,-1,-2,-2,3,-1.53591984982735,0.954883147344682,"3","2"
"513",-5,-3,-2,-3,-1,-5,-1,-4,-1,-4,-2,-2,-4,-1,-5,-1,-1,-3,-3,3,-0.746226615483505,1.80301041579279,"3","2"
"514",-5,-5,-1,-1,-1,-1,-3,-4,-4,-5,-1,-4,-1,-2,-1,-1,-1,-1,-1,3,1.0350213401849,4.14306969149703,"3","2"
"515",-5,-4,-4,-2,-2,-2,-2,-5,-2,-3,-4,-2,-2,-4,-3,-3,-3,-2,-5,1,0.590375003040888,-0.421809480064149,"1","1"
"516",-4,-3,-4,-2,-3,-2,-1,-4,-2,-4,-4,-3,-3,-3,-2,-5,-3,-2,-3,2,0.395118042633056,-0.545832714270132,"2","3"
"517",-5,-4,-5,-3,-4,-2,-2,-4,-3,-3,-4,-4,-2,-4,-4,-2,-3,-1,-5,2,-0.0719234542199194,-0.908324877711304,"2","3"
"518",-5,-3,-2,-1,-1,-5,-3,-4,-4,-3,-5,-5,-2,-2,-4,-1,-4,-1,-4,3,0.105883027832154,0.842715340899569,"3","3"
"519",-5,-3,-1,-4,-3,-4,-3,-4,-1,-2,-1,-1,-4,-5,-5,-4,-1,-2,-2,3,-2.36077157324545,0.690124074451722,"3","2"
"520",-4,-4,-4,-2,-3,-2,-2,-4,-4,-2,-3,-1,-4,-4,-3,-3,-3,-1,-5,2,0.29493552377466,-0.255555540317382,"2","3"
"521",-5,-3,-3,-2,-2,-1,-3,-4,-1,-5,-4,-4,-2,-2,-5,-2,-1,-1,-4,1,0.526758330309088,0.863790632505737,"1","1"
"522",-5,-3,-1,-5,-5,-2,-3,-5,-3,-4,-1,-3,-3,-4,-1,-1,-1,-2,-3,3,-2.06083080714874,1.4580581575551,"3","2"
"523",-4,-3,-3,-2,-1,-2,-2,-4,-1,-2,-2,-1,-2,-3,-2,-2,-1,-2,-5,1,1.72903177250299,0.659719764831496,"1","1"
"524",-3,-3,-3,-1,-3,-3,-3,-3,-3,-3,-1,-3,-3,-4,-1,-4,-1,-2,-4,2,-0.0798975064200512,0.207966288084595,"2","3"
"525",-4,-3,-3,-2,-2,-5,-2,-3,-2,-2,-5,-2,-3,-2,-3,-2,-4,-3,-3,1,0.604884564947389,-0.410192454664537,"1","1"
"526",-5,-4,-3,-2,-2,-3,-2,-5,-4,-2,-2,-2,-4,-5,-4,-2,-3,-2,-4,3,-1.19605408717406,0.881271725483792,"3","2"
"527",-5,-3,-3,-2,-1,-1,-1,-3,-1,-1,-3,-2,-1,-2,-1,-1,-3,-1,-5,1,3.7000960896162,0.405697251876998,"1","1"
"528",-5,-3,-5,-1,-1,-3,-2,-4,-3,-3,-4,-4,-3,-2,-3,-5,-5,-3,-3,2,0.418944507121142,-1.18772018439873,"2","3"
"529",-5,-2,-3,-2,-2,-2,-1,-4,-3,-1,-5,-2,-4,-3,-4,-4,-3,-1,-3,1,0.571231067840024,-0.109218943464712,"1","3"
"530",-5,-3,-4,-1,-1,-3,-2,-4,-1,-1,-1,-4,-5,-3,-1,-2,-5,-1,-4,1,1.20581386164131,-0.698756200086692,"1","3"
"531",-5,-3,-3,-3,-1,-5,-4,-5,-2,-3,-2,-2,-5,-3,-5,-3,-3,-2,-4,2,-1.95755167077185,-0.323440847615585,"2","3"
"532",-3,-3,-4,-1,-5,-4,-1,-5,-3,-2,-1,-4,-3,-5,-1,-4,-4,-1,-3,2,-0.735365539168599,-0.18883226337855,"2","3"
"533",-5,-3,-3,-2,-4,-5,-5,-4,-1,-1,-1,-2,-2,-1,-1,-5,-1,-5,-3,2,-0.709108604290579,-1.59491826306398,"2","3"
"534",-5,-5,-5,-4,-2,-5,-5,-5,-1,-1,-5,-5,-5,-1,-3,-5,-1,-5,-5,2,-1.60988937475895,-4.14890607855414,"2","3"
"535",-5,-1,-3,-3,-1,-5,-4,-3,-2,-2,-3,-2,-3,-3,-2,-3,-2,-5,-3,2,-1.03868014194059,-0.90381244027518,"2","3"
"536",-5,-3,-2,-1,-1,-5,-2,-4,-1,-3,-4,-1,-1,-3,-3,-2,-2,-1,-4,1,1.26200000659077,1.1110166624622,"1","1"
"537",-5,-3,-5,-4,-4,-5,-5,-4,-2,-4,-3,-4,-4,-5,-3,-3,-4,-3,-5,2,-2.87107430718053,-2.93961957015909,"2","3"
"538",-5,-2,-3,-1,-2,-1,-2,-5,-2,-1,-4,-2,-2,-4,-1,-2,-1,-1,-5,1,1.77295834069846,0.349142461342049,"1","1"
"539",-5,-4,-5,-3,-2,-3,-3,-2,-1,-3,-4,-1,-2,-4,-3,-5,-2,-1,-5,2,1.15129598299297,-2.12388311509896,"2","3"
"540",-5,-3,-4,-2,-2,-1,-1,-3,-2,-1,-4,-4,-4,-2,-2,-3,-4,-2,-3,1,1.72457866512853,-0.861194528165009,"1","1"
"541",-5,-5,-4,-4,-3,-1,-4,-1,-1,-1,-1,-2,-3,-3,-4,-3,-2,-1,-2,1,0.99809562547286,-0.643194443700131,"1","3"
"542",-4,-4,-3,-1,-1,-2,-2,-5,-5,-5,-4,-4,-3,-3,-3,-3,-2,-1,-3,3,-0.169884882000909,1.91095052732019,"3","2"
"543",-5,-3,-5,-3,-2,-2,-2,-4,-1,-1,-5,-3,-2,-2,-2,-5,-3,-2,-4,1,1.71114876299527,-2.34871731272329,"1","3"
"544",-5,-5,-4,-1,-3,-2,-3,-4,-3,-2,-4,-5,-4,-4,-2,-5,-5,-1,-5,2,0.295024593518825,-2.21926844639307,"2","3"
"545",-5,-4,-4,-3,-2,-2,-2,-3,-3,-2,-5,-2,-2,-3,-3,-2,-4,-2,-4,1,1.35890064204555,-0.599471198341375,"1","1"
"546",-5,-4,-3,-5,-3,-1,-1,-3,-1,-1,-2,-3,-3,-2,-1,-3,-1,-1,-4,1,1.57306251293435,-0.6056653709061,"1","3"
"547",-5,-3,-3,-4,-2,-4,-4,-3,-2,-2,-4,-3,-4,-3,-4,-3,-2,-3,-4,2,-1.15623144083166,-1.46919871233382,"2","3"
"548",-4,-2,-4,-4,-2,-3,-4,-4,-1,-1,-2,-4,-4,-4,-1,-4,-1,-2,-4,2,-0.585675711384228,-1.94733519214691,"2","3"
"549",-5,-3,-3,-5,-4,-3,-3,-4,-1,-4,-5,-5,-3,-5,-5,-5,-3,-4,-4,2,-2.83857581312339,-2.45193830576477,"2","3"
"550",-5,-3,-3,-3,-2,-2,-5,-5,-3,-5,-4,-4,-3,-4,-3,-3,-1,-3,-5,2,-1.81238549187163,-0.496747888922027,"2","2"
"551",-5,-3,-2,-1,-2,-1,-1,-5,-5,-3,-1,-2,-5,-5,-5,-1,-1,-1,-1,3,-1.51766235456697,4.03948693917691,"3","2"
"552",-5,-4,-5,-2,-2,-4,-3,-5,-4,-5,-5,-2,-1,-1,-1,-1,-1,-1,-5,1,1.11710190471666,0.455584730951606,"1","2"
"553",-5,-3,-3,-3,-3,-3,-3,-3,-2,-2,-5,-4,-3,-3,-3,-3,-3,-3,-4,2,-0.201943332601839,-1.55513862306174,"2","3"
"554",-4,-3,-4,-4,-2,-5,-5,-3,-2,-2,-2,-2,-1,-1,-3,-3,-3,-5,-3,2,-0.405230147913248,-1.26191153877833,"2","3"
"555",-4,-5,-3,-3,-2,-2,-2,-4,-2,-2,-4,-4,-2,-2,-1,-3,-1,-2,-5,1,1.54300649693383,-0.557568854201595,"1","1"
"556",-5,-4,-4,-2,-1,-4,-4,-2,-1,-1,-4,-2,-3,-2,-4,-4,-5,-3,-3,2,1.05861473262531,-2.01183284870578,"2","3"
"557",-5,-3,-3,-1,-3,-5,-4,-3,-1,-1,-5,-2,-4,-5,-3,-5,-1,-1,-5,2,-0.372030686927424,-2.30546977613364,"2","3"
"558",-5,-4,-5,-5,-2,-2,-5,-3,-1,-1,-3,-2,-2,-4,-1,-5,-2,-2,-4,2,0.630263944148883,-2.97130710131487,"2","3"
"559",-5,-3,-5,-2,-2,-2,-2,-3,-3,-3,-4,-4,-4,-4,-3,-3,-2,-2,-3,2,-0.126668258427038,-0.556425255055903,"2","3"
"560",-5,-3,-4,-1,-1,-1,-2,-2,-1,-1,-4,-2,-1,-2,-1,-2,-3,-1,-4,1,4.0431658857315,-0.298415072172212,"1","1"
"561",-5,-4,-4,-2,-2,-3,-2,-3,-2,-2,-4,-3,-3,-3,-3,-4,-4,-3,-3,2,0.519147128061139,-1.16230505912516,"2","3"
"562",-4,-3,-3,-2,-1,-3,-1,-4,-1,-1,-1,-1,-1,-2,-1,-2,-1,-1,-5,1,2.71453865644039,0.967129157605523,"1","1"
"563",-5,-3,-3,-2,-2,-3,-2,-5,-5,-2,-1,-3,-4,-5,-2,-4,-1,-4,-3,3,-2.17116307406961,0.782164825446865,"3","2"
"564",-4,-3,-4,-3,-2,-3,-2,-3,-2,-1,-3,-2,-2,-2,-2,-4,-3,-2,-5,1,1.61828315098897,-1.45636519932098,"1","3"
"565",-5,-3,-3,-2,-2,-2,-2,-5,-3,-4,-3,-4,-2,-3,-3,-2,-4,-1,-3,3,0.138315726039956,1.18615158326399,"3","2"
"566",-5,-3,-2,-2,-2,-4,-2,-5,-3,-3,-2,-1,-4,-4,-3,-1,-1,-4,-2,3,-1.71314034814529,2.15045117806455,"3","2"
"567",-5,-3,-5,-2,-2,-3,-2,-2,-2,-1,-5,-2,-3,-2,-3,-2,-4,-1,-2,1,2.04034797768916,-0.777074620072964,"1","1"
"568",-5,-3,-2,-2,-1,-3,-1,-5,-3,-4,-3,-5,-4,-3,-3,-2,-1,-2,-4,3,-0.848481428556884,1.48215174800778,"3","2"
"569",-5,-4,-3,-1,-1,-2,-3,-1,-1,-1,-2,-1,-1,-1,-1,-1,-2,-1,-3,1,4.0195204063839,0.905779983157067,"1","1"
"570",-5,-4,-3,-2,-2,-1,-3,-4,-1,-1,-3,-4,-1,-3,-1,-1,-2,-2,-4,1,2.04325782664739,0.0917423193554359,"1","1"
"571",-5,-2,-3,-4,-4,-3,-4,-2,-1,-1,-1,-2,-3,-4,-3,-5,-1,-3,-1,2,-1.26026988958148,-1.00890813636082,"2","3"
"572",-5,-3,-1,-2,-1,-3,-1,-5,-5,-5,-5,-5,-3,-5,-5,-3,-4,-4,-2,3,-2.54487373612714,1.93896508086882,"3","2"
"573",-5,-3,-2,-1,-2,-2,-2,-5,-3,-2,-1,-1,-1,-4,-5,-1,-1,-1,-2,3,0.175721886198619,3.47522208858387,"3","2"
"574",-5,-3,-2,-1,-1,-5,-3,-2,-1,-3,-5,-4,-4,-1,-2,-2,-1,-2,-1,1,0.767268548412668,0.603150555406787,"1","1"
"575",-5,-3,-1,-2,-3,-4,-2,-5,-5,-1,-2,-2,-4,-5,-5,-4,-1,-2,-2,3,-2.63104757959019,1.76747893845246,"3","2"
"576",-4,-3,-4,-2,-3,-3,-4,-3,-3,-4,-4,-3,-3,-3,-4,-4,-4,-2,-3,2,-0.58545919294487,-0.895183947442379,"2","3"
"577",-5,-3,-3,-2,-2,-2,-3,-3,-3,-1,-2,-3,-3,-2,-2,-5,-2,-2,-3,1,0.718698611249259,-0.476670938788809,"1","3"
"578",-5,-3,-3,-3,-3,-2,-3,-3,-1,-1,-4,-4,-4,-4,-4,-4,-4,-3,-3,2,-0.514240418620492,-1.86222581767646,"2","3"
"579",-3,-1,-2,-4,-2,-5,-5,-4,-2,-2,-1,-1,-3,-2,-3,-3,-1,-5,-4,2,-1.77226033223071,-0.349530572035698,"2","3"
"580",-4,-3,-2,-2,-1,-3,-4,-4,-2,-1,-3,-2,-4,-4,-3,-4,-1,-4,-5,2,-0.638819639714758,-0.836096627541302,"2","3"
"581",-5,-4,-3,-3,-1,-3,-1,-5,-3,-3,-4,-1,-1,-3,-1,-3,-1,-1,-3,1,1.25651905938144,1.35447400284175,"1","1"
"582",-5,-3,-3,-3,-3,-3,-5,-4,-2,-1,-2,-2,-2,-3,-1,-3,-3,-2,-5,2,0.344122313544092,-1.47100403907085,"2","3"
"583",-5,-4,-2,-2,-1,-2,-2,-2,-2,-1,-2,-1,-2,-1,-5,-2,-2,-2,-1,1,1.82291878974403,2.09111603657286,"1","2"
"584",-4,-3,-3,-2,-1,-3,-3,-3,-2,-3,-3,-3,-2,-3,-1,-4,-1,-1,-4,1,1.22075097440071,-0.0909098714920615,"1","3"
"585",-5,-3,-2,-3,-3,-3,-3,-5,-5,-4,-1,-5,-3,-4,-4,-4,-1,-5,-2,3,-3.72243647301621,1.26280800818319,"3","2"
"586",-5,-3,-2,-2,-1,-2,-2,-5,-2,-5,-3,-5,-4,-5,-5,-2,-3,-1,-1,3,-1.62108926507562,2.22387757003182,"3","2"
"587",-5,-4,-4,-3,-4,-2,-4,-5,-2,-3,-5,-5,-2,-5,-2,-5,-5,-1,-5,2,-0.54049795923723,-2.81023023066431,"2","3"
"588",-5,-5,-4,-3,-2,-4,-4,-5,-5,-4,-4,-5,-4,-3,-4,-4,-4,-4,-3,2,-2.6740850525335,-0.952396921539831,"2","2"
"589",-4,-4,-4,-2,-3,-3,-3,-4,-3,-4,-3,-4,-3,-4,-3,-2,-5,-2,-4,2,-0.576279999200737,-0.416739803001618,"2","3"
"590",-5,-3,-2,-5,-5,-3,-3,-5,-4,-3,-3,-3,-3,-5,-1,-5,-1,-1,-5,2,-2.22108244320304,-1.09609173762853,"2","3"
"591",-5,-5,-5,-1,-1,-2,-3,-4,-1,-2,-4,-2,-2,-3,-2,-4,-1,-1,-5,1,2.20888824094131,-1.11116179475561,"1","3"
"592",-5,-3,-3,-2,-3,-3,-4,-3,-2,-3,-4,-3,-4,-4,-1,-4,-3,-2,-4,2,-0.276086250982964,-1.62064860116751,"2","3"
"593",-5,-4,-4,-3,-1,-3,-4,-5,-1,-5,-3,-1,-1,-2,-1,-4,-1,-1,-4,1,1.01450969217481,-0.0834342598419269,"1","3"
"594",-5,-3,-3,-1,-2,-2,-1,-4,-1,-2,-4,-2,-2,-2,-2,-4,-3,-2,-4,1,2.05711873385662,-0.269943159206818,"1","3"
"595",-5,-4,-4,-1,-2,-3,-2,-4,-1,-3,-3,-3,-3,-4,-4,-3,-3,-2,-2,2,0.030943607616713,0.310720861671581,"2","2"
"596",-5,-3,-4,-2,-2,-2,-3,-4,-4,-2,-4,-2,-4,-5,-5,-4,-2,-2,-3,2,-1.1668787659412,-0.174676289506812,"2","2"
"597",-5,-3,-2,-3,-3,-3,-3,-5,-5,-4,-4,-3,-4,-4,-4,-2,-2,-2,-4,3,-2.26688795830945,0.902395017451417,"3","2"
"598",-5,-3,-3,-2,-2,-3,-2,-3,-2,-1,-4,-3,-3,-3,-3,-4,-4,-1,-4,1,1.0827887418803,-1.10562303039688,"1","3"
"599",-5,-3,-3,-3,-4,-5,-2,-5,-4,-2,-3,-3,-5,-5,-1,-5,-4,-3,-3,2,-2.60301725498725,-1.41448088801628,"2","2"
"600",-5,-4,-4,-2,-2,-3,-5,-4,-2,-2,-5,-3,-4,-4,-4,-4,-3,-4,-5,2,-1.03986509606525,-2.51109683601407,"2","3"
"601",-5,-3,-3,-1,-1,-3,-3,-5,-3,-5,-3,-1,-1,-2,-2,-3,-1,-2,-4,3,0.666059590895839,1.54368004470882,"3","2"
"602",-5,-5,-5,-4,-1,-3,-3,-3,-1,-1,-5,-5,-3,-2,-2,-5,-2,-2,-5,2,1.22820060224424,-3.31963786282224,"2","3"
"603",-5,-3,-4,-3,-1,-2,-3,-3,-1,-2,-3,-3,-2,-2,-1,-5,-2,-1,-5,1,1.98666769989409,-1.75922365719245,"1","3"
"604",-5,-3,-3,-3,-2,-1,-1,-4,-2,-1,-4,-2,-1,-2,-1,-4,-1,-1,-1,1,2.20874096524738,0.884390041176847,"1","1"
"605",-5,-5,-5,-4,-3,-4,-2,-2,-1,-1,-2,-2,-3,-3,-2,-3,-5,-4,-2,2,0.406381702199055,-1.90219389884616,"2","3"
"606",-5,-2,-1,-3,-3,-5,-2,-5,-5,-2,-1,-1,-2,-3,-3,-3,-1,-4,-4,3,-2.09455622042226,1.53331222636663,"3","2"
"607",-5,-3,-4,-2,-1,-2,-4,-5,-1,-2,-4,-5,-2,-4,-3,-5,-2,-1,-5,2,0.350543669592641,-1.76971715236444,"2","3"
"608",-5,-4,-5,-1,-2,-4,-3,-5,-3,-4,-3,-5,-4,-4,-5,-3,-3,-2,-3,2,-1.82488326498108,-0.169335544181307,"2","2"
"609",-5,-3,-4,-2,-3,-3,-4,-4,-2,-1,-4,-3,-2,-1,-3,-2,-3,-2,-5,1,1.11689824789986,-1.389188902513,"1","1"
"610",-5,-3,-2,-2,-1,-3,-4,-4,-5,-2,-2,-2,-2,-3,-4,-2,-2,-4,-3,3,-0.981465174515726,1.55320022320483,"3","2"
"611",-5,-4,-2,-1,-1,-2,-3,-3,-1,-1,-5,-4,-1,-1,-4,-1,-4,-1,-5,1,2.99371816530209,-0.0556284464831505,"1","1"
"612",-5,-3,-3,-2,-2,-2,-2,-5,-5,-3,-4,-3,-4,-4,-5,-4,-2,-2,-3,3,-1.58543003223462,0.834605716309596,"3","2"
"613",-4,-4,-4,-3,-3,-2,-2,-4,-1,-2,-4,-5,-3,-2,-2,-2,-1,-1,-5,1,1.21114359787773,-1.01343297473593,"1","1"
"614",-4,-3,-3,-3,-4,-2,-2,-4,-2,-3,-2,-4,-2,-4,-1,-4,-1,-1,-4,2,-0.00118690777931928,-0.219211970721393,"2","3"
"615",-5,-3,-3,-4,-4,-3,-3,-4,-1,-5,-4,-5,-5,-5,-5,-4,-2,-2,-3,2,-3.04127392985703,-1.14545883931995,"2","3"
"616",-5,-3,-5,-3,-3,-1,-3,-5,-1,-1,-4,-5,-1,-3,-3,-3,-3,-1,-3,1,1.02305984229256,-1.26353288980686,"1","1"
"617",-4,-3,-2,-3,-3,-3,-4,-5,-5,-4,-1,-4,-3,-3,-2,-3,-1,-3,-2,3,-2.37428419901667,1.58973898247052,"3","2"
"618",-5,-3,-2,-4,-5,-5,-3,-3,-2,-1,-4,-5,-3,-3,-2,-2,-3,-3,-2,2,-1.38172187256625,-1.16411986827703,"2","3"
"619",-5,-3,-1,-1,-1,-4,-3,-4,-2,-1,-1,-1,-3,-3,-3,-1,-1,-1,-4,3,0.62201022582456,1.95938992041516,"3","2"
"620",-4,-3,-3,-1,-3,-3,-1,-3,-3,-2,-2,-3,-2,-2,-2,-2,-3,-1,-5,1,1.68662121401354,0.527179944838968,"1","3"
"621",-4,-3,-4,-2,-1,-5,-3,-2,-4,-2,-4,-4,-5,-3,-5,-4,-2,-4,-3,2,-1.54820102876418,-1.05285490130245,"2","3"
"622",-5,-3,-3,-5,-1,-5,-3,-4,-1,-1,-1,-1,-3,-3,-4,-3,-1,-2,-4,2,-0.760019558669877,-0.403821686959197,"2","3"
"623",-5,-3,-3,-3,-2,-5,-3,-5,-2,-2,-4,-3,-5,-4,-5,-5,-2,-2,-5,2,-2.15744697823039,-1.7335520714592,"2","3"
"624",-5,-3,-4,-2,-3,-3,-4,-4,-1,-1,-2,-1,-4,-3,-2,-2,-1,-2,-5,2,0.349655077779878,-1.06105908737891,"2","3"
"625",-4,-3,-5,-3,-3,-2,-5,-3,-2,-2,-3,-3,-3,-4,-2,-5,-2,-3,-5,2,-0.29954872166322,-2.86391520135544,"2","3"
"626",-5,-4,-4,-2,-2,-4,-1,-2,-1,-1,-4,-1,-4,-2,-4,-3,-3,-1,-4,1,1.72476650732945,-1.00541689732298,"1","3"
"627",-5,-3,-2,-4,-2,-1,-1,-2,-1,-1,-5,-5,-3,-2,-1,-2,-4,-1,-5,1,2.51218119665115,-1.38605743092095,"1","1"
"628",-5,-2,-2,-1,-3,-1,-1,-5,-3,-3,-2,-2,-3,-3,-1,-5,-5,-1,-5,1,0.903753888165149,0.0782894441904224,"1","3"
"629",-5,-4,-5,-1,-3,-2,-5,-2,-1,-1,-5,-2,-2,-3,-3,-2,-3,-1,-5,1,2.25368715599759,-2.16527277417452,"1","1"
"630",-5,-4,-1,-2,-1,-3,-3,-5,-5,-5,-3,-3,-4,-2,-4,-1,-1,-2,-1,3,-1.57600698582165,3.58430123520716,"3","2"
"631",-5,-3,-3,-2,-2,-3,-2,-4,-1,-2,-4,-3,-4,-4,-5,-3,-2,-2,-4,2,-0.451132336196249,-0.439755136597165,"2","3"
"632",-5,-4,-2,-1,-1,-4,-2,-3,-2,-2,-4,-3,-4,-3,-2,-3,-2,-2,-3,1,0.652028508375259,0.277703986910802,"1","1"
"633",-4,-3,-3,-5,-5,-5,-4,-4,-2,-1,-1,-4,-4,-4,-3,-5,-1,-4,-3,2,-3.32846059700736,-2.0496706159098,"2","3"
"634",-5,-3,-3,-4,-5,-5,-5,-2,-2,-1,-1,-2,-3,-3,-2,-4,-1,-5,-3,2,-1.99030705652112,-1.97862886835504,"2","3"
"635",-4,-3,-5,-2,-4,-5,-5,-5,-4,-3,-2,-2,-4,-5,-2,-5,-2,-4,-4,2,-3.03202734111718,-1.86727470007979,"2","2"
"636",-5,-1,-3,-2,-1,-3,-4,-4,-2,-1,-1,-1,-4,-5,-4,-4,-3,-2,-3,2,-1.00435054624831,-0.163593426749489,"2","3"
"637",-5,-5,-3,-3,-4,-4,-4,-5,-5,-3,-1,-2,-2,-5,-2,-3,-3,-4,-4,3,-2.44220545812704,0.0114673669801728,"3","2"
"638",-4,-3,-5,-2,-2,-2,-2,-4,-2,-1,-5,-2,-3,-3,-3,-3,-2,-1,-4,1,1.54820440642193,-0.944516100143638,"1","1"
"639",-5,-3,-3,-5,-1,-5,-3,-3,-1,-1,-1,-2,-5,-4,-4,-4,-1,-5,-3,2,-2.31532075658372,-1.27180016341568,"2","3"
"640",-5,-3,-1,-3,-4,-5,-3,-4,-2,-1,-3,-4,-2,-3,-4,-5,-5,-2,-2,2,-1.30557342314455,-0.809252399348265,"2","3"
"641",-2,-3,-2,-2,-2,-2,-2,-4,-4,-4,-3,-3,-3,-3,-4,-2,-1,-1,-2,3,-0.185144376332126,2.6979814336638,"3","2"
"642",-5,-3,-4,-3,-1,-5,-4,-2,-4,-3,-5,-4,-5,-2,-5,-3,-3,-5,-4,2,-1.84584780978941,-1.81762592981209,"2","3"
"643",-5,-3,-3,-3,-3,-5,-4,-4,-4,-5,-3,-3,-3,-3,-3,-3,-3,-3,-3,3,-2.29521726199897,-0.0164009853533913,"3","2"
"644",-5,-3,-2,-4,-4,-1,-1,-5,-3,-3,-1,-1,-3,-5,-5,-1,-1,-1,-1,3,-1.55290012863936,3.12463074388568,"3","2"
"645",-5,-3,-5,-5,-2,-5,-3,-3,-1,-1,-5,-1,-5,-4,-5,-5,-1,-4,-3,2,-1.83956101903107,-2.89788812622096,"2","3"
"646",-5,-3,-2,-4,-1,-5,-5,-5,-3,-4,-1,-2,-3,-3,-3,-4,-2,-5,-5,2,-2.75792617078048,-0.505003929651774,"2","2"
"647",-5,-4,-5,-2,-1,-3,-4,-3,-1,-3,-4,-2,-4,-2,-2,-5,-4,-2,-5,2,1.18180510407835,-2.72497112467022,"2","3"
"648",-5,-3,-3,-2,-2,-4,-3,-4,-2,-2,-1,-3,-2,-5,-5,-3,-1,-2,-3,3,-1.32608188352998,0.781573711358395,"3","2"
"649",-4,-4,-2,-1,-3,-2,-1,-3,-2,-3,-4,-3,-3,-3,-2,-4,-3,-3,-4,1,0.927487730086955,-0.113606846464337,"1","3"
"650",-5,-3,-2,-2,-3,-3,-3,-5,-5,-4,-1,-4,-4,-5,-2,-3,-1,-1,-3,3,-2.36596293815187,1.65640063457229,"3","2"
"651",-5,-3,-5,-3,-3,-5,-5,-3,-1,-2,-5,-5,-5,-3,-2,-5,-5,-3,-2,2,-1.32704694497694,-3.84645282027521,"2","3"
"652",-5,-5,-4,-1,-1,-2,-1,-1,-1,-1,-3,-1,-1,-2,-2,-1,-5,-1,-3,1,4.36724052929901,0.407118761268038,"1","1"
"653",-5,-3,-5,-4,-3,-5,-5,-4,-3,-3,-3,-3,-4,-5,-4,-4,-2,-5,-5,2,-3.43498600177099,-2.76365760270943,"2","3"
"654",-5,-3,-5,-2,-2,-2,-2,-5,-4,-4,-2,-3,-2,-4,-4,-2,-3,-2,-5,3,-0.503492506229192,0.514930214691908,"3","2"
"655",-5,-4,-3,-1,-1,-1,-1,-1,-1,-2,-5,-5,-1,-1,-3,-1,-2,-1,-4,1,3.86579977621257,0.460120422817291,"1","1"
"656",-5,-3,-4,-1,-1,-1,-1,-3,-1,-3,-4,-5,-1,-3,-5,-1,-3,-1,-3,1,2.00672916138622,1.08404949323577,"1","1"
"657",-5,-3,-3,-2,-1,-3,-3,-5,-3,-5,-1,-1,-3,-3,-4,-1,-3,-3,-3,3,-1.02648006697665,2.14202489701662,"3","2"
"658",-5,-2,-3,-1,-2,-3,-4,-3,-1,-2,-2,-2,-3,-3,-2,-4,-1,-3,-5,2,0.38637063627898,-1.03349649194672,"2","3"
"659",-5,-3,-2,-1,-2,-4,-3,-5,-5,-5,-2,-2,-3,-5,-4,-2,-2,-1,-4,3,-1.94521609836659,2.26524965305706,"3","2"
"660",-5,-5,-5,-5,-5,-4,-4,-4,-5,-4,-4,-4,-4,-5,-3,-4,-4,-4,-4,2,-3.53791286764067,-2.61863367852287,"2","3"
"661",-1,-1,-2,-3,-4,-3,-3,-2,-5,-2,-2,-2,-3,-4,-4,-3,-2,-3,-2,3,-1.3903265301821,1.09405262115159,"3","2"
"662",-4,-3,-3,-1,-2,-3,-1,-3,-2,-2,-5,-3,-3,-3,-3,-3,-3,-1,-4,1,1.50486572283362,-0.17259495130399,"1","3"
"663",-3,-3,-3,-3,-3,-3,-3,-3,-3,-3,-3,-3,-3,-3,-3,-3,-3,-3,-3,2,-0.540043631741259,-0.176507089481124,"2","3"
"664",-1,-1,-1,-1,-1,-1,-1,-1,-1,-1,-1,-1,-1,-1,-1,-1,-1,-1,-1,1,4.22645635743576,3.39010939960727,"1","1"
"665",-5,-2,-2,-4,-4,-4,-2,-5,-5,-4,-2,-3,-2,-3,-2,-2,-1,-4,-3,3,-2.51311150295767,1.41416546571213,"3","2"
"666",-5,-4,-3,-1,-2,-4,-3,-2,-1,-1,-4,-1,-1,-4,-2,-4,-1,-2,-4,1,1.70400819340418,-0.828392641949283,"1","3"
"667",-5,-4,-4,-2,-2,-2,-2,-5,-5,-3,-4,-3,-5,-4,-4,-4,-2,-2,-3,3,-1.44109018489435,0.273528047192079,"3","2"
"668",-3,-3,-2,-1,-1,-4,-3,-2,-1,-1,-2,-2,-3,-3,-2,-3,-1,-4,-2,1,0.792515626782388,0.5591511537006,"1","3"
"669",-5,-3,-2,-1,-1,-4,-3,-4,-1,-2,-4,-2,-2,-3,-4,-4,-5,-4,-3,2,0.190628030297982,-0.456023460991707,"2","3"
"670",-5,-3,-2,-1,-1,-1,-3,-2,-1,-1,-3,-2,-1,-2,-1,-1,-1,-1,-5,1,3.61746145413321,0.678421911200629,"1","1"
"671",-5,-3,-3,-3,-4,-4,-4,-3,-2,-2,-4,-2,-5,-3,-4,-2,-3,-3,-3,2,-1.42393292099779,-1.16250184833369,"2","3"
"672",-5,-3,-3,-1,-2,-2,-3,-4,-1,-2,-3,-3,-3,-3,-2,-4,-4,-2,-4,1,1.00014132900015,-0.928616365458349,"1","3"
"673",-4,-2,-4,-1,-2,-3,-2,-3,-1,-1,-1,-1,-4,-4,-1,-3,-2,-3,-3,1,0.792070144268181,-0.219145318270165,"1","3"
"674",-5,-3,-2,-3,-4,-4,-4,-5,-5,-5,-2,-5,-5,-5,-5,-4,-2,-3,-3,3,-4.84032843233425,0.341156510728131,"3","2"
"675",-5,-3,-2,-5,-2,-4,-5,-5,-4,-1,-2,-3,-3,-3,-2,-3,-4,-3,-4,2,-1.73708375164746,-0.989236596684711,"2","2"
"676",-4,-3,-4,-3,-1,-4,-4,-3,-1,-1,-3,-3,-5,-2,-2,-3,-4,-3,-4,2,0.341492828199411,-2.21225442786316,"2","3"
"677",-4,-4,-3,-3,-3,-3,-4,-2,-3,-3,-4,-3,-3,-2,-3,-3,-1,-3,-5,2,-0.0312505455091574,-1.09283441627203,"2","3"
"678",-5,-3,-3,-2,-2,-4,-3,-5,-4,-1,-2,-2,-5,-5,-4,-4,-3,-2,-4,2,-1.95914704616034,-0.367919352280939,"2","2"
"679",-5,-3,-2,-2,-1,-2,-4,-2,-2,-1,-5,-3,-2,-3,-3,-3,-3,-1,-5,1,1.86448919832458,-1.00792134158834,"1","1"
"680",-5,-5,-4,-3,-3,-5,-3,-4,-1,-2,-4,-1,-1,-1,-3,-3,-4,-4,-5,2,0.797245678442199,-1.87934616843066,"2","3"
"681",-5,-3,-3,-1,-1,-3,-1,-2,-1,-1,-4,-3,-5,-3,-4,-3,-3,-2,-3,1,1.09356140440793,-0.408726723948531,"1","3"
"682",-5,-4,-3,-2,-2,-3,-1,-4,-3,-2,-4,-3,-3,-1,-1,-3,-3,-1,-3,1,1.63118679184218,0.285390978444769,"1","1"
"683",-2,-3,-3,-1,-2,-3,-3,-2,-4,-2,-5,-3,-4,-3,-3,-4,-4,-2,-3,2,0.667735194747289,-0.569029060977392,"2","3"
"684",-4,-5,-3,-1,-1,-1,-1,-2,-1,-1,-5,-1,-1,-1,-1,-1,-1,-1,-5,1,4.99709371517377,0.603227879034631,"1","1"
"685",-5,-1,-5,-1,-5,-1,-5,-5,-1,-5,-1,-5,-1,-5,-1,-5,-1,-5,-1,2,-2.17773147173629,-0.648239594801594,"2","3"
"686",-3,-5,-3,-2,-2,-4,-3,-1,-4,-3,-4,-4,-2,-4,-3,-4,-2,-3,-5,2,0.132432168957078,-0.941895116936565,"2","3"
"687",-5,-1,-5,-1,-2,-3,-4,-2,-1,-1,-5,-2,-2,-2,-2,-1,-3,-1,-2,1,2.39272032150458,-0.758434860936566,"1","1"
"688",-5,-3,-3,-2,-1,-4,-3,-5,-3,-3,-3,-3,-2,-2,-3,-2,-2,-2,-4,3,-0.0243436519152818,0.76966774868257,"3","2"
"689",-5,-3,-1,-2,-3,-4,-5,-4,-5,-4,-1,-1,-2,-4,-4,-2,-2,-4,-2,3,-2.65398864736161,2.25115625545016,"3","2"
"690",-5,-3,-4,-1,-1,-2,-4,-3,-1,-4,-4,-1,-1,-3,-1,-1,-1,-1,-4,1,2.39369067751931,0.587104800513303,"1","1"
"691",-4,-5,-5,-1,-1,-1,-1,-5,-3,-2,-1,-1,-1,-5,-3,-1,-4,-1,-4,1,1.91623890535744,1.70091663845249,"1","1"
"692",-5,-5,-5,-3,-2,-2,-2,-4,-4,-3,-5,-3,-1,-3,-3,-2,-4,-2,-5,1,1.10433615364521,-0.680061189394461,"1","1"
"693",-5,-5,-2,-1,-1,-2,-4,-5,-4,-5,-1,-1,-2,-3,-2,-1,-1,-2,-3,3,0.00240497751987525,3.16151522224176,"3","2"
"694",-5,-1,-4,-1,-1,-4,-4,-5,-3,-4,-4,-4,-4,-4,-2,-2,-2,-2,-5,2,-1.10676559176836,-0.467646146213672,"2","3"
"695",-5,-4,-4,-3,-1,-3,-5,-5,-5,-5,-3,-4,-2,-5,-4,-3,-3,-3,-5,3,-2.27075837818721,-0.256314311740353,"3","2"
"696",-3,-3,-1,-3,-3,-5,-5,-2,-2,-2,-1,-1,-1,-3,-1,-1,-1,-4,-3,3,-0.13828286106762,0.854265489534234,"3","3"
"697",-5,-4,-3,-1,-2,-3,-2,-5,-3,-4,-3,-2,-1,-2,-2,-2,-3,-1,-5,1,1.32333737306226,1.10242571549135,"1","1"
"698",-4,-3,-4,-1,-1,-2,-1,-2,-2,-1,-4,-1,-1,-3,-1,-1,-1,-1,-2,1,3.48929034686069,1.45281692469113,"1","1"
"699",-5,-3,-2,-3,-4,-5,-5,-5,-5,-3,-1,-3,-4,-5,-4,-2,-1,-5,-1,3,-4.8000033290536,1.27787405177397,"3","2"
"700",-5,-3,-2,-3,-3,-4,-2,-5,-4,-4,-3,-2,-3,-4,-4,-2,-1,-4,-3,3,-2.51101653969236,1.50810138927218,"3","2"
"701",-5,-4,-1,-1,-1,-1,-1,-1,-1,-1,-2,-1,-1,-2,-1,-1,-1,-1,-1,1,3.92992114120834,2.89127323582363,"1","1"
"702",-5,-4,-2,-1,-1,-1,-1,-2,-3,-1,-2,-1,-1,-3,-1,-1,-1,-1,-2,1,3.16211245111311,2.77721518693388,"1","1"
"703",-5,-5,-2,-3,-4,-3,-1,-5,-5,-3,-5,-4,-4,-5,-2,-4,-2,-2,-2,3,-1.94826240511757,0.525167524911177,"3","2"
"704",-5,-4,-3,-3,-1,-4,-3,-5,-5,-5,-4,-4,-5,-5,-5,-4,-3,-2,-4,3,-3.09127812336176,0.0444441964701936,"3","2"
"705",-3,-4,-1,-1,-1,-1,-2,-5,-2,-2,-5,-4,-4,-5,-1,-1,-1,-2,-5,1,0.927726477241249,1.04250403823137,"1","1"
"706",-4,-4,-3,-3,-1,-4,-1,-4,-4,-3,-2,-1,-1,-3,-3,-1,-4,-1,-4,3,0.972736884570537,1.80590118904175,"3","2"
"707",-5,-5,-3,-1,-2,-2,-1,-2,-1,-2,-3,-2,-1,-1,-2,-5,-2,-1,-4,1,3.31053950593014,-0.205775159533888,"1","1"
"708",-5,-3,-2,-2,-2,-4,-5,-5,-2,-2,-4,-4,-4,-4,-5,-3,-1,-4,-3,2,-2.52654633630479,-0.35446221609936,"2","3"
"709",-5,-3,-2,-2,-2,-5,-4,-5,-5,-5,-1,-3,-4,-5,-5,-2,-1,-4,-4,3,-4.10057109325092,1.636437673371,"3","2"
"710",-5,-4,-3,-1,-1,-2,-3,-4,-1,-3,-5,-4,-3,-3,-3,-4,-1,-2,-5,1,0.867225145033094,-0.822158101901485,"1","3"
"711",-5,-2,-3,-2,-2,-3,-1,-2,-1,-1,-5,-2,-2,-1,-3,-3,-3,-1,-3,1,2.6057355437057,-0.395843205624283,"1","1"
"712",-5,-3,-1,-1,-2,-5,-1,-5,-3,-2,-1,-3,-2,-5,-3,-2,-1,-5,-3,3,-1.86459907832867,2.12094811681468,"3","2"
"713",-5,-3,-3,-3,-1,-4,-4,-5,-3,-3,-3,-3,-5,-5,-3,-4,-1,-4,-4,2,-2.748885940017,-0.76533215876695,"2","2"
"714",-5,-3,-3,-4,-3,-4,-5,-5,-3,-3,-2,-4,-3,-5,-5,-2,-1,-2,-4,3,-3.08367647056392,-0.103341069336844,"3","2"
"715",-1,-3,-4,-1,-2,-1,-2,-5,-3,-4,-5,-2,-1,-3,-3,-4,-4,-1,-4,1,1.81356806626121,0.480763499758166,"1","3"
"716",-5,-3,-1,-2,-2,-5,-4,-5,-5,-4,-3,-2,-4,-4,-4,-2,-1,-3,-3,3,-2.98023053839353,1.85277512602926,"3","2"
"717",-5,-3,-4,-2,-1,-3,-2,-3,-1,-1,-5,-4,-4,-3,-3,-5,-2,-3,-4,2,0.593770717894328,-2.15508664366312,"2","3"
"718",-5,-3,-3,-4,-5,-5,-5,-5,-3,-4,-1,-4,-4,-5,-3,-4,-1,-5,-2,2,-4.94944713994725,-0.762841671090045,"2","2"
"719",-3,-3,-2,-1,-1,-4,-3,-4,-1,-1,-1,-1,-5,-3,-5,-2,-2,-4,-3,3,-0.639402519287748,0.999814893677129,"3","3"
"720",-4,-3,-4,-3,-2,-4,-4,-5,-4,-2,-2,-2,-2,-3,-2,-2,-2,-3,-3,3,-0.796238150253611,0.363027515717098,"3","2"
"721",-4,-3,-3,-2,-2,-2,-3,-4,-1,-1,-1,-4,-3,-3,-3,-3,-1,-1,-5,1,0.703006075604309,-0.257809617413606,"1","3"
"722",-5,-3,-2,-1,-1,-2,-3,-5,-5,-5,-4,-3,-5,-4,-3,-1,-1,-3,-4,3,-1.60645497341809,1.98947868789552,"3","2"
"723",-5,-3,-4,-3,-2,-5,-3,-5,-5,-4,-2,-4,-5,-5,-4,-5,-1,-3,-2,3,-4.02549289691979,0.0885825628177404,"3","2"
"724",-5,-5,-4,-1,-1,-1,-2,-4,-1,-1,-4,-5,-3,-4,-4,-4,-2,-1,-5,1,1.43612356830186,-1.09431573530435,"1","3"
"725",-4,-3,-4,-2,-1,-2,-4,-3,-1,-2,-3,-3,-3,-4,-4,-4,-1,-2,-4,2,0.35930064547928,-0.933916253878016,"2","3"
"726",-5,-4,-2,-3,-3,-1,-4,-5,-1,-1,-4,-3,-3,-2,-2,-4,-1,-2,-5,1,0.66255037465918,-1.2864213623326,"1","1"
"727",-5,-5,-4,-3,-3,-2,-1,-4,-3,-4,-5,-2,-2,-2,-3,-2,-5,-1,-4,1,1.36064341216196,-0.0364234228599493,"1","1"
"728",-5,-4,-4,-2,-3,-3,-3,-4,-2,-2,-5,-3,-2,-2,-1,-3,-3,-2,-4,1,1.29055207335541,-1.36956702664351,"1","1"
"729",-5,-4,-2,-5,-4,-5,-5,-3,-2,-3,-2,-3,-5,-4,-4,-3,-4,-5,-2,2,-3.67395229071629,-1.41037578946298,"2","3"
"730",-4,-4,-3,-1,-1,-1,-3,-1,-1,-1,-4,-2,-2,-1,-1,-3,-1,-1,-5,1,4.15106408842892,-0.634927992466005,"1","1"
"731",-5,-3,-5,-2,-2,-3,-3,-2,-1,-1,-4,-2,-4,-2,-2,-3,-5,-3,-4,1,1.59058893848626,-2.54876547393325,"1","3"
"732",-5,-2,-3,-4,-2,-5,-5,-5,-2,-2,-1,-4,-4,-5,-5,-2,-1,-4,-5,2,-3.61252792312875,-0.925319957514324,"2","2"
"733",-5,-2,-2,-1,-1,-3,-1,-5,-3,-4,-1,-4,-2,-3,-5,-1,-2,-1,-3,3,-0.425628520971821,3.19603831224155,"3","2"
"734",-3,-2,-1,-4,-4,-5,-3,-2,-1,-1,-1,-2,-4,-2,-1,-3,-1,-5,-2,2,-1.06320783069891,-0.359999349853551,"2","3"
"735",-4,-3,-4,-1,-2,-3,-4,-2,-1,-1,-4,-4,-3,-3,-1,-1,-1,-1,-4,1,1.93914568887211,-0.886624614452828,"1","1"
"736",-5,-5,-3,-1,-1,-2,-2,-2,-1,-2,-5,-3,-2,-2,-2,-2,-5,-1,-2,1,3.18450958910037,0.120158530953485,"1","1"
"737",-5,-4,-2,-1,-2,-2,-1,-2,-1,-1,-5,-3,-2,-2,-2,-3,-3,-1,-2,1,2.92184412153131,0.344772745920659,"1","1"
"738",-5,-2,-4,-2,-1,-1,-2,-3,-1,-1,-5,-3,-3,-2,-2,-2,-1,-1,-3,1,2.4755100092057,-0.206449981074224,"1","1"
"739",-5,-4,-5,-3,-3,-3,-2,-4,-3,-4,-5,-4,-2,-3,-2,-4,-4,-2,-5,2,0.182987620367859,-1.90828922815239,"2","3"
"740",-5,-3,-3,-2,-1,-3,-4,-5,-3,-3,-3,-3,-5,-3,-2,-4,-3,-3,-4,2,-1.10687300947604,-0.747251929330755,"2","3"
"741",-5,-4,-4,-2,-3,-3,-5,-3,-1,-2,-2,-3,-3,-3,-4,-2,-5,-2,-4,2,0.109661550366019,-1.44283460576406,"2","3"
"742",-5,-3,-4,-4,-2,-3,-3,-3,-2,-2,-5,-3,-3,-3,-2,-3,-4,-2,-4,2,0.540045696447444,-1.96313411028249,"2","3"
"743",-5,-3,-4,-3,-3,-3,-3,-4,-4,-3,-4,-3,-3,-1,-3,-2,-5,-3,-3,2,-0.230568317045427,-0.507315245658865,"2","1"
"744",-5,-4,-4,-2,-2,-3,-2,-4,-3,-1,-4,-3,-4,-2,-3,-5,-4,-2,-5,2,0.602765043552989,-1.92815764206526,"2","3"
"745",-5,-5,-3,-2,-2,-4,-4,-2,-1,-1,-2,-2,-3,-3,-4,-1,-5,-2,-3,1,0.838056592735703,-0.413096385002198,"1","3"
"746",-5,-3,-3,-2,-3,-3,-4,-5,-4,-4,-4,-3,-3,-4,-4,-2,-3,-3,-3,3,-1.92973965533012,0.495058819899537,"3","2"
"747",-4,-2,-4,-3,-2,-3,-4,-4,-2,-3,-4,-2,-1,-2,-4,-3,-2,-2,-3,2,0.31278924389217,-0.173879618730997,"2","1"
"748",-4,-3,-2,-3,-3,-4,-4,-5,-4,-4,-3,-4,-2,-4,-4,-1,-1,-3,-2,3,-2.515321766599,1.79481387000479,"3","2"
"749",-5,-3,-4,-2,-4,-2,-3,-3,-1,-1,-1,-3,-1,-3,-3,-4,-1,-1,-4,1,1.00489161681116,-0.743575985962946,"1","3"
"750",-5,-3,-2,-1,-2,-5,-4,-5,-3,-3,-2,-1,-3,-5,-5,-2,-1,-1,-4,3,-1.75080340733399,1.5255244716063,"3","2"
"751",-5,-4,-4,-2,-1,-2,-1,-3,-3,-2,-3,-1,-1,-1,-2,-3,-4,-1,-5,1,3.15738407771184,0.047060494021161,"1","1"
"752",-5,-3,-3,-2,-1,-4,-3,-5,-4,-2,-2,-3,-4,-5,-4,-2,-3,-3,-3,3,-1.97409053663863,0.802679080348981,"3","2"
"753",-5,-3,-2,-3,-1,-3,-3,-5,-3,-2,-2,-2,-3,-2,-5,-1,-4,-1,-3,3,-0.159229054543145,1.60741266879006,"3","2"
"754",-4,-4,-4,-2,-2,-3,-3,-4,-2,-1,-3,-3,-3,-3,-3,-2,-4,-3,-3,2,0.440715261141019,-0.54175606061646,"2","3"
"755",-5,-3,-5,-1,-1,-1,-2,-2,-1,-2,-3,-2,-2,-2,-2,-5,-3,-1,-3,1,3.02444767690551,-0.884674764531316,"1","3"
"756",-5,-3,-3,-1,-2,-3,-1,-1,-1,-1,-5,-5,-4,-4,-1,-3,-3,-1,-4,1,1.92359165565563,-1.49820891618324,"1","1"
"757",-5,-3,-1,-3,-5,-3,-1,-5,-3,-4,-3,-3,-4,-5,-5,-2,-1,-1,-1,3,-2.745076069915,2.44156383741981,"3","2"
"758",-4,-2,-2,-2,-2,-4,-5,-4,-2,-2,-5,-4,-4,-4,-3,-2,-4,-3,-4,2,-1.10543927776704,-1.20038643240689,"2","3"
"759",-4,-5,-5,-1,-4,-2,-1,-4,-5,-3,-2,-1,-2,-4,-4,-2,-5,-2,-2,3,0.195081200649995,1.43378456777952,"3","2"
"760",-5,-3,-5,-1,-2,-1,-2,-2,-1,-3,-4,-2,-2,-2,-1,-5,-4,-1,-3,1,3.01324141736287,-1.3090146605122,"1","3"
"761",-5,-3,-1,-1,-3,-5,-5,-5,-2,-2,-1,-1,-4,-5,-5,-2,-1,-1,-4,3,-2.20116337275957,1.16467136077706,"3","2"
"762",-5,-4,-4,-1,-1,-2,-1,-4,-3,-5,-3,-2,-2,-3,-2,-1,-4,-1,-2,1,1.48140876143899,2.199830009496,"1","1"
"763",-5,-3,-3,-1,-1,-2,-3,-3,-1,-1,-2,-3,-4,-3,-3,-4,-3,-1,-4,1,1.25200267819994,-0.668889110751134,"1","3"
"764",-5,-3,-4,-2,-1,-4,-1,-5,-3,-4,-3,-4,-4,-4,-5,-1,-4,-1,-4,3,-0.991200954439499,0.917132227698405,"3","2"
"765",-5,-5,-3,-2,-1,-3,-1,-4,-5,-4,-1,-1,-1,-3,-4,-1,-2,-1,-3,3,0.510728105233676,3.34685839403279,"3","2"
"766",-5,-3,-3,-2,-1,-2,-2,-4,-3,-2,-2,-1,-2,-4,-2,-5,-2,-2,-4,1,0.693101104645123,0.230027449933427,"1","3"
"767",-5,-3,-5,-1,-2,-3,-2,-3,-1,-1,-4,-2,-2,-3,-1,-1,-4,-1,-4,1,2.73228808651867,-0.85614327616484,"1","1"
"768",-5,-3,-3,-3,-2,-2,-3,-5,-3,-2,-3,-2,-2,-3,-1,-2,-1,-2,-3,1,0.393001270119383,0.80244260678771,"1","1"
"769",-5,-3,-2,-3,-4,-3,-2,-4,-3,-2,-4,-3,-2,-3,-2,-2,-3,-4,-2,2,-0.612287065281673,0.367473184128119,"2","3"
"770",-5,-4,-3,-1,-1,-2,-3,-5,-3,-2,-2,-4,-3,-4,-2,-2,-1,-1,-3,3,0.242034058946693,1.38187421958981,"3","2"
"771",-5,-3,-2,-3,-4,-3,-4,-5,-3,-3,-1,-2,-4,-4,-4,-3,-1,-2,-2,3,-2.57971888267547,1.11924938164126,"3","2"
"772",-5,-3,-2,-2,-3,-1,-2,-3,-1,-2,-3,-2,-3,-2,-4,-3,-2,-3,-4,1,0.868212980443163,0.0682299836666415,"1","2"
"773",-5,-2,-2,-1,-2,-3,-4,-3,-1,-1,-2,-4,-4,-2,-1,-3,-1,-3,-3,1,0.376932881088926,-0.379471808658025,"1","3"
"774",-4,-3,-1,-2,-2,-2,-2,-3,-1,-2,-1,-2,-3,-3,-2,-2,-1,-2,-3,1,0.935236829759478,1.63059872025376,"1","1"
"775",-5,-5,-2,-4,-3,-2,-1,-5,-5,-4,-2,-3,-5,-4,-4,-3,-1,-1,-1,3,-2.31847526385006,2.44757026970131,"3","2"
"776",-3,-3,-2,-1,-2,-2,-5,-3,-1,-1,-2,-2,-2,-3,-1,-5,-1,-2,-5,1,1.54411669268475,-0.977716827407455,"1","3"
"777",-5,-3,-4,-3,-3,-2,-2,-4,-1,-3,-5,-3,-3,-3,-2,-2,-3,-2,-4,1,0.723366735655642,-1.03676269237576,"1","1"
"778",-5,-3,-5,-3,-1,-5,-5,-1,-1,-1,-2,-3,-4,-3,-5,-5,-5,-4,-2,2,-0.864843398764358,-2.87976127425237,"2","3"
"779",-5,-4,-4,-3,-2,-2,-3,-3,-2,-3,-3,-3,-2,-2,-1,-3,-1,-1,-5,1,1.57924308745251,-0.743679911490156,"1","3"
"780",-5,-2,-3,-2,-3,-2,-1,-4,-3,-3,-2,-2,-3,-2,-2,-2,-3,-2,-4,1,0.619029816172455,0.847713137780386,"1","3"
"781",-5,-3,-4,-3,-2,-3,-4,-3,-2,-3,-4,-4,-2,-5,-3,-2,-2,-3,-4,2,-0.672605988063401,-1.01525407684828,"2","3"
"782",-5,-4,-2,-1,-1,-3,-4,-5,-1,-1,-4,-4,-5,-5,-5,-4,-1,-2,-4,2,-1.23687960907758,-0.624284809896921,"2","3"
"783",-5,-3,-2,-2,-1,-4,-5,-5,-5,-4,-1,-1,-3,-4,-5,-4,-1,-5,-3,3,-3.26473243798492,1.45345507411334,"3","2"
"784",-5,-4,-4,-2,-1,-1,-1,-3,-2,-4,-3,-3,-2,-4,-2,-3,-3,-2,-4,1,1.45366813037476,0.255698410814655,"1","1"
"785",-5,-3,-4,-4,-2,-4,-3,-4,-1,-3,-1,-2,-4,-4,-4,-2,-3,-4,-3,2,-1.81399844058496,-0.44103584399425,"2","3"
"786",-5,-4,-2,-3,-1,-5,-3,-5,-4,-4,-2,-3,-4,-5,-5,-5,-2,-4,-3,3,-3.5865062253549,0.487783523203925,"3","2"
"787",-4,-4,-5,-2,-3,-1,-3,-4,-3,-1,-4,-2,-2,-3,-3,-3,-4,-1,-4,1,1.62757461507746,-0.986429316469447,"1","1"
"788",-4,-3,-2,-2,-1,-3,-1,-5,-4,-4,-1,-3,-3,-5,-4,-1,-1,-1,-3,3,-1.17089250573881,3.31147811222859,"3","2"
"789",-5,-4,-2,-2,-2,-3,-2,-5,-4,-4,-2,-2,-2,-4,-4,-2,-3,-2,-2,3,-1.02912400153854,2.51372918659422,"3","2"
"790",-5,-1,-3,-2,-1,-3,-1,-4,-4,-3,-3,-3,-3,-3,-5,-5,-1,-2,-3,3,-0.93422451369678,0.948174910504134,"3","2"
"791",-4,-4,-3,-3,-3,-3,-5,-4,-3,-3,-2,-3,-3,-5,-1,-3,-1,-3,-3,2,-1.53202477513127,-0.244332495864317,"2","3"
"792",-5,-3,-4,-2,-2,-1,-1,-3,-2,-3,-4,-2,-3,-2,-3,-2,-3,-2,-4,1,1.74782990213072,0.110035750947564,"1","1"
"793",-5,-3,-5,-1,-1,-3,-2,-3,-1,-1,-4,-3,-2,-1,-1,-2,-4,-3,-5,1,2.90441480953277,-1.61382124868209,"1","1"
"794",-5,-4,-2,-2,-1,-5,-2,-4,-2,-5,-3,-1,-4,-5,-5,-2,-3,-3,-4,3,-1.72712103467043,1.08187356406022,"3","2"
"795",-5,-3,-3,-1,-1,-1,-1,-2,-1,-1,-2,-2,-1,-1,-1,-1,-1,-1,-3,1,4.0465638793619,1.61653816442004,"1","1"
"796",-5,-3,-3,-2,-2,-2,-2,-4,-3,-3,-1,-2,-2,-2,-5,-2,-1,-2,-2,3,-0.0343336795491279,2.36619013975093,"3","2"
"797",-5,-3,-5,-1,-1,-1,-1,-3,-1,-2,-4,-4,-1,-2,-3,-1,-3,-1,-5,1,3.30117566923139,-0.135557036415092,"1","1"
"798",-5,-3,-4,-2,-2,-5,-3,-3,-2,-2,-4,-4,-2,-4,-3,-4,-3,-3,-4,2,-0.426522301854644,-1.7296936464529,"2","3"
"799",-3,-2,-3,-5,-1,-4,-2,-2,-3,-4,-2,-5,-2,-3,-5,-3,-3,-3,-4,2,-1.14560575720656,-0.0943157569688833,"2","3"
"800",-5,-3,-3,-2,-1,-2,-3,-2,-2,-3,-5,-3,-1,-1,-1,-3,-3,-2,-3,1,2.58600968106753,-0.264415237076077,"1","1"
"801",-5,-3,-4,-2,-2,-1,-3,-3,-4,-3,-2,-3,-2,-3,-1,-2,-2,-3,-4,1,0.763068019448488,0.355573814543202,"1","1"
"802",-5,-3,-4,-2,-2,-1,-3,-3,-2,-1,-4,-3,-2,-2,-1,-3,-4,-2,-5,1,2.42477472645209,-1.64000765576421,"1","1"
"803",-5,-3,-2,-2,-3,-5,-4,-4,-2,-3,-1,-4,-5,-5,-4,-3,-1,-2,-3,3,-2.94997713965165,0.234232216771243,"3","2"
"804",-5,-3,-3,-1,-1,-1,-2,-2,-1,-1,-2,-1,-1,-1,-1,-3,-1,-1,-5,1,4.01893128450508,0.278806018979777,"1","1"
"805",-4,-3,-2,-3,-2,-3,-1,-3,-4,-4,-2,-3,-4,-3,-2,-3,-3,-2,-4,3,-0.404077018291894,0.844578092210287,"3","2"
"806",-5,-3,-4,-1,-1,-5,-4,-5,-4,-5,-4,-5,-5,-5,-5,-5,-2,-5,-5,2,-3.83157985860935,-1.36160247327379,"2","2"
"807",-5,-3,-2,-5,-1,-5,-1,-5,-2,-4,-4,-1,-3,-5,-5,-1,-5,-3,-4,3,-1.79180426596181,0.595573524766058,"3","2"
"808",-5,-3,-3,-2,-1,-2,-2,-4,-3,-3,-4,-5,-4,-4,-4,-3,-1,-1,-4,3,-0.444771853800348,0.374099894137887,"3","2"
"809",-5,-2,-5,-3,-2,-4,-1,-2,-1,-2,-1,-3,-5,-3,-3,-3,-5,-2,-4,2,0.161295513305044,-1.67616575352629,"2","3"
"810",-5,-4,-3,-3,-2,-4,-3,-4,-1,-1,-2,-1,-3,-3,-2,-3,-2,-3,-5,2,0.283274104322717,-1.05393065212875,"2","3"
"811",-5,-2,-5,-2,-3,-3,-3,-4,-4,-4,-5,-4,-2,-4,-3,-4,-1,-3,-4,2,-1.20222055125701,-0.996774604617495,"2","3"
"812",-5,-5,-2,-1,-2,-4,-3,-5,-5,-5,-2,-1,-4,-5,-4,-2,-2,-3,-3,3,-2.42028523465543,2.35288829007499,"3","2"
"813",-5,-3,-3,-1,-1,-2,-1,-3,-3,-2,-4,-3,-2,-1,-2,-1,-1,-1,-3,1,2.54880536868042,1.72097918670772,"1","1"
"814",-5,-3,-4,-3,-2,-3,-4,-3,-1,-1,-2,-3,-2,-3,-2,-4,-2,-2,-4,2,0.683525945187453,-1.63568259167556,"2","3"
"815",-4,-3,-4,-1,-1,-1,-1,-3,-2,-2,-4,-5,-3,-5,-4,-1,-5,-1,-4,1,1.46547469403303,0.150231013646986,"1","1"
"816",-5,-2,-3,-3,-3,-4,-3,-5,-3,-3,-1,-3,-3,-3,-4,-4,-4,-2,-4,2,-1.77524853523717,-0.322612122604619,"2","2"
"817",-5,-3,-3,-1,-3,-3,-3,-4,-1,-4,-4,-4,-4,-4,-3,-5,-1,-1,-5,2,-0.618383741923313,-1.19569059391339,"2","3"
"818",-5,-3,-5,-3,-2,-2,-3,-3,-1,-2,-4,-4,-3,-3,-2,-5,-4,-3,-3,2,0.570738008189072,-2.54525482216911,"2","3"
"819",-5,-3,-2,-1,-2,-1,-1,-5,-5,-5,-1,-3,-1,-3,-1,-3,-1,-1,-2,3,0.351188711496492,3.58163788317209,"3","2"
"820",-5,-4,-2,-1,-1,-1,-2,-2,-1,-1,-5,-1,-2,-1,-1,-2,-2,-1,-2,1,4.01233482207122,0.981946831574552,"1","1"
"821",-5,-5,-5,-3,-1,-3,-3,-1,-1,-1,-3,-2,-2,-2,-3,-2,-4,-2,-4,1,2.50046183502801,-1.5597891604964,"1","1"
"822",-4,-3,-3,-2,-3,-4,-4,-3,-2,-4,-2,-5,-4,-5,-4,-3,-1,-2,-4,2,-2.10691073377454,-0.38021189779334,"2","2"
"823",-5,-3,-4,-4,-1,-3,-4,-3,-1,-1,-5,-4,-3,-2,-3,-4,-4,-3,-5,2,0.670342353534046,-3.14509444330776,"2","3"
"824",-5,-2,-3,-4,-4,-5,-3,-1,-1,-1,-1,-1,-4,-1,-1,-3,-1,-3,-2,2,0.0472082024132562,-0.993795296276182,"2","3"
"825",-4,-4,-4,-3,-3,-5,-1,-4,-1,-1,-3,-1,-4,-1,-1,-2,-4,-4,-5,1,0.953132961331215,-1.65721360011349,"1","3"
"826",-5,-5,-5,-3,-3,-3,-5,-5,-2,-4,-1,-3,-2,-5,-2,-5,-4,-3,-5,2,-1.47886472938334,-2.15709227466191,"2","2"
"827",-5,-5,-1,-1,-1,-5,-5,-1,-1,-1,-1,-3,-4,-1,-5,-5,-1,-5,-1,2,-0.706457131622132,-0.0272731847459836,"2","3"
"828",-5,-3,-2,-2,-2,-3,-2,-5,-5,-5,-1,-4,-4,-4,-2,-3,-2,-3,-2,3,-2.38138754294998,2.16307837567099,"3","2"
"829",-5,-4,-3,-2,-2,-3,-3,-3,-2,-1,-5,-3,-3,-3,-2,-2,-3,-2,-4,1,1.19697897666272,-0.956874826409928,"1","1"
"830",-5,-3,-2,-1,-2,-3,-2,-5,-4,-3,-2,-2,-3,-4,-3,-2,-1,-1,-4,3,-0.503944070728287,2.07796453783981,"3","2"
"831",-5,-3,-5,-1,-4,-5,-5,-4,-2,-1,-4,-2,-5,-4,-4,-2,-1,-5,-3,2,-2.22157178033202,-1.75494549585179,"2","3"
"832",-5,-4,-2,-4,-3,-4,-2,-5,-4,-4,-1,-4,-3,-4,-3,-2,-3,-2,-2,3,-2.36780555580921,1.63753187746477,"3","2"
"833",-5,-3,-3,-3,-3,-3,-4,-5,-2,-4,-1,-3,-3,-5,-5,-3,-2,-2,-3,3,-2.5014400124141,0.536904796017617,"3","2"
"834",-5,-3,-2,-5,-5,-4,-5,-5,-5,-5,-1,-4,-5,-2,-3,-1,-1,-3,-2,3,-4.26117013437939,1.14480503220093,"3","2"
"835",-5,-3,-1,-2,-2,-2,-2,-5,-5,-5,-1,-5,-3,-4,-4,-2,-2,-1,-2,3,-1.95338516391622,3.34433874259625,"3","2"
"836",-5,-3,-5,-5,-5,-5,-5,-5,-5,-5,-5,-5,-5,-5,-5,-5,-5,-5,-5,2,-5.5146325342383,-3.76807370248922,"2","3"
"837",-5,-3,-4,-2,-3,-3,-5,-5,-2,-2,-3,-4,-4,-4,-2,-5,-2,-3,-5,2,-1.45954954892699,-2.46522186537337,"2","3"
"838",-5,-4,-4,-2,-2,-1,-1,-4,-3,-2,-4,-2,-1,-2,-3,-2,-4,-1,-4,1,2.41636965850469,0.510589922741646,"1","1"
"839",-5,-2,-2,-1,-2,-2,-1,-5,-5,-3,-2,-3,-5,-5,-3,-3,-1,-2,-4,3,-1.62964161829869,1.7749103785873,"3","2"
"840",-5,-3,-4,-2,-2,-4,-4,-5,-1,-1,-3,-2,-4,-4,-1,-4,-2,-3,-5,2,-0.383884198596432,-2.15691380916817,"2","3"
"841",-5,-3,-2,-2,-2,-5,-1,-4,-4,-2,-1,-3,-5,-4,-1,-4,-1,-4,-4,3,-1.83403006268186,0.276606896658649,"3","2"
"842",-5,-4,-1,-2,-4,-5,-5,-4,-1,-1,-1,-2,-3,-4,-5,-2,-1,-2,-3,3,-1.79188799477425,0.538319702623735,"3","2"
"843",-5,-4,-2,-1,-1,-3,-2,-4,-3,-2,-2,-4,-3,-4,-5,-1,-1,-2,-2,3,-0.561820199267999,2.49345490768033,"3","2"
"844",-5,-4,-3,-1,-1,-3,-3,-3,-1,-1,-4,-4,-2,-3,-3,-4,-2,-1,-5,1,1.71075187814493,-1.14558952631593,"1","3"
"845",-5,-2,-1,-3,-2,-3,-3,-4,-4,-3,-1,-2,-1,-4,-3,-3,-1,-1,-3,3,-0.787194770869483,2.15404071169206,"3","2"
"846",-5,-2,-1,-3,-2,-4,-2,-5,-3,-3,-1,-4,-2,-3,-5,-2,-1,-2,-4,3,-1.70332320781573,1.9404138273662,"3","2"
"847",-4,-3,-2,-5,-3,-5,-2,-4,-2,-4,-3,-3,-4,-4,-4,-2,-4,-4,-2,2,-2.71576377236241,0.144322076075543,"2","3"
"848",-5,-5,-3,-2,-2,-4,-5,-5,-5,-1,-5,-2,-3,-3,-3,-5,-5,-3,-5,2,-0.742880153156555,-2.00571385947471,"2","3"
"849",-5,-4,-2,-1,-1,-2,-2,-4,-4,-1,-1,-1,-2,-3,-1,-2,-1,-2,-3,1,1.4051425080209,2.29749145235065,"1","1"
"850",-5,-5,-2,-1,-1,-1,-1,-5,-5,-4,-5,-2,-1,-4,-2,-1,-2,-1,-1,3,1.19434528426339,3.71800245029835,"3","2"
"851",-4,-4,-4,-1,-4,-4,-1,-4,-4,-3,-2,-3,-2,-1,-1,-2,-5,-2,-3,1,0.98394435002635,0.60258695839943,"1","3"
"852",-5,-3,-3,-1,-2,-3,-1,-4,-1,-1,-4,-1,-1,-1,-4,-1,-2,-1,-4,1,2.64558846914507,1.07966855326608,"1","1"
"853",-5,-4,-3,-2,-2,-3,-4,-5,-3,-4,-2,-4,-3,-5,-3,-1,-1,-1,-3,3,-1.42600330333031,1.47731629869964,"3","2"
"854",-5,-4,-2,-1,-1,-1,-2,-4,-4,-3,-3,-2,-1,-1,-2,-2,-5,-1,-1,1,2.33271910646699,2.62403083470928,"1","1"
"855",-5,-4,-4,-3,-1,-3,-2,-5,-5,-4,-3,-2,-1,-5,-3,-3,-5,-2,-3,3,-0.6119024758834,0.889661699808491,"3","2"
"856",-5,-3,-3,-3,-2,-3,-3,-3,-1,-1,-5,-3,-2,-3,-3,-3,-3,-1,-4,1,1.27254277198401,-1.32488621898004,"1","1"
"857",-5,-5,-5,-1,-2,-1,-4,-3,-2,-4,-4,-3,-1,-4,-1,-2,-3,-1,-4,1,2.04456876527436,-0.442769028445543,"1","1"
"858",-5,-5,-3,-1,-3,-1,-1,-5,-5,-3,-1,-4,-2,-2,-4,-1,-3,-1,-2,3,0.358931733183483,3.0769812299013,"3","2"
"859",-4,-3,-4,-3,-2,-2,-3,-5,-2,-3,-2,-4,-4,-4,-2,-4,-4,-2,-4,2,-0.6810511652052,-1.09268552703378,"2","3"
"860",-5,-3,-4,-1,-2,-3,-2,-3,-4,-3,-5,-4,-2,-3,-2,-2,-5,-3,-3,1,0.731130061474516,-0.209153293862187,"1","1"
"861",-5,-2,-5,-2,-2,-5,-4,-4,-3,-2,-4,-1,-5,-4,-4,-3,-3,-2,-4,2,-1.33965496580714,-1.51554604604375,"2","3"
"862",-4,-4,-5,-1,-3,-4,-1,-1,-1,-4,-1,-1,-2,-3,-1,-3,-4,-1,-4,1,2.22478119382748,-0.414998791298255,"1","1"
"863",-4,-3,-1,-1,-2,-2,-2,-4,-1,-2,-3,-3,-2,-2,-5,-1,-1,-1,-3,1,1.19126477226242,2.30548600069383,"1","1"
"864",-5,-3,-3,-3,-1,-3,-1,-4,-1,-1,-2,-2,-3,-2,-5,-2,-2,-1,-3,1,0.885988382335617,0.969329367770506,"1","2"
"865",-5,-5,-4,-3,-2,-3,-3,-1,-1,-2,-3,-1,-1,-3,-2,-2,-3,-1,-4,1,2.50361305926265,-0.781862592124254,"1","1"
