constructorId,constructorRef,name,nationality,url
208,lotus_f1,Lotus F1,British,http://en.wikipedia.org/wiki/Lotus_F1
6,ferrari,Ferrari,Italian,http://en.wikipedia.org/wiki/Scuderia_Ferrari
9,red_bull,Red Bull,Austrian,http://en.wikipedia.org/wiki/Red_Bull_Racing
131,mercedes,Mercedes,German,http://en.wikipedia.org/wiki/Mercedes-Benz_in_Formula_One
10,force_india,Force India,Indian,http://en.wikipedia.org/wiki/Racing_Point_Force_India
1,mclaren,McLaren,British,http://en.wikipedia.org/wiki/McLaren
5,toro_rosso,Toro Rosso,Italian,http://en.wikipedia.org/wiki/Scuderia_Toro_Rosso
15,sauber,Sauber,Swiss,http://en.wikipedia.org/wiki/Sauber
3,williams,Williams,British,http://en.wikipedia.org/wiki/Williams_Grand_Prix_Engineering
206,marussia,Marussia,Russian,http://en.wikipedia.org/wiki/Marussia_F1
207,caterham,Caterham,Malaysian,http://en.wikipedia.org/wiki/Caterham_F1
209,manor,Manor Marussia,British,http://en.wikipedia.org/wiki/Manor_Motorsport
210,haas,Haas F1 Team,American,http://en.wikipedia.org/wiki/Haas_F1_Team
4,renault,Renault,French,http://en.wikipedia.org/wiki/Renault_in_Formula_One
