constructorResultsId,raceId,constructorId,points,status,year
14596,880,208,26.0,\N,2013
14597,880,6,30.0,\N,2013
14598,880,9,23.0,\N,2013
14599,880,131,10.0,\N,2013
14600,880,10,10.0,\N,2013
14601,880,1,2.0,\N,2013
14602,880,5,0.0,\N,2013
14603,880,15,0.0,\N,2013
14604,880,3,0.0,\N,2013
14605,880,206,0.0,\N,2013
14606,880,207,0.0,\N,2013
14607,881,9,43.0,\N,2013
14608,881,131,27.0,\N,2013
14609,881,6,10.0,\N,2013
14610,881,208,14.0,\N,2013
14611,881,15,4.0,\N,2013
14612,881,1,2.0,\N,2013
14613,881,5,1.0,\N,2013
14614,881,3,0.0,\N,2013
14615,881,206,0.0,\N,2013
14616,881,207,0.0,\N,2013
14617,881,10,0.0,\N,2013
14618,882,6,33.0,\N,2013
14619,882,208,20.0,\N,2013
14620,882,131,15.0,\N,2013
14621,882,9,12.0,\N,2013
14622,882,1,10.0,\N,2013
14623,882,5,6.0,\N,2013
14624,882,10,4.0,\N,2013
14625,882,15,1.0,\N,2013
14626,882,3,0.0,\N,2013
14627,882,206,0.0,\N,2013
14628,882,207,0.0,\N,2013
14629,883,9,31.0,\N,2013
14630,883,208,33.0,\N,2013
14631,883,10,12.0,\N,2013
14632,883,131,12.0,\N,2013
14633,883,1,9.0,\N,2013
14634,883,6,4.0,\N,2013
14635,883,3,0.0,\N,2013
14636,883,15,0.0,\N,2013
14637,883,5,0.0,\N,2013
14638,883,207,0.0,\N,2013
14639,883,206,0.0,\N,2013
14640,884,6,40.0,\N,2013
14641,884,208,18.0,\N,2013
14642,884,9,22.0,\N,2013
14643,884,131,8.0,\N,2013
14644,884,10,6.0,\N,2013
14645,884,1,6.0,\N,2013
14646,884,5,1.0,\N,2013
14647,884,15,0.0,\N,2013
14648,884,3,0.0,\N,2013
14649,884,207,0.0,\N,2013
14650,884,206,0.0,\N,2013
14651,885,131,37.0,\N,2013
14652,885,9,33.0,\N,2013
14653,885,10,12.0,\N,2013
14654,885,1,8.0,\N,2013
14655,885,6,6.0,\N,2013
14656,885,5,4.0,\N,2013
14657,885,208,1.0,\N,2013
14658,885,15,0.0,\N,2013
14659,885,3,0.0,\N,2013
14660,885,206,0.0,\N,2013
14661,885,207,0.0,\N,2013
14662,886,9,37.0,\N,2013
14663,886,6,22.0,\N,2013
14664,886,131,25.0,\N,2013
14665,886,5,8.0,\N,2013
14666,886,10,7.0,\N,2013
14667,886,208,2.0,\N,2013
14668,886,1,0.0,\N,2013
14669,886,3,0.0,\N,2013
14670,886,206,0.0,\N,2013
14671,886,207,0.0,\N,2013
14672,886,15,0.0,\N,2013
14673,887,131,37.0,\N,2013
14674,887,9,18.0,\N,2013
14675,887,6,23.0,\N,2013
14676,887,208,10.0,\N,2013
14677,887,10,8.0,\N,2013
14678,887,5,4.0,\N,2013
14679,887,15,1.0,\N,2013
14680,887,3,0.0,\N,2013
14681,887,1,0.0,\N,2013
14682,887,207,0.0,\N,2013
14683,887,206,0.0,\N,2013
14684,888,9,31.0,\N,2013
14685,888,208,33.0,\N,2013
14686,888,6,12.0,\N,2013
14687,888,131,12.0,\N,2013
14688,888,1,12.0,\N,2013
14689,888,15,1.0,\N,2013
14690,888,10,0.0,\N,2013
14691,888,5,0.0,\N,2013
14692,888,3,0.0,\N,2013
14693,888,207,0.0,\N,2013
14694,888,206,0.0,\N,2013
14695,890,131,25.0,\N,2013
14696,890,208,26.0,\N,2013
14697,890,9,27.0,\N,2013
14698,890,6,14.0,\N,2013
14699,890,1,8.0,\N,2013
14700,890,3,1.0,\N,2013
14701,890,15,0.0,\N,2013
14702,890,5,0.0,\N,2013
14703,890,207,0.0,\N,2013
14704,890,206,0.0,\N,2013
14705,890,10,0.0,\N,2013
14706,891,9,35.0,\N,2013
14707,891,6,24.0,\N,2013
14708,891,131,27.0,\N,2013
14709,891,1,8.0,\N,2013
14710,891,208,4.0,\N,2013
14711,891,10,2.0,\N,2013
14712,891,5,1.0,\N,2013
14713,891,15,0.0,\N,2013
14714,891,3,0.0,\N,2013
14715,891,207,0.0,\N,2013
14716,891,206,0.0,\N,2013
14717,892,9,40.0,\N,2013
14718,892,6,30.0,\N,2013
14719,892,15,10.0,\N,2013
14720,892,131,10.0,\N,2013
14721,892,5,6.0,\N,2013
14722,892,208,4.0,\N,2013
14723,892,1,1.0,\N,2013
14724,892,3,0.0,\N,2013
14725,892,10,0.0,\N,2013
14726,892,207,0.0,\N,2013
14727,892,206,0.0,\N,2013
14728,893,9,25.0,\N,2013
14729,893,6,26.0,\N,2013
14730,893,208,15.0,\N,2013
14731,893,131,22.0,\N,2013
14732,893,1,10.0,\N,2013
14733,893,15,2.0,\N,2013
14734,893,10,1.0,\N,2013
14735,893,3,0.0,\N,2013
14736,893,5,0.0,\N,2013
14737,893,207,0.0,\N,2013
14738,893,206,0.0,\N,2013
14739,894,9,25.0,\N,2013
14740,894,208,33.0,\N,2013
14741,894,15,12.0,\N,2013
14742,894,131,16.0,\N,2013
14743,894,6,10.0,\N,2013
14744,894,1,5.0,\N,2013
14745,894,3,0.0,\N,2013
14746,894,207,0.0,\N,2013
14747,894,206,0.0,\N,2013
14748,894,5,0.0,\N,2013
14749,894,10,0.0,\N,2013
14750,895,9,43.0,\N,2013
14751,895,208,25.0,\N,2013
14752,895,6,13.0,\N,2013
14753,895,15,14.0,\N,2013
14754,895,131,4.0,\N,2013
14755,895,1,2.0,\N,2013
14756,895,10,0.0,\N,2013
14757,895,5,0.0,\N,2013
14758,895,3,0.0,\N,2013
14759,895,207,0.0,\N,2013
14760,895,206,0.0,\N,2013
14761,896,9,25.0,\N,2013
14762,896,131,26.0,\N,2013
14763,896,208,21.0,\N,2013
14764,896,6,12.0,\N,2013
14765,896,1,10.0,\N,2013
14766,896,10,6.0,\N,2013
14767,896,5,1.0,\N,2013
14768,896,3,0.0,\N,2013
14769,896,15,0.0,\N,2013
14770,896,206,0.0,\N,2013
14771,896,207,0.0,\N,2013
14772,897,9,43.0,\N,2013
14773,897,131,21.0,\N,2013
14774,897,208,12.0,\N,2013
14775,897,6,14.0,\N,2013
14776,897,10,9.0,\N,2013
14777,897,1,2.0,\N,2013
14778,897,3,0.0,\N,2013
14779,897,15,0.0,\N,2013
14780,897,5,0.0,\N,2013
14781,897,207,0.0,\N,2013
14782,897,206,0.0,\N,2013
14783,898,9,40.0,\N,2013
14784,898,208,18.0,\N,2013
14785,898,131,14.0,\N,2013
14786,898,6,10.0,\N,2013
14787,898,15,8.0,\N,2013
14788,898,1,7.0,\N,2013
14789,898,3,4.0,\N,2013
14790,898,5,0.0,\N,2013
14791,898,10,0.0,\N,2013
14792,898,206,0.0,\N,2013
14793,898,207,0.0,\N,2013
14794,899,9,43.0,\N,2013
14795,899,6,21.0,\N,2013
14796,899,1,20.0,\N,2013
14797,899,131,12.0,\N,2013
14798,899,15,4.0,\N,2013
14799,899,5,1.0,\N,2013
14800,899,10,0.0,\N,2013
14801,899,208,0.0,\N,2013
14802,899,3,0.0,\N,2013
14803,899,206,0.0,\N,2013
14804,899,207,0.0,\N,2013
14808,900,131,25.0,\N,2014
14809,900,9,0.0,\N,2014
14810,900,1,33.0,\N,2014
14811,900,6,18.0,\N,2014
14812,900,3,10.0,\N,2014
14813,900,10,9.0,\N,2014
14814,900,5,6.0,\N,2014
14815,900,15,0.0,\N,2014
14816,900,206,0.0,\N,2014
14817,900,208,0.0,\N,2014
14818,900,207,0.0,\N,2014
14819,901,131,43.0,\N,2014
14820,901,9,15.0,\N,2014
14821,901,6,12.0,\N,2014
14822,901,10,10.0,\N,2014
14823,901,1,10.0,\N,2014
14824,901,3,10.0,\N,2014
14825,901,5,1.0,\N,2014
14826,901,208,0.0,\N,2014
14827,901,207,0.0,\N,2014
14828,901,206,0.0,\N,2014
14829,901,15,0.0,\N,2014
14830,902,131,43.0,\N,2014
14831,902,10,25.0,\N,2014
14832,902,9,20.0,\N,2014
14833,902,3,10.0,\N,2014
14834,902,6,3.0,\N,2014
14835,902,5,0.0,\N,2014
14836,902,208,0.0,\N,2014
14837,902,206,0.0,\N,2014
14838,902,207,0.0,\N,2014
14839,902,1,0.0,\N,2014
14840,902,15,0.0,\N,2014
14841,903,131,43.0,\N,2014
14842,903,6,19.0,\N,2014
14843,903,9,22.0,\N,2014
14844,903,10,10.0,\N,2014
14845,903,3,6.0,\N,2014
14846,903,5,1.0,\N,2014
14847,903,1,0.0,\N,2014
14848,903,208,0.0,\N,2014
14849,903,15,0.0,\N,2014
14850,903,207,0.0,\N,2014
14851,903,206,0.0,\N,2014
15820,1007,9,25.0,\N,2018
14853,904,131,43.0,\N,2014
14854,904,9,27.0,\N,2014
14855,904,3,10.0,\N,2014
14856,904,6,14.0,\N,2014
14857,904,208,4.0,\N,2014
14858,904,10,3.0,\N,2014
14859,904,1,0.0,\N,2014
14860,904,5,0.0,\N,2014
14861,904,15,0.0,\N,2014
14862,904,206,0.0,\N,2014
14863,904,207,0.0,\N,2014
14864,905,131,43.0,\N,2014
14865,905,9,15.0,\N,2014
14866,905,6,12.0,\N,2014
14867,905,10,10.0,\N,2014
14868,905,1,9.0,\N,2014
14869,905,3,6.0,\N,2014
14870,905,208,4.0,\N,2014
14871,905,206,2.0,\N,2014
14872,905,207,0.0,\N,2014
14873,905,15,0.0,\N,2014
14874,905,5,0.0,\N,2014
14875,906,9,40.0,\N,2014
14876,906,131,18.0,\N,2014
14877,906,1,14.0,\N,2014
14878,906,10,10.0,\N,2014
14879,906,6,9.0,\N,2014
14880,906,3,6.0,\N,2014
14881,906,5,4.0,\N,2014
14882,906,15,0.0,\N,2014
14883,906,208,0.0,\N,2014
14884,906,207,0.0,\N,2014
14885,906,206,0.0,\N,2014
14886,907,131,43.0,\N,2014
14887,907,3,27.0,\N,2014
14888,907,6,11.0,\N,2014
14889,907,10,10.0,\N,2014
14890,907,1,6.0,\N,2014
14891,907,9,4.0,\N,2014
14892,907,208,0.0,\N,2014
14893,907,15,0.0,\N,2014
14894,907,206,0.0,\N,2014
14895,907,207,0.0,\N,2014
14896,907,5,0.0,\N,2014
14897,908,131,25.0,\N,2014
14898,908,3,18.0,\N,2014
14899,908,9,25.0,\N,2014
14900,908,1,18.0,\N,2014
14901,908,6,8.0,\N,2014
14902,908,10,4.0,\N,2014
14903,908,5,3.0,\N,2014
14904,908,208,0.0,\N,2014
14905,908,15,0.0,\N,2014
14906,908,206,0.0,\N,2014
14907,908,207,0.0,\N,2014
14908,909,131,40.0,\N,2014
14909,909,3,18.0,\N,2014
14910,909,9,20.0,\N,2014
14911,909,6,10.0,\N,2014
14912,909,10,7.0,\N,2014
14913,909,1,6.0,\N,2014
14914,909,208,0.0,\N,2014
14915,909,5,0.0,\N,2014
14916,909,15,0.0,\N,2014
14917,909,206,0.0,\N,2014
14918,909,207,0.0,\N,2014
14919,910,9,31.0,\N,2014
14920,910,6,26.0,\N,2014
14921,910,131,27.0,\N,2014
14922,910,3,14.0,\N,2014
14923,910,5,2.0,\N,2014
14924,910,1,1.0,\N,2014
14925,910,15,0.0,\N,2014
14926,910,208,0.0,\N,2014
14927,910,206,0.0,\N,2014
14928,910,207,0.0,\N,2014
14929,910,10,0.0,\N,2014
14930,911,9,35.0,\N,2014
14931,911,131,18.0,\N,2014
14932,911,3,15.0,\N,2014
14933,911,6,18.0,\N,2014
14934,911,1,8.0,\N,2014
14935,911,10,5.0,\N,2014
14936,911,5,2.0,\N,2014
14937,911,15,0.0,\N,2014
14938,911,206,0.0,\N,2014
14939,911,207,0.0,\N,2014
14940,911,208,0.0,\N,2014
14941,912,131,43.0,\N,2014
14942,912,3,27.0,\N,2014
14943,912,9,18.0,\N,2014
14944,912,10,6.0,\N,2014
14945,912,1,5.0,\N,2014
14946,912,6,2.0,\N,2014
14947,912,5,0.0,\N,2014
14948,912,208,0.0,\N,2014
14949,912,15,0.0,\N,2014
14950,912,207,0.0,\N,2014
14951,912,206,0.0,\N,2014
14952,913,131,25.0,\N,2014
14953,913,9,33.0,\N,2014
14954,913,6,16.0,\N,2014
14955,913,3,10.0,\N,2014
14956,913,5,8.0,\N,2014
14957,913,10,8.0,\N,2014
14958,913,1,1.0,\N,2014
14959,913,208,0.0,\N,2014
14960,913,207,0.0,\N,2014
14961,913,206,0.0,\N,2014
14962,913,15,0.0,\N,2014
14963,914,131,43.0,\N,2014
14964,914,9,27.0,\N,2014
14965,914,1,10.0,\N,2014
14966,914,3,14.0,\N,2014
14967,914,10,5.0,\N,2014
14968,914,5,2.0,\N,2014
14969,914,6,0.0,\N,2014
14970,914,15,0.0,\N,2014
14971,914,208,0.0,\N,2014
14972,914,207,0.0,\N,2014
14973,914,206,0.0,\N,2014
14974,915,131,43.0,\N,2014
14975,915,3,15.0,\N,2014
14976,915,1,22.0,\N,2014
14977,915,6,10.0,\N,2014
14978,915,9,10.0,\N,2014
14979,915,10,1.0,\N,2014
14980,915,5,0.0,\N,2014
14981,915,15,0.0,\N,2014
14982,915,208,0.0,\N,2014
14983,915,207,0.0,\N,2014
14984,915,206,0.0,\N,2014
14987,916,131,43.0,\N,2014
14988,916,9,21.0,\N,2014
14989,916,3,22.0,\N,2014
14990,916,6,8.0,\N,2014
14991,916,1,4.0,\N,2014
14992,916,5,1.0,\N,2014
14993,916,208,2.0,\N,2014
14994,916,15,0.0,\N,2014
14995,916,10,0.0,\N,2014
14996,917,131,43.0,\N,2014
14997,917,3,16.0,\N,2014
14998,917,1,14.0,\N,2014
14999,917,9,10.0,\N,2014
15000,917,6,14.0,\N,2014
15001,917,10,4.0,\N,2014
15002,917,5,0.0,\N,2014
15003,917,208,0.0,\N,2014
15004,917,15,0.0,\N,2014
15005,918,131,50.0,\N,2014
15006,918,3,66.0,\N,2014
15007,918,9,32.0,\N,2014
15008,918,1,20.0,\N,2014
15009,918,10,28.0,\N,2014
15010,918,6,6.0,\N,2014
15011,918,5,0.0,\N,2014
15012,918,208,0.0,\N,2014
15013,918,15,0.0,\N,2014
15014,918,207,0.0,\N,2014
15821,1007,6,33.0,\N,2018
15015,926,131,43.0,\N,2015
15016,926,6,15.0,\N,2015
15017,926,3,12.0,\N,2015
15018,926,15,14.0,\N,2015
15019,926,9,8.0,\N,2015
15020,926,10,7.0,\N,2015
15021,926,5,2.0,\N,2015
15022,926,1,0.0,\N,2015
15023,926,208,0.0,\N,2015
15024,927,6,37.0,\N,2015
15025,927,131,33.0,\N,2015
15026,927,3,18.0,\N,2015
15027,927,5,10.0,\N,2015
15028,927,9,3.0,\N,2015
15029,927,208,0.0,\N,2015
15030,927,15,0.0,\N,2015
15031,927,10,0.0,\N,2015
15032,927,209,0.0,\N,2015
15033,927,1,0.0,\N,2015
15034,928,131,43.0,\N,2015
15035,928,6,27.0,\N,2015
15036,928,3,18.0,\N,2015
15037,928,208,6.0,\N,2015
15038,928,15,5.0,\N,2015
15039,928,9,2.0,\N,2015
15040,928,10,0.0,\N,2015
15041,928,1,0.0,\N,2015
15042,928,5,0.0,\N,2015
15043,928,209,0.0,\N,2015
15044,929,131,40.0,\N,2015
15045,929,6,28.0,\N,2015
15046,929,3,13.0,\N,2015
15047,929,9,10.0,\N,2015
15048,929,208,6.0,\N,2015
15049,929,10,4.0,\N,2015
15050,929,1,0.0,\N,2015
15051,929,15,0.0,\N,2015
15052,929,209,0.0,\N,2015
15053,929,5,0.0,\N,2015
15054,930,131,43.0,\N,2015
15055,930,6,25.0,\N,2015
15056,930,3,20.0,\N,2015
15057,930,9,7.0,\N,2015
15058,930,208,4.0,\N,2015
15059,930,5,2.0,\N,2015
15060,930,15,0.0,\N,2015
15061,930,10,0.0,\N,2015
15062,930,1,0.0,\N,2015
15063,930,209,0.0,\N,2015
15064,931,131,40.0,\N,2015
15065,931,6,26.0,\N,2015
15066,931,9,22.0,\N,2015
15067,931,10,6.0,\N,2015
15068,931,1,4.0,\N,2015
15069,931,15,2.0,\N,2015
15070,931,5,1.0,\N,2015
15071,931,208,0.0,\N,2015
15072,931,3,0.0,\N,2015
15073,931,209,0.0,\N,2015
15074,932,131,43.0,\N,2015
15075,932,3,23.0,\N,2015
15076,932,6,22.0,\N,2015
15077,932,208,7.0,\N,2015
15078,932,10,4.0,\N,2015
15079,932,9,2.0,\N,2015
15080,932,5,0.0,\N,2015
15081,932,15,0.0,\N,2015
15082,932,209,0.0,\N,2015
15083,932,1,0.0,\N,2015
15084,933,131,43.0,\N,2015
15085,933,3,25.0,\N,2015
15086,933,6,12.0,\N,2015
15087,933,10,10.0,\N,2015
15088,933,208,6.0,\N,2015
15089,933,5,4.0,\N,2015
15090,933,9,1.0,\N,2015
15091,933,15,0.0,\N,2015
15092,933,209,0.0,\N,2015
15093,933,1,0.0,\N,2015
15094,934,131,43.0,\N,2015
15095,934,6,19.0,\N,2015
15096,934,3,22.0,\N,2015
15097,934,9,8.0,\N,2015
15098,934,10,8.0,\N,2015
15099,934,1,1.0,\N,2015
15100,934,15,0.0,\N,2015
15101,934,209,0.0,\N,2015
15102,934,5,0.0,\N,2015
15103,934,208,0.0,\N,2015
15104,936,6,25.0,\N,2015
15105,936,9,33.0,\N,2015
15106,936,5,12.0,\N,2015
15107,936,1,12.0,\N,2015
15108,936,131,12.0,\N,2015
15109,936,208,6.0,\N,2015
15110,936,15,1.0,\N,2015
15111,936,3,0.0,\N,2015
15112,936,209,0.0,\N,2015
15113,936,10,0.0,\N,2015
15114,937,131,43.0,\N,2015
15115,937,208,15.0,\N,2015
15116,937,9,12.0,\N,2015
15117,937,10,10.0,\N,2015
15118,937,3,10.0,\N,2015
15119,937,6,6.0,\N,2015
15120,937,5,4.0,\N,2015
15121,937,15,1.0,\N,2015
15122,937,1,0.0,\N,2015
15123,937,206,0.0,\N,2015
15124,937,209,0.0,\N,2015
15125,938,131,25.0,\N,2015
15126,938,6,28.0,\N,2015
15127,938,3,27.0,\N,2015
15128,938,10,14.0,\N,2015
15129,938,9,5.0,\N,2015
15130,938,15,2.0,\N,2015
15131,938,5,0.0,\N,2015
15132,938,1,0.0,\N,2015
15133,938,209,0.0,\N,2015
15134,938,208,0.0,\N,2015
15135,939,6,40.0,\N,2015
15136,939,9,26.0,\N,2015
15137,939,131,12.0,\N,2015
15138,939,3,10.0,\N,2015
15139,939,10,6.0,\N,2015
15140,939,5,6.0,\N,2015
15141,939,15,1.0,\N,2015
15142,939,208,0.0,\N,2015
15143,939,209,0.0,\N,2015
15144,939,1,0.0,\N,2015
15145,940,131,43.0,\N,2015
15146,940,6,27.0,\N,2015
15147,940,3,10.0,\N,2015
15148,940,10,8.0,\N,2015
15149,940,208,10.0,\N,2015
15150,940,5,3.0,\N,2015
15151,940,1,0.0,\N,2015
15152,940,9,0.0,\N,2015
15153,940,15,0.0,\N,2015
15154,940,209,0.0,\N,2015
15155,941,131,25.0,\N,2015
15156,941,6,22.0,\N,2015
15157,941,10,15.0,\N,2015
15158,941,3,12.0,\N,2015
15159,941,9,10.0,\N,2015
15160,941,15,8.0,\N,2015
15161,941,208,6.0,\N,2015
15162,941,1,2.0,\N,2015
15163,941,5,1.0,\N,2015
15164,941,209,0.0,\N,2015
15165,941,206,0.0,\N,2015
15166,942,131,43.0,\N,2015
15167,942,6,15.0,\N,2015
15168,942,5,18.0,\N,2015
15169,942,10,10.0,\N,2015
15170,942,1,8.0,\N,2015
15171,942,208,4.0,\N,2015
15172,942,15,2.0,\N,2015
15173,942,9,1.0,\N,2015
15174,942,209,0.0,\N,2015
15175,942,3,0.0,\N,2015
15176,943,131,43.0,\N,2015
15177,943,3,23.0,\N,2015
15178,943,9,22.0,\N,2015
15179,943,10,10.0,\N,2015
15180,943,5,2.0,\N,2015
15181,943,208,1.0,\N,2015
15182,943,15,0.0,\N,2015
15183,943,1,0.0,\N,2015
15184,943,206,0.0,\N,2015
15185,943,6,0.0,\N,2015
15186,944,131,43.0,\N,2015
15187,944,6,27.0,\N,2015
15188,944,3,10.0,\N,2015
15189,944,10,8.0,\N,2015
15190,944,9,6.0,\N,2015
15191,944,208,5.0,\N,2015
15192,944,5,2.0,\N,2015
15193,944,15,0.0,\N,2015
15194,944,1,0.0,\N,2015
15195,944,209,0.0,\N,2015
15196,943,209,0.0,\N,2015
15197,945,131,43.0,\N,2015
15198,945,6,27.0,\N,2015
15199,945,10,16.0,\N,2015
15200,945,9,9.0,\N,2015
15201,945,3,4.0,\N,2015
15202,945,208,2.0,\N,2015
15203,945,5,0.0,\N,2015
15204,945,1,0.0,\N,2015
15205,945,15,0.0,\N,2015
15206,945,206,0.0,\N,2015
15207,945,209,0.0,\N,2015
15208,948,131,43.0,\N,2016
15209,948,6,15.0,\N,2016
15210,948,9,12.0,\N,2016
15211,948,3,14.0,\N,2016
15212,948,210,8.0,\N,2016
15213,948,10,6.0,\N,2016
15214,948,5,3.0,\N,2016
15215,948,4,0.0,\N,2016
15216,948,1,0.0,\N,2016
15217,948,15,0.0,\N,2016
15218,948,209,0.0,\N,2016
15219,949,131,40.0,\N,2016
15220,949,6,18.0,\N,2016
15221,949,9,18.0,\N,2016
15222,949,210,10.0,\N,2016
15223,949,5,8.0,\N,2016
15224,949,3,6.0,\N,2016
15225,949,1,1.0,\N,2016
15226,949,4,0.0,\N,2016
15227,949,15,0.0,\N,2016
15228,949,209,0.0,\N,2016
15229,949,10,0.0,\N,2016
15230,950,131,31.0,\N,2016
15231,950,6,28.0,\N,2016
15232,950,9,27.0,\N,2016
15233,950,3,9.0,\N,2016
15234,950,5,6.0,\N,2016
15235,950,10,0.0,\N,2016
15236,950,1,0.0,\N,2016
15237,950,210,0.0,\N,2016
15238,950,15,0.0,\N,2016
15239,950,4,0.0,\N,2016
15240,950,209,0.0,\N,2016
15241,951,131,43.0,\N,2016
15242,951,6,15.0,\N,2016
15243,951,3,22.0,\N,2016
15244,951,1,9.0,\N,2016
15245,951,4,6.0,\N,2016
15246,951,210,4.0,\N,2016
15247,951,10,2.0,\N,2016
15248,951,9,0.0,\N,2016
15249,951,5,0.0,\N,2016
15250,951,15,0.0,\N,2016
15251,951,209,0.0,\N,2016
15252,952,9,37.0,\N,2016
15253,952,6,33.0,\N,2016
15254,952,3,14.0,\N,2016
15255,952,5,9.0,\N,2016
15256,952,10,6.0,\N,2016
15257,952,1,2.0,\N,2016
15258,952,210,0.0,\N,2016
15259,952,15,0.0,\N,2016
15260,952,4,0.0,\N,2016
15261,952,209,0.0,\N,2016
15262,952,131,0.0,\N,2016
15263,953,131,31.0,\N,2016
15264,953,9,18.0,\N,2016
15265,953,10,23.0,\N,2016
15266,953,6,12.0,\N,2016
15267,953,1,12.0,\N,2016
15268,953,5,4.0,\N,2016
15269,953,3,1.0,\N,2016
15270,953,210,0.0,\N,2016
15271,953,209,0.0,\N,2016
15272,953,15,0.0,\N,2016
15273,953,4,0.0,\N,2016
15274,954,131,35.0,\N,2016
15275,954,6,26.0,\N,2016
15276,954,3,15.0,\N,2016
15277,954,9,18.0,\N,2016
15278,954,10,5.0,\N,2016
15279,954,5,2.0,\N,2016
15280,954,1,0.0,\N,2016
15281,954,210,0.0,\N,2016
15282,954,15,0.0,\N,2016
15283,954,4,0.0,\N,2016
15284,954,209,0.0,\N,2016
15285,955,131,35.0,\N,2016
15286,955,6,30.0,\N,2016
15287,955,10,17.0,\N,2016
15288,955,3,9.0,\N,2016
15289,955,9,10.0,\N,2016
15290,955,1,0.0,\N,2016
15291,955,15,0.0,\N,2016
15292,955,210,0.0,\N,2016
15293,955,4,0.0,\N,2016
15294,955,209,0.0,\N,2016
15295,955,5,0.0,\N,2016
15296,956,131,37.0,\N,2016
15297,956,9,28.0,\N,2016
15298,956,6,15.0,\N,2016
15299,956,1,8.0,\N,2016
15300,956,210,6.0,\N,2016
15301,956,5,4.0,\N,2016
15302,956,3,2.0,\N,2016
15303,956,209,1.0,\N,2016
15304,956,4,0.0,\N,2016
15305,956,15,0.0,\N,2016
15306,956,10,0.0,\N,2016
15307,957,131,40.0,\N,2016
15308,957,9,30.0,\N,2016
15309,957,6,12.0,\N,2016
15310,957,10,14.0,\N,2016
15311,957,5,5.0,\N,2016
15312,957,3,0.0,\N,2016
15313,957,1,0.0,\N,2016
15314,957,15,0.0,\N,2016
15315,957,210,0.0,\N,2016
15316,957,4,0.0,\N,2016
15317,957,209,0.0,\N,2016
15318,958,131,43.0,\N,2016
15319,958,9,25.0,\N,2016
15320,958,6,20.0,\N,2016
15321,958,1,6.0,\N,2016
15322,958,5,4.0,\N,2016
15323,958,3,2.0,\N,2016
15324,958,10,1.0,\N,2016
15325,958,4,0.0,\N,2016
15326,958,210,0.0,\N,2016
15327,958,15,0.0,\N,2016
15328,958,209,0.0,\N,2016
15329,959,131,37.0,\N,2016
15330,959,9,33.0,\N,2016
15331,959,6,18.0,\N,2016
15332,959,10,7.0,\N,2016
15333,959,1,4.0,\N,2016
15334,959,3,2.0,\N,2016
15335,959,210,0.0,\N,2016
15336,959,5,0.0,\N,2016
15337,959,4,0.0,\N,2016
15338,959,209,0.0,\N,2016
15339,959,15,0.0,\N,2016
15340,960,131,40.0,\N,2016
15341,960,9,18.0,\N,2016
15342,960,10,22.0,\N,2016
15343,960,6,10.0,\N,2016
15344,960,1,6.0,\N,2016
15345,960,3,5.0,\N,2016
15346,960,210,0.0,\N,2016
15347,960,5,0.0,\N,2016
15348,960,4,0.0,\N,2016
15349,960,209,0.0,\N,2016
15350,960,15,0.0,\N,2016
15351,961,131,43.0,\N,2016
15352,961,6,27.0,\N,2016
15353,961,9,16.0,\N,2016
15354,961,3,10.0,\N,2016
15355,961,10,5.0,\N,2016
15356,961,210,0.0,\N,2016
15357,961,1,0.0,\N,2016
15358,961,5,0.0,\N,2016
15359,961,15,0.0,\N,2016
15360,961,4,0.0,\N,2016
15361,961,209,0.0,\N,2016
15362,962,131,40.0,\N,2016
15363,962,9,26.0,\N,2016
15364,962,6,22.0,\N,2016
15365,962,1,6.0,\N,2016
15366,962,10,4.0,\N,2016
15367,962,5,2.0,\N,2016
15368,962,4,1.0,\N,2016
15369,962,210,0.0,\N,2016
15370,962,3,0.0,\N,2016
15371,962,15,0.0,\N,2016
15372,962,209,0.0,\N,2016
15373,963,9,43.0,\N,2016
15374,963,131,15.0,\N,2016
15375,963,6,12.0,\N,2016
15376,963,3,10.0,\N,2016
15377,963,10,12.0,\N,2016
15378,963,1,8.0,\N,2016
15379,963,4,1.0,\N,2016
15380,963,5,0.0,\N,2016
15381,963,15,0.0,\N,2016
15382,963,209,0.0,\N,2016
15383,963,210,0.0,\N,2016
15384,964,131,40.0,\N,2016
15385,964,9,26.0,\N,2016
15386,964,6,22.0,\N,2016
15387,964,10,10.0,\N,2016
15388,964,3,3.0,\N,2016
15389,964,210,0.0,\N,2016
15390,964,4,0.0,\N,2016
15391,964,5,0.0,\N,2016
15392,964,15,0.0,\N,2016
15393,964,1,0.0,\N,2016
15394,964,209,0.0,\N,2016
15395,965,131,43.0,\N,2016
15396,965,9,15.0,\N,2016
15397,965,6,12.0,\N,2016
15398,965,1,12.0,\N,2016
15399,965,5,8.0,\N,2016
15400,965,3,6.0,\N,2016
15401,965,10,4.0,\N,2016
15402,965,210,1.0,\N,2016
15403,965,4,0.0,\N,2016
15404,965,15,0.0,\N,2016
15405,965,209,0.0,\N,2016
15406,966,131,43.0,\N,2016
15407,966,6,18.0,\N,2016
15408,966,9,27.0,\N,2016
15409,966,10,7.0,\N,2016
15410,966,3,6.0,\N,2016
15411,966,15,0.0,\N,2016
15412,966,1,0.0,\N,2016
15413,966,4,0.0,\N,2016
15414,966,5,0.0,\N,2016
15415,966,210,0.0,\N,2016
15416,966,209,0.0,\N,2016
15417,967,131,43.0,\N,2016
15418,967,9,19.0,\N,2016
15419,967,10,18.0,\N,2016
15420,967,6,10.0,\N,2016
15421,967,5,8.0,\N,2016
15422,967,15,2.0,\N,2016
15423,967,1,1.0,\N,2016
15424,967,3,0.0,\N,2016
15425,967,209,0.0,\N,2016
15426,967,4,0.0,\N,2016
15427,967,210,0.0,\N,2016
15428,968,131,43.0,\N,2016
15429,968,6,23.0,\N,2016
15430,968,9,22.0,\N,2016
15431,968,10,10.0,\N,2016
15432,968,3,2.0,\N,2016
15433,968,1,1.0,\N,2016
15434,968,210,0.0,\N,2016
15435,968,209,0.0,\N,2016
15436,968,15,0.0,\N,2016
15437,968,4,0.0,\N,2016
15438,968,5,0.0,\N,2016
15439,969,6,37.0,\N,2017
15440,969,131,33.0,\N,2017
15441,969,9,10.0,\N,2017
15442,969,3,8.0,\N,2017
15443,969,10,7.0,\N,2017
15444,969,5,6.0,\N,2017
15445,969,4,0.0,\N,2017
15446,969,15,0.0,\N,2017
15447,969,1,0.0,\N,2017
15448,969,210,0.0,\N,2017
15449,970,131,33.0,\N,2017
15450,970,6,28.0,\N,2017
15451,970,9,27.0,\N,2017
15452,970,5,6.0,\N,2017
15453,970,210,4.0,\N,2017
15454,970,10,3.0,\N,2017
15455,970,4,0.0,\N,2017
15456,970,3,0.0,\N,2017
15457,970,15,0.0,\N,2017
15458,970,1,0.0,\N,2017
15459,971,6,37.0,\N,2017
15460,971,131,33.0,\N,2017
15461,971,9,10.0,\N,2017
15462,971,3,8.0,\N,2017
15463,971,10,7.0,\N,2017
15464,971,210,4.0,\N,2017
15465,971,4,2.0,\N,2017
15466,971,15,0.0,\N,2017
15467,971,5,0.0,\N,2017
15468,971,1,0.0,\N,2017
15469,972,131,37.0,\N,2017
15470,972,6,33.0,\N,2017
15471,972,9,10.0,\N,2017
15472,972,10,14.0,\N,2017
15473,972,4,4.0,\N,2017
15474,972,3,2.0,\N,2017
15475,972,5,1.0,\N,2017
15476,972,210,0.0,\N,2017
15477,972,1,0.0,\N,2017
15478,972,15,0.0,\N,2017
15479,973,131,25.0,\N,2017
15480,973,6,18.0,\N,2017
15481,973,9,15.0,\N,2017
15482,973,10,22.0,\N,2017
15483,973,4,8.0,\N,2017
15484,973,5,8.0,\N,2017
15485,973,15,4.0,\N,2017
15486,973,210,1.0,\N,2017
15487,973,1,0.0,\N,2017
15488,973,3,0.0,\N,2017
15489,974,6,43.0,\N,2017
15490,974,9,25.0,\N,2017
15491,974,131,18.0,\N,2017
15492,974,5,8.0,\N,2017
15493,974,210,5.0,\N,2017
15494,974,3,2.0,\N,2017
15495,974,4,0.0,\N,2017
15496,974,10,0.0,\N,2017
15497,974,1,0.0,\N,2017
15498,974,15,0.0,\N,2017
15499,975,131,43.0,\N,2017
15500,975,9,15.0,\N,2017
15501,975,6,18.0,\N,2017
15502,975,10,18.0,\N,2017
15503,975,4,4.0,\N,2017
15504,975,3,2.0,\N,2017
15505,975,210,1.0,\N,2017
15506,975,15,0.0,\N,2017
15507,975,1,0.0,\N,2017
15508,975,5,0.0,\N,2017
15509,976,9,25.0,\N,2017
15510,976,131,28.0,\N,2017
15511,976,3,15.0,\N,2017
15512,976,6,12.0,\N,2017
15513,976,10,8.0,\N,2017
15514,976,210,6.0,\N,2017
15515,976,5,4.0,\N,2017
15516,976,1,2.0,\N,2017
15517,976,15,1.0,\N,2017
15518,976,4,0.0,\N,2017
15520,977,131,37.0,\N,2017
15521,977,6,28.0,\N,2017
15522,977,9,15.0,\N,2017
15523,977,210,8.0,\N,2017
15524,977,10,10.0,\N,2017
15525,977,3,3.0,\N,2017
15526,977,4,0.0,\N,2017
15527,977,1,0.0,\N,2017
15528,977,15,0.0,\N,2017
15529,977,5,0.0,\N,2017
15530,978,131,43.0,\N,2017
15531,978,6,21.0,\N,2017
15532,978,9,22.0,\N,2017
15533,978,4,8.0,\N,2017
15534,978,10,6.0,\N,2017
15535,978,3,1.0,\N,2017
15536,978,1,0.0,\N,2017
15537,978,210,0.0,\N,2017
15538,978,15,0.0,\N,2017
15539,978,5,0.0,\N,2017
15540,979,6,43.0,\N,2017
15541,979,131,27.0,\N,2017
15542,979,9,10.0,\N,2017
15543,979,1,9.0,\N,2017
15544,979,5,6.0,\N,2017
15545,979,10,6.0,\N,2017
15546,979,4,0.0,\N,2017
15547,979,210,0.0,\N,2017
15548,979,3,0.0,\N,2017
15549,979,15,0.0,\N,2017
15550,980,131,35.0,\N,2017
15551,980,6,30.0,\N,2017
15552,980,9,15.0,\N,2017
15553,980,4,8.0,\N,2017
15554,980,210,6.0,\N,2017
15555,980,3,4.0,\N,2017
15556,980,10,2.0,\N,2017
15557,980,5,1.0,\N,2017
15558,980,1,0.0,\N,2017
15559,980,15,0.0,\N,2017
15560,981,131,43.0,\N,2017
15561,981,6,25.0,\N,2017
15562,981,9,13.0,\N,2017
15563,981,10,10.0,\N,2017
15564,981,3,10.0,\N,2017
15565,981,210,0.0,\N,2017
15566,981,5,0.0,\N,2017
15567,981,4,0.0,\N,2017
15568,981,15,0.0,\N,2017
15569,981,1,0.0,\N,2017
15570,982,131,40.0,\N,2017
15571,982,9,18.0,\N,2017
15572,982,5,12.0,\N,2017
15573,982,10,11.0,\N,2017
15574,982,4,8.0,\N,2017
15575,982,1,6.0,\N,2017
15576,982,3,4.0,\N,2017
15577,982,210,2.0,\N,2017
15578,982,15,0.0,\N,2017
15579,982,6,0.0,\N,2017
15580,983,9,40.0,\N,2017
15581,983,131,28.0,\N,2017
15582,983,6,12.0,\N,2017
15583,983,10,9.0,\N,2017
15584,983,1,6.0,\N,2017
15585,983,3,6.0,\N,2017
15586,983,210,0.0,\N,2017
15587,983,5,0.0,\N,2017
15588,983,4,0.0,\N,2017
15589,983,15,0.0,\N,2017
15590,984,131,37.0,\N,2017
15591,984,9,33.0,\N,2017
15592,984,6,10.0,\N,2017
15593,984,10,14.0,\N,2017
15594,984,210,6.0,\N,2017
15595,984,3,1.0,\N,2017
15596,984,1,0.0,\N,2017
15597,984,4,0.0,\N,2017
15598,984,5,0.0,\N,2017
15599,984,15,0.0,\N,2017
15600,985,131,35.0,\N,2017
15601,985,6,33.0,\N,2017
15602,985,9,12.0,\N,2017
15603,985,10,12.0,\N,2017
15604,985,4,6.0,\N,2017
15605,985,3,2.0,\N,2017
15606,985,5,1.0,\N,2017
15607,985,1,0.0,\N,2017
15608,985,210,0.0,\N,2017
15609,985,15,0.0,\N,2017
15610,986,9,25.0,\N,2017
15611,986,131,20.0,\N,2017
15612,986,6,27.0,\N,2017
15613,986,10,16.0,\N,2017
15614,986,3,8.0,\N,2017
15615,986,210,4.0,\N,2017
15616,986,1,1.0,\N,2017
15617,986,5,0.0,\N,2017
15618,986,15,0.0,\N,2017
15619,986,4,0.0,\N,2017
15620,987,6,40.0,\N,2017
15621,987,131,30.0,\N,2017
15622,987,9,18.0,\N,2017
15623,987,3,6.0,\N,2017
15624,987,1,4.0,\N,2017
15625,987,10,2.0,\N,2017
15626,987,4,1.0,\N,2017
15627,987,5,0.0,\N,2017
15628,987,15,0.0,\N,2017
15629,987,210,0.0,\N,2017
15630,988,131,43.0,\N,2017
15631,988,6,27.0,\N,2017
15632,988,9,10.0,\N,2017
15633,988,4,8.0,\N,2017
15634,988,10,10.0,\N,2017
15635,988,1,2.0,\N,2017
15636,988,3,1.0,\N,2017
15637,988,210,0.0,\N,2017
15638,988,15,0.0,\N,2017
15639,988,5,0.0,\N,2017
15640,989,6,40.0,\N,2018
15641,989,131,22.0,\N,2018
15642,989,9,20.0,\N,2018
15643,989,1,12.0,\N,2018
15644,989,4,7.0,\N,2018
15645,989,10,0.0,\N,2018
15646,989,15,0.0,\N,2018
15647,989,3,0.0,\N,2018
15648,989,5,0.0,\N,2018
15649,989,210,0.0,\N,2018
15650,990,6,25.0,\N,2018
15651,990,131,33.0,\N,2018
15652,990,5,12.0,\N,2018
15653,990,210,10.0,\N,2018
15654,990,4,8.0,\N,2018
15655,990,1,10.0,\N,2018
15656,990,15,2.0,\N,2018
15657,990,10,1.0,\N,2018
15658,990,3,0.0,\N,2018
15659,990,9,0.0,\N,2018
15660,991,9,35.0,\N,2018
15661,991,131,30.0,\N,2018
15662,991,6,19.0,\N,2018
15663,991,4,10.0,\N,2018
15664,991,1,6.0,\N,2018
15665,991,210,1.0,\N,2018
15666,991,10,0.0,\N,2018
15667,991,3,0.0,\N,2018
15668,991,15,0.0,\N,2018
15669,991,5,0.0,\N,2018
15670,992,131,25.0,\N,2018
15671,992,6,30.0,\N,2018
15672,992,10,15.0,\N,2018
15673,992,4,10.0,\N,2018
15674,992,15,8.0,\N,2018
15675,992,1,8.0,\N,2018
15676,992,3,4.0,\N,2018
15677,992,5,1.0,\N,2018
15678,992,210,0.0,\N,2018
15679,992,9,0.0,\N,2018
15680,993,131,43.0,\N,2018
15681,993,9,25.0,\N,2018
15682,993,6,12.0,\N,2018
15683,993,210,8.0,\N,2018
15684,993,4,6.0,\N,2018
15685,993,1,4.0,\N,2018
15686,993,10,2.0,\N,2018
15687,993,15,1.0,\N,2018
15688,993,3,0.0,\N,2018
15689,993,5,0.0,\N,2018
15690,994,9,27.0,\N,2018
15691,994,6,30.0,\N,2018
15692,994,131,25.0,\N,2018
15693,994,10,8.0,\N,2018
15694,994,5,6.0,\N,2018
15695,994,4,5.0,\N,2018
15696,994,15,0.0,\N,2018
15697,994,210,0.0,\N,2018
15698,994,1,0.0,\N,2018
15699,994,3,0.0,\N,2018
15700,995,6,33.0,\N,2018
15701,995,131,28.0,\N,2018
15702,995,9,27.0,\N,2018
15703,995,4,10.0,\N,2018
15704,995,10,2.0,\N,2018
15705,995,15,1.0,\N,2018
15706,995,5,0.0,\N,2018
15707,995,210,0.0,\N,2018
15708,995,1,0.0,\N,2018
15709,995,3,0.0,\N,2018
15710,996,131,31.0,\N,2018
15711,996,9,30.0,\N,2018
15712,996,6,25.0,\N,2018
15713,996,210,8.0,\N,2018
15714,996,4,6.0,\N,2018
15715,996,15,1.0,\N,2018
15716,996,1,0.0,\N,2018
15717,996,5,0.0,\N,2018
15718,996,3,0.0,\N,2018
15719,996,10,0.0,\N,2018
15720,997,9,25.0,\N,2018
15721,997,6,33.0,\N,2018
15722,997,210,22.0,\N,2018
15723,997,10,14.0,\N,2018
15724,997,1,4.0,\N,2018
15725,997,15,3.0,\N,2018
15726,997,5,0.0,\N,2018
15727,997,4,0.0,\N,2018
15728,997,3,0.0,\N,2018
15729,997,131,0.0,\N,2018
15730,998,6,40.0,\N,2018
15731,998,131,30.0,\N,2018
15732,998,9,10.0,\N,2018
15733,998,4,8.0,\N,2018
15734,998,10,7.0,\N,2018
15735,998,1,4.0,\N,2018
15736,998,210,2.0,\N,2018
15737,998,3,0.0,\N,2018
15738,998,5,0.0,\N,2018
15739,998,15,0.0,\N,2018
15740,999,131,43.0,\N,2018
15741,999,6,15.0,\N,2018
15742,999,9,12.0,\N,2018
15743,999,4,10.0,\N,2018
15744,999,210,8.0,\N,2018
15745,999,10,10.0,\N,2018
15746,999,15,2.0,\N,2018
15747,999,5,1.0,\N,2018
15748,999,1,0.0,\N,2018
15749,999,3,0.0,\N,2018
15750,1000,131,35.0,\N,2018
15751,1000,6,33.0,\N,2018
15752,1000,9,12.0,\N,2018
15753,1000,5,8.0,\N,2018
15754,1000,210,7.0,\N,2018
15755,1000,1,4.0,\N,2018
15756,1000,4,2.0,\N,2018
15757,1000,10,0.0,\N,2018
15758,1000,15,0.0,\N,2018
15759,1000,3,0.0,\N,2018
15760,1001,6,25.0,\N,2018
15761,1001,131,30.0,\N,2018
15762,1001,9,15.0,\N,2018
15763,1001,10,18.0,\N,2018
15764,1001,210,10.0,\N,2018
15765,1001,5,2.0,\N,2018
15766,1001,15,1.0,\N,2018
15767,1001,4,0.0,\N,2018
15768,1001,3,0.0,\N,2018
15769,1001,1,0.0,\N,2018
15770,1002,131,40.0,\N,2018
15771,1002,6,30.0,\N,2018
15772,1002,9,10.0,\N,2018
15773,1002,210,0.0,\N,2018
15774,1002,10,14.0,\N,2018
15775,1002,4,4.0,\N,2018
15776,1002,3,3.0,\N,2018
15777,1002,15,0.0,\N,2018
15778,1002,1,0.0,\N,2018
15779,1002,5,0.0,\N,2018
15780,1003,131,37.0,\N,2018
15781,1003,9,26.0,\N,2018
15782,1003,6,25.0,\N,2018
15783,1003,1,6.0,\N,2018
15784,1003,4,5.0,\N,2018
15785,1003,15,2.0,\N,2018
15786,1003,5,0.0,\N,2018
15787,1003,3,0.0,\N,2018
15788,1003,210,0.0,\N,2018
15789,1003,10,0.0,\N,2018
15790,1004,131,43.0,\N,2018
15791,1004,6,27.0,\N,2018
15792,1004,9,18.0,\N,2018
15793,1004,15,6.0,\N,2018
15794,1004,210,4.0,\N,2018
15795,1004,10,3.0,\N,2018
15796,1004,4,0.0,\N,2018
15797,1004,1,0.0,\N,2018
15798,1004,3,0.0,\N,2018
15799,1004,5,0.0,\N,2018
15800,1005,131,43.0,\N,2018
15801,1005,9,27.0,\N,2018
15802,1005,6,18.0,\N,2018
15803,1005,10,8.0,\N,2018
15804,1005,210,4.0,\N,2018
15805,1005,4,1.0,\N,2018
15806,1005,5,0.0,\N,2018
15807,1005,15,0.0,\N,2018
15808,1005,1,0.0,\N,2018
15809,1005,3,0.0,\N,2018
15810,1006,6,37.0,\N,2018
15811,1006,9,18.0,\N,2018
15812,1006,131,25.0,\N,2018
15813,1006,4,14.0,\N,2018
15814,1006,10,4.0,\N,2018
15815,1006,210,0.0,\N,2018
15816,1006,5,2.0,\N,2018
15817,1006,15,1.0,\N,2018
15818,1006,1,0.0,\N,2018
15819,1006,3,0.0,\N,2018
15822,1007,131,22.0,\N,2018
15823,1007,4,8.0,\N,2018
15824,1007,15,8.0,\N,2018
15825,1007,1,4.0,\N,2018
15826,1007,5,1.0,\N,2018
15827,1007,10,0.0,\N,2018
15828,1007,3,0.0,\N,2018
15829,1007,210,0.0,\N,2018
15830,1008,131,35.0,\N,2018
15831,1008,9,30.0,\N,2018
15832,1008,6,23.0,\N,2018
15833,1008,15,6.0,\N,2018
15834,1008,210,6.0,\N,2018
15835,1008,10,1.0,\N,2018
15836,1008,5,0.0,\N,2018
15837,1008,4,0.0,\N,2018
15838,1008,1,0.0,\N,2018
15839,1008,3,0.0,\N,2018
15840,1009,131,35.0,\N,2018
15841,1009,6,18.0,\N,2018
15842,1009,9,27.0,\N,2018
15843,1009,4,8.0,\N,2018
15844,1009,15,6.0,\N,2018
15845,1009,10,4.0,\N,2018
15846,1009,210,3.0,\N,2018
15847,1009,1,0.0,\N,2018
15848,1009,5,0.0,\N,2018
15849,1009,3,0.0,\N,2018
