driverStandingsId,raceId,driverId,points,position,positionText,wins,year
68160,969,830,10.0,5,5,0,2017
68159,969,8,12.0,4,4,0,2017
68158,969,822,15.0,3,3,0,2017
68157,969,1,18.0,2,2,0,2017
68156,969,20,25.0,1,1,1,2017
65515,880,8,25.0,1,1,1,2013
65516,880,4,18.0,2,2,0,2013
65517,880,20,15.0,3,3,0,2013
65518,880,13,12.0,4,4,0,2013
65519,880,1,10.0,5,5,0,2013
65520,880,17,8.0,6,6,0,2013
65521,880,16,6.0,7,7,0,2013
65522,880,814,4.0,8,8,0,2013
65523,880,18,2.0,9,9,0,2013
65524,880,154,1.0,10,10,0,2013
65525,880,815,0.0,11,11,0,2013
65526,880,818,0.0,12,12,0,2013
65527,880,821,0.0,13,13,0,2013
65528,880,822,0.0,14,14,0,2013
65529,880,824,0.0,15,15,0,2013
65530,880,819,0.0,16,16,0,2013
65531,880,820,0.0,17,17,0,2013
65532,880,823,0.0,18,18,0,2013
65533,880,817,0.0,19,19,0,2013
65534,880,3,0.0,20,20,0,2013
65535,880,813,0.0,21,21,0,2013
65536,880,807,0.0,22,22,0,2013
65537,881,8,31.0,2,2,1,2013
65538,881,4,18.0,6,6,0,2013
65539,881,20,40.0,1,1,1,2013
65540,881,13,22.0,5,5,0,2013
65541,881,1,25.0,4,4,0,2013
65542,881,17,26.0,3,3,0,2013
65543,881,16,6.0,9,9,0,2013
65544,881,814,4.0,10,10,0,2013
65545,881,18,2.0,13,13,0,2013
65546,881,154,9.0,8,8,0,2013
65547,881,815,2.0,12,12,0,2013
65548,881,818,1.0,14,14,0,2013
65549,881,821,0.0,16,16,0,2013
65550,881,822,0.0,15,15,0,2013
65551,881,824,0.0,17,17,0,2013
65552,881,819,0.0,18,18,0,2013
65553,881,820,0.0,20,20,0,2013
65554,881,823,0.0,19,19,0,2013
65555,881,817,0.0,21,21,0,2013
65556,881,3,12.0,7,7,0,2013
65557,881,813,0.0,22,22,0,2013
65558,881,807,4.0,11,11,0,2013
65559,882,8,49.0,2,2,1,2013
65560,882,4,43.0,3,3,1,2013
65561,882,20,52.0,1,1,1,2013
65562,882,13,30.0,5,5,0,2013
65563,882,1,40.0,4,4,0,2013
65564,882,17,26.0,6,6,0,2013
65565,882,16,6.0,12,12,0,2013
65566,882,814,8.0,10,10,0,2013
65567,882,18,12.0,8,8,0,2013
65568,882,154,11.0,9,9,0,2013
65569,882,815,2.0,14,14,0,2013
65570,882,818,1.0,15,15,0,2013
65571,882,821,0.0,17,17,0,2013
65572,882,822,0.0,16,16,0,2013
65573,882,824,0.0,18,18,0,2013
65574,882,819,0.0,19,19,0,2013
65575,882,820,0.0,22,22,0,2013
65576,882,823,0.0,21,21,0,2013
65577,882,817,6.0,11,11,0,2013
65578,882,3,12.0,7,7,0,2013
65579,882,813,0.0,20,20,0,2013
65580,882,807,5.0,13,13,0,2013
65581,883,8,67.0,2,2,1,2013
65582,883,4,47.0,4,4,1,2013
65583,883,20,77.0,1,1,2,2013
65584,883,13,30.0,6,6,0,2013
65585,883,1,50.0,3,3,0,2013
65586,883,17,32.0,5,5,0,2013
65587,883,16,6.0,12,12,0,2013
65588,883,814,20.0,8,8,0,2013
65589,883,18,13.0,10,10,0,2013
65590,883,154,26.0,7,7,0,2013
65591,883,815,10.0,11,11,0,2013
65592,883,818,1.0,15,15,0,2013
65593,883,821,0.0,18,18,0,2013
65594,883,822,0.0,16,16,0,2013
65595,883,824,0.0,19,19,0,2013
65596,883,819,0.0,20,20,0,2013
65597,883,820,0.0,22,22,0,2013
65598,883,823,0.0,21,21,0,2013
65599,883,817,6.0,13,13,0,2013
65600,883,3,14.0,9,9,0,2013
65601,883,813,0.0,17,17,0,2013
65602,883,807,5.0,14,14,0,2013
65645,884,813,0.0,18,18,0,2013
65644,884,3,22.0,9,9,0,2013
65643,884,817,7.0,12,12,0,2013
65641,884,820,0.0,22,22,0,2013
65639,884,824,0.0,19,19,0,2013
65638,884,822,0.0,17,17,0,2013
65637,884,821,0.0,16,16,0,2013
65636,884,818,1.0,15,15,0,2013
65633,884,18,17.0,10,10,0,2013
65632,884,814,26.0,8,8,0,2013
65631,884,16,6.0,13,13,0,2013
65630,884,17,42.0,6,6,0,2013
65629,884,1,50.0,4,4,0,2013
65627,884,20,89.0,1,1,2,2013
65626,884,4,72.0,3,3,2,2013
65625,884,8,85.0,2,2,1,2013
65646,884,807,5.0,14,14,0,2013
65642,884,823,0.0,21,21,0,2013
65640,884,819,0.0,20,20,0,2013
65635,884,815,12.0,11,11,0,2013
65634,884,154,26.0,7,7,0,2013
65628,884,13,45.0,5,5,0,2013
65647,885,8,86.0,2,2,1,2013
65648,885,4,78.0,3,3,2,2013
65649,885,20,107.0,1,1,2,2013
65650,885,13,45.0,7,7,0,2013
65651,885,1,62.0,4,4,0,2013
65652,885,17,57.0,5,5,0,2013
65653,885,16,16.0,11,11,0,2013
65654,885,814,28.0,8,8,0,2013
65655,885,18,25.0,10,10,0,2013
65656,885,154,26.0,9,9,0,2013
65657,885,815,12.0,12,12,0,2013
65658,885,818,5.0,15,15,0,2013
65659,885,821,0.0,16,16,0,2013
65660,885,822,0.0,17,17,0,2013
65661,885,824,0.0,19,19,0,2013
65662,885,819,0.0,20,20,0,2013
65663,885,820,0.0,21,21,0,2013
65664,885,823,0.0,22,22,0,2013
65665,885,817,7.0,13,13,0,2013
65666,885,3,47.0,6,6,1,2013
65667,885,813,0.0,18,18,0,2013
65668,885,807,5.0,14,14,0,2013
65669,886,8,88.0,3,3,1,2013
65670,886,4,96.0,2,2,2,2013
65671,886,20,132.0,1,1,3,2013
65672,886,13,49.0,7,7,0,2013
65673,886,1,77.0,4,4,0,2013
65674,886,17,69.0,5,5,0,2013
65675,886,16,17.0,11,11,0,2013
65676,886,814,34.0,8,8,0,2013
65677,886,18,25.0,10,10,0,2013
65678,886,154,26.0,9,9,0,2013
65679,886,815,12.0,13,13,0,2013
65680,886,818,13.0,12,12,0,2013
65681,886,821,0.0,16,16,0,2013
65682,886,822,0.0,17,17,0,2013
65683,886,824,0.0,19,19,0,2013
65684,886,819,0.0,20,20,0,2013
65685,886,820,0.0,21,21,0,2013
65686,886,823,0.0,22,22,0,2013
65687,886,817,7.0,14,14,0,2013
65688,886,3,57.0,6,6,1,2013
65689,886,813,0.0,18,18,0,2013
65690,886,807,5.0,15,15,0,2013
65734,887,807,6.0,15,15,0,2013
65733,887,813,0.0,16,16,0,2013
65731,887,817,11.0,14,14,0,2013
65730,887,823,0.0,22,22,0,2013
65728,887,819,0.0,20,20,0,2013
65727,887,824,0.0,19,19,0,2013
65725,887,821,0.0,18,18,0,2013
65724,887,818,13.0,12,12,0,2013
65719,887,16,23.0,11,11,0,2013
65718,887,17,87.0,5,5,0,2013
65715,887,20,132.0,1,1,3,2013
65716,887,13,57.0,7,7,0,2013
65717,887,1,89.0,4,4,0,2013
65732,887,3,82.0,6,6,2,2013
65729,887,820,0.0,21,21,0,2013
65726,887,822,0.0,17,17,0,2013
65720,887,814,36.0,8,8,0,2013
65713,887,8,98.0,3,3,1,2013
65714,887,4,111.0,2,2,2,2013
65723,887,815,12.0,13,13,0,2013
65722,887,154,26.0,9,9,0,2013
65721,887,18,25.0,10,10,0,2013
65735,888,8,116.0,3,3,1,2013
65736,888,4,123.0,2,2,2,2013
65737,888,20,157.0,1,1,4,2013
65738,888,13,57.0,7,7,0,2013
65739,888,1,99.0,4,4,0,2013
65740,888,17,93.0,5,5,0,2013
65741,888,16,23.0,11,11,0,2013
65742,888,814,36.0,9,9,0,2013
65743,888,18,33.0,10,10,0,2013
65744,888,154,41.0,8,8,0,2013
65745,888,815,16.0,12,12,0,2013
65746,888,818,13.0,13,13,0,2013
65747,888,821,0.0,18,18,0,2013
65748,888,822,0.0,17,17,0,2013
65749,888,824,0.0,19,19,0,2013
65750,888,819,0.0,20,20,0,2013
65751,888,820,0.0,21,21,0,2013
65752,888,823,0.0,22,22,0,2013
65753,888,817,11.0,14,14,0,2013
65754,888,3,84.0,6,6,2,2013
65755,888,813,0.0,16,16,0,2013
65756,888,807,7.0,15,15,0,2013
65757,890,8,134.0,2,2,1,2013
65758,890,4,133.0,3,3,2,2013
65759,890,20,172.0,1,1,4,2013
65760,890,13,61.0,7,7,0,2013
65761,890,1,124.0,4,4,1,2013
65762,890,17,105.0,5,5,0,2013
65763,890,16,23.0,11,11,0,2013
65764,890,814,36.0,10,10,0,2013
65765,890,18,39.0,9,9,0,2013
65766,890,154,49.0,8,8,0,2013
65767,890,815,18.0,12,12,0,2013
65768,890,818,13.0,13,13,0,2013
65769,890,821,0.0,18,18,0,2013
65770,890,822,0.0,17,17,0,2013
65771,890,824,0.0,19,19,0,2013
65772,890,819,0.0,20,20,0,2013
65773,890,820,0.0,22,22,0,2013
65774,890,823,0.0,21,21,0,2013
65775,890,817,11.0,14,14,0,2013
65776,890,3,84.0,6,6,2,2013
65777,890,813,1.0,16,16,0,2013
65778,890,807,7.0,15,15,0,2013
65779,891,8,134.0,4,4,1,2013
65780,891,4,151.0,2,2,2,2013
65781,891,20,197.0,1,1,5,2013
65782,891,13,67.0,7,7,0,2013
65783,891,1,139.0,3,3,1,2013
65784,891,17,115.0,5,5,0,2013
65785,891,16,25.0,11,11,0,2013
65786,891,814,36.0,10,10,0,2013
65787,891,18,47.0,9,9,0,2013
65788,891,154,53.0,8,8,0,2013
65789,891,815,18.0,12,12,0,2013
65790,891,818,13.0,13,13,0,2013
65791,891,821,0.0,18,18,0,2013
65792,891,822,0.0,17,17,0,2013
65793,891,824,0.0,19,19,0,2013
65794,891,819,0.0,20,20,0,2013
65795,891,820,0.0,22,22,0,2013
65796,891,823,0.0,21,21,0,2013
65797,891,817,12.0,14,14,0,2013
65798,891,3,96.0,6,6,2,2013
65799,891,813,1.0,16,16,0,2013
65800,891,807,7.0,15,15,0,2013
65801,892,8,134.0,4,4,1,2013
65802,892,4,169.0,2,2,2,2013
65803,892,20,222.0,1,1,6,2013
65804,892,13,79.0,7,7,0,2013
65805,892,1,141.0,3,3,1,2013
65806,892,17,130.0,5,5,0,2013
65807,892,16,25.0,11,11,0,2013
65808,892,814,36.0,10,10,0,2013
65809,892,18,48.0,9,9,0,2013
65810,892,154,57.0,8,8,0,2013
65811,892,815,18.0,12,12,0,2013
65812,892,818,13.0,15,15,0,2013
65813,892,821,0.0,18,18,0,2013
65814,892,822,0.0,17,17,0,2013
65815,892,824,0.0,19,19,0,2013
65816,892,819,0.0,20,20,0,2013
65817,892,820,0.0,22,22,0,2013
65818,892,823,0.0,21,21,0,2013
65819,892,817,18.0,13,13,0,2013
65820,892,3,104.0,6,6,2,2013
65821,892,813,1.0,16,16,0,2013
65822,892,807,17.0,14,14,0,2013
65823,893,8,149.0,4,4,1,2013
65824,893,4,187.0,2,2,2,2013
65825,893,20,247.0,1,1,7,2013
65826,893,13,87.0,7,7,0,2013
65827,893,1,151.0,3,3,1,2013
65828,893,17,130.0,5,5,0,2013
65829,893,16,26.0,11,11,0,2013
65830,893,814,36.0,10,10,0,2013
65831,893,18,54.0,9,9,0,2013
65832,893,154,57.0,8,8,0,2013
65833,893,815,22.0,12,12,0,2013
65834,893,818,13.0,15,15,0,2013
65835,893,821,0.0,17,17,0,2013
65836,893,822,0.0,18,18,0,2013
65837,893,824,0.0,19,19,0,2013
65838,893,819,0.0,20,20,0,2013
65839,893,820,0.0,22,22,0,2013
65840,893,823,0.0,21,21,0,2013
65841,893,817,18.0,14,14,0,2013
65842,893,3,116.0,6,6,2,2013
65843,893,813,1.0,16,16,0,2013
65844,893,807,19.0,13,13,0,2013
65845,894,8,167.0,3,3,1,2013
65846,894,4,195.0,2,2,2,2013
65847,894,20,272.0,1,1,8,2013
65848,894,13,89.0,7,7,0,2013
65849,894,1,161.0,4,4,1,2013
65850,894,17,130.0,5,5,0,2013
65851,894,16,26.0,12,12,0,2013
65852,894,814,36.0,10,10,0,2013
65853,894,18,58.0,9,9,0,2013
65854,894,154,72.0,8,8,0,2013
65855,894,815,23.0,13,13,0,2013
65856,894,818,13.0,15,15,0,2013
65857,894,821,0.0,17,17,0,2013
65858,894,822,0.0,18,18,0,2013
65859,894,824,0.0,19,19,0,2013
65860,894,819,0.0,20,20,0,2013
65861,894,820,0.0,22,22,0,2013
65862,894,823,0.0,21,21,0,2013
65863,894,817,18.0,14,14,0,2013
65864,894,3,122.0,6,6,2,2013
65865,894,813,1.0,16,16,0,2013
65866,894,807,31.0,11,11,0,2013
65867,895,8,177.0,3,3,1,2013
65868,895,4,207.0,2,2,2,2013
65869,895,20,297.0,1,1,9,2013
65870,895,13,90.0,7,7,0,2013
65871,895,1,161.0,4,4,1,2013
65872,895,17,148.0,5,5,0,2013
65873,895,16,26.0,12,12,0,2013
65874,895,814,36.0,11,11,0,2013
65875,895,18,60.0,9,9,0,2013
65876,895,154,87.0,8,8,0,2013
65877,895,815,23.0,13,13,0,2013
65878,895,818,13.0,15,15,0,2013
65879,895,821,6.0,16,16,0,2013
65880,895,822,0.0,18,18,0,2013
65881,895,824,0.0,19,19,0,2013
65882,895,819,0.0,20,20,0,2013
65883,895,820,0.0,22,22,0,2013
65884,895,823,0.0,21,21,0,2013
65885,895,817,18.0,14,14,0,2013
65886,895,3,126.0,6,6,2,2013
65887,895,813,1.0,17,17,0,2013
65888,895,807,39.0,10,10,0,2013
65889,896,8,183.0,3,3,1,2013
65890,896,4,207.0,2,2,2,2013
65891,896,20,322.0,1,1,10,2013
65892,896,13,102.0,8,8,0,2013
65893,896,1,169.0,4,4,1,2013
65894,896,17,148.0,5,5,0,2013
65895,896,16,28.0,13,13,0,2013
65896,896,814,40.0,10,10,0,2013
65897,896,18,60.0,9,9,0,2013
65898,896,154,102.0,7,7,0,2013
65899,896,815,33.0,12,12,0,2013
65900,896,818,13.0,15,15,0,2013
65901,896,821,6.0,16,16,0,2013
65902,896,822,0.0,18,18,0,2013
65903,896,824,0.0,19,19,0,2013
65904,896,819,0.0,20,20,0,2013
65905,896,820,0.0,22,22,0,2013
65906,896,823,0.0,21,21,0,2013
65907,896,817,19.0,14,14,0,2013
65908,896,3,144.0,6,6,2,2013
65909,896,813,1.0,17,17,0,2013
65910,896,807,39.0,11,11,0,2013
65911,897,8,183.0,3,3,1,2013
65912,897,4,217.0,2,2,2,2013
65913,897,20,347.0,1,1,11,2013
65914,897,13,106.0,8,8,0,2013
65915,897,1,175.0,4,4,1,2013
65916,897,17,166.0,5,5,0,2013
65917,897,16,29.0,13,13,0,2013
65918,897,814,48.0,10,10,0,2013
65919,897,18,60.0,9,9,0,2013
65920,897,154,114.0,7,7,0,2013
65921,897,815,35.0,12,12,0,2013
65922,897,818,13.0,15,15,0,2013
65923,897,821,6.0,16,16,0,2013
65924,897,822,0.0,18,18,0,2013
65925,897,824,0.0,19,19,0,2013
65926,897,819,0.0,20,20,0,2013
65927,897,820,0.0,22,22,0,2013
65928,897,823,0.0,21,21,0,2013
65929,897,817,19.0,14,14,0,2013
65930,897,3,159.0,6,6,2,2013
65931,897,813,1.0,17,17,0,2013
65932,897,807,39.0,11,11,0,2013
65933,898,8,183.0,4,4,1,2013
65934,898,4,227.0,2,2,2,2013
65935,898,20,372.0,1,1,12,2013
65936,898,13,106.0,8,8,0,2013
65937,898,1,187.0,3,3,1,2013
65938,898,17,181.0,5,5,0,2013
65939,898,16,29.0,13,13,0,2013
65940,898,814,48.0,10,10,0,2013
65941,898,18,61.0,9,9,0,2013
65942,898,154,132.0,7,7,0,2013
65943,898,815,41.0,12,12,0,2013
65944,898,818,13.0,15,15,0,2013
65945,898,821,6.0,16,16,0,2013
65946,898,822,4.0,17,17,0,2013
65947,898,824,0.0,19,19,0,2013
65948,898,819,0.0,20,20,0,2013
65949,898,820,0.0,22,22,0,2013
65950,898,823,0.0,21,21,0,2013
65951,898,817,19.0,14,14,0,2013
65952,898,3,161.0,6,6,2,2013
65953,898,813,1.0,18,18,0,2013
65954,898,807,47.0,11,11,0,2013
65955,898,5,0.0,23,23,0,2013
65956,899,8,183.0,5,5,1,2013
65957,899,4,242.0,2,2,2,2013
65958,899,20,397.0,1,1,13,2013
65959,899,13,112.0,8,8,0,2013
65960,899,1,189.0,4,4,1,2013
65961,899,17,199.0,3,3,0,2013
65962,899,16,29.0,13,13,0,2013
65963,899,814,48.0,12,12,0,2013
65964,899,18,73.0,9,9,0,2013
65965,899,154,132.0,7,7,0,2013
65966,899,815,49.0,11,11,0,2013
65967,899,818,13.0,15,15,0,2013
65968,899,821,6.0,16,16,0,2013
65969,899,822,4.0,17,17,0,2013
65970,899,824,0.0,19,19,0,2013
65971,899,819,0.0,20,20,0,2013
65972,899,820,0.0,23,23,0,2013
65973,899,823,0.0,21,21,0,2013
65974,899,817,20.0,14,14,0,2013
65975,899,3,171.0,6,6,2,2013
65976,899,813,1.0,18,18,0,2013
65977,899,807,51.0,10,10,0,2013
65978,899,5,0.0,22,22,0,2013
66632,900,13,0.0,20,20,0,2014
66630,900,20,0.0,18,18,0,2014
66628,900,813,0.0,16,16,0,2014
66626,900,824,0.0,14,14,0,2014
66624,900,821,0.0,12,12,0,2014
66614,900,825,18.0,2,2,0,2014
66615,900,18,15.0,3,3,0,2014
66616,900,4,12.0,4,4,0,2014
66617,900,822,10.0,5,5,0,2014
66618,900,807,8.0,6,6,0,2014
66619,900,8,6.0,7,7,0,2014
66633,900,155,0.0,21,21,0,2014
66631,900,1,0.0,19,19,0,2014
66629,900,828,0.0,17,17,0,2014
66627,900,154,0.0,15,15,0,2014
66625,900,820,0.0,13,13,0,2014
66623,900,16,0.0,11,11,0,2014
66622,900,815,1.0,10,10,0,2014
66621,900,826,2.0,9,9,0,2014
66620,900,818,4.0,8,8,0,2014
66613,900,3,25.0,1,1,1,2014
66634,900,817,0.0,22,22,0,2014
66635,901,3,43.0,1,1,1,2014
66636,901,825,20.0,5,5,0,2014
66637,901,18,23.0,4,4,0,2014
66638,901,4,24.0,3,3,0,2014
66639,901,822,14.0,8,8,0,2014
66640,901,807,18.0,6,6,0,2014
66641,901,8,6.0,9,9,0,2014
66642,901,818,4.0,11,11,0,2014
66643,901,826,3.0,12,12,0,2014
66644,901,815,1.0,13,13,0,2014
66645,901,16,0.0,15,15,0,2014
66646,901,821,0.0,16,16,0,2014
66647,901,820,0.0,17,17,0,2014
66648,901,824,0.0,20,20,0,2014
66649,901,154,0.0,14,14,0,2014
66650,901,813,0.0,21,21,0,2014
66651,901,828,0.0,19,19,0,2014
66652,901,20,15.0,7,7,0,2014
66653,901,1,25.0,2,2,1,2014
66654,901,13,6.0,10,10,0,2014
66655,901,155,0.0,18,18,0,2014
66656,901,817,0.0,22,22,0,2014
66657,902,3,61.0,1,1,1,2014
66658,902,825,20.0,7,7,0,2014
66659,902,18,23.0,5,5,0,2014
66660,902,4,26.0,4,4,0,2014
66661,902,822,18.0,8,8,0,2014
66662,902,807,28.0,3,3,0,2014
66663,902,8,7.0,12,12,0,2014
66664,902,818,4.0,13,13,0,2014
66665,902,826,3.0,14,14,0,2014
66666,902,815,16.0,9,9,0,2014
66667,902,16,0.0,16,16,0,2014
66668,902,821,0.0,17,17,0,2014
66669,902,820,0.0,18,18,0,2014
66670,902,824,0.0,22,22,0,2014
66671,902,154,0.0,15,15,0,2014
66672,902,813,0.0,20,20,0,2014
66673,902,828,0.0,21,21,0,2014
66674,902,20,23.0,6,6,0,2014
66675,902,1,50.0,2,2,2,2014
66676,902,13,12.0,11,11,0,2014
66677,902,155,0.0,19,19,0,2014
66678,902,817,12.0,10,10,0,2014
66679,903,3,79.0,1,1,1,2014
66680,903,825,20.0,9,9,0,2014
66681,903,18,23.0,8,8,0,2014
66682,903,4,41.0,3,3,0,2014
66683,903,822,24.0,7,7,0,2014
66684,903,807,36.0,4,4,0,2014
66685,903,8,11.0,12,12,0,2014
66686,903,818,4.0,13,13,0,2014
66687,903,826,4.0,14,14,0,2014
66688,903,815,18.0,10,10,0,2014
66689,903,16,0.0,16,16,0,2014
66690,903,821,0.0,17,17,0,2014
66691,903,820,0.0,18,18,0,2014
66692,903,824,0.0,22,22,0,2014
66693,903,154,0.0,15,15,0,2014
66694,903,813,0.0,20,20,0,2014
66695,903,828,0.0,21,21,0,2014
66696,903,20,33.0,5,5,0,2014
66697,903,1,75.0,2,2,3,2014
66698,903,13,12.0,11,11,0,2014
66699,903,155,0.0,19,19,0,2014
66700,903,817,24.0,6,6,0,2014
66701,904,3,97.0,2,2,1,2014
66702,904,825,20.0,9,9,0,2014
66703,904,18,23.0,8,8,0,2014
66704,904,4,49.0,3,3,0,2014
66705,904,822,34.0,7,7,0,2014
66706,904,807,37.0,6,6,0,2014
66707,904,8,17.0,11,11,0,2014
66708,904,818,4.0,14,14,0,2014
66709,904,826,4.0,15,15,0,2014
66710,904,815,20.0,10,10,0,2014
66711,904,16,0.0,16,16,0,2014
66712,904,821,0.0,17,17,0,2014
66713,904,820,0.0,18,18,0,2014
66714,904,824,0.0,22,22,0,2014
66715,904,154,4.0,13,13,0,2014
66716,904,813,0.0,20,20,0,2014
66717,904,828,0.0,21,21,0,2014
66718,904,20,45.0,4,4,0,2014
66719,904,1,100.0,1,1,4,2014
66720,904,13,12.0,12,12,0,2014
66721,904,155,0.0,19,19,0,2014
66722,904,817,39.0,5,5,0,2014
66723,905,3,122.0,1,1,2,2014
66724,905,825,21.0,9,9,0,2014
66725,905,18,31.0,8,8,0,2014
66726,905,4,61.0,3,3,0,2014
66727,905,822,34.0,7,7,0,2014
66728,905,807,47.0,5,5,0,2014
66729,905,8,17.0,12,12,0,2014
66730,905,818,4.0,14,14,0,2014
66731,905,826,4.0,15,15,0,2014
66732,905,815,20.0,10,10,0,2014
66733,905,16,0.0,18,18,0,2014
66734,905,821,0.0,19,19,0,2014
66735,905,820,0.0,20,20,0,2014
66736,905,824,2.0,16,16,0,2014
66737,905,154,8.0,13,13,0,2014
66738,905,813,0.0,22,22,0,2014
66739,905,828,0.0,17,17,0,2014
66740,905,20,45.0,6,6,0,2014
66741,905,1,118.0,2,2,4,2014
66742,905,13,18.0,11,11,0,2014
66743,905,155,0.0,21,21,0,2014
66744,905,817,54.0,4,4,0,2014
66745,906,3,140.0,1,1,2,2014
66746,906,825,23.0,9,9,0,2014
66747,906,18,43.0,7,7,0,2014
66748,906,4,69.0,4,4,0,2014
66749,906,822,40.0,8,8,0,2014
66750,906,807,57.0,6,6,0,2014
66751,906,8,18.0,12,12,0,2014
66752,906,818,8.0,14,14,0,2014
66753,906,826,4.0,15,15,0,2014
66754,906,815,20.0,10,10,0,2014
66755,906,16,0.0,17,17,0,2014
66756,906,821,0.0,19,19,0,2014
66757,906,820,0.0,20,20,0,2014
66758,906,824,2.0,16,16,0,2014
66759,906,154,8.0,13,13,0,2014
66760,906,813,0.0,22,22,0,2014
66761,906,828,0.0,18,18,0,2014
66762,906,20,60.0,5,5,0,2014
66763,906,1,118.0,2,2,4,2014
66764,906,13,18.0,11,11,0,2014
66765,906,155,0.0,21,21,0,2014
66766,906,817,79.0,3,3,1,2014
66767,907,3,165.0,1,1,3,2014
66768,907,825,29.0,10,10,0,2014
66769,907,18,43.0,8,8,0,2014
66770,907,4,79.0,4,4,0,2014
66771,907,822,55.0,7,7,0,2014
66772,907,807,59.0,6,6,0,2014
66773,907,8,19.0,12,12,0,2014
66774,907,818,8.0,14,14,0,2014
66775,907,826,4.0,15,15,0,2014
66776,907,815,28.0,11,11,0,2014
66777,907,16,0.0,17,17,0,2014
66778,907,821,0.0,20,20,0,2014
66779,907,820,0.0,21,21,0,2014
66780,907,824,2.0,16,16,0,2014
66781,907,154,8.0,13,13,0,2014
66782,907,813,0.0,19,19,0,2014
66783,907,828,0.0,18,18,0,2014
66784,907,20,60.0,5,5,0,2014
66785,907,1,136.0,2,2,4,2014
66786,907,13,30.0,9,9,0,2014
66787,907,155,0.0,22,22,0,2014
66788,907,817,83.0,3,3,1,2014
66789,908,3,165.0,1,1,3,2014
66790,908,825,35.0,9,9,0,2014
66791,908,18,55.0,8,8,0,2014
66792,908,4,87.0,4,4,0,2014
66793,908,822,73.0,5,5,0,2014
66794,908,807,63.0,7,7,0,2014
66795,908,8,19.0,12,12,0,2014
66796,908,818,9.0,13,13,0,2014
66797,908,826,6.0,15,15,0,2014
66798,908,815,28.0,11,11,0,2014
66799,908,16,0.0,17,17,0,2014
66800,908,821,0.0,20,20,0,2014
66801,908,820,0.0,21,21,0,2014
66802,908,824,2.0,16,16,0,2014
66803,908,154,8.0,14,14,0,2014
66804,908,813,0.0,19,19,0,2014
66805,908,828,0.0,18,18,0,2014
66806,908,20,70.0,6,6,0,2014
66807,908,1,161.0,2,2,5,2014
66808,908,13,30.0,10,10,0,2014
66809,908,155,0.0,22,22,0,2014
66810,908,817,98.0,3,3,1,2014
66811,909,3,190.0,1,1,4,2014
66812,909,825,37.0,9,9,0,2014
66813,909,18,59.0,8,8,0,2014
66814,909,4,97.0,4,4,0,2014
66815,909,822,91.0,5,5,0,2014
66816,909,807,69.0,7,7,0,2014
66817,909,8,19.0,12,12,0,2014
66818,909,818,9.0,13,13,0,2014
66819,909,826,6.0,15,15,0,2014
66820,909,815,29.0,11,11,0,2014
66821,909,16,0.0,17,17,0,2014
66822,909,821,0.0,20,20,0,2014
66823,909,820,0.0,21,21,0,2014
66824,909,824,2.0,16,16,0,2014
66825,909,154,8.0,14,14,0,2014
66826,909,813,0.0,19,19,0,2014
66827,909,828,0.0,18,18,0,2014
66828,909,20,82.0,6,6,0,2014
66829,909,1,176.0,2,2,5,2014
66830,909,13,30.0,10,10,0,2014
66831,909,155,0.0,22,22,0,2014
66832,909,817,106.0,3,3,1,2014
66833,910,3,202.0,1,1,4,2014
66834,910,825,37.0,10,10,0,2014
66835,910,18,60.0,8,8,0,2014
66836,910,4,115.0,4,4,0,2014
66837,910,822,95.0,5,5,0,2014
66838,910,807,69.0,7,7,0,2014
66839,910,8,27.0,12,12,0,2014
66840,910,818,11.0,13,13,0,2014
66841,910,826,6.0,15,15,0,2014
66842,910,815,29.0,11,11,0,2014
66843,910,16,0.0,17,17,0,2014
66844,910,821,0.0,20,20,0,2014
66845,910,820,0.0,21,21,0,2014
66846,910,824,2.0,16,16,0,2014
66847,910,154,8.0,14,14,0,2014
66848,910,813,0.0,19,19,0,2014
66849,910,828,0.0,18,18,0,2014
66850,910,20,88.0,6,6,0,2014
66851,910,1,191.0,2,2,5,2014
66852,910,13,40.0,9,9,0,2014
66853,910,155,0.0,22,22,0,2014
66854,910,817,131.0,3,3,2,2014
66855,911,3,220.0,1,1,4,2014
66856,911,825,37.0,11,11,0,2014
66857,911,18,68.0,8,8,0,2014
66858,911,4,121.0,4,4,0,2014
66859,911,822,110.0,5,5,0,2014
66860,911,807,70.0,7,7,0,2014
66861,911,8,39.0,10,10,0,2014
66862,911,818,11.0,13,13,0,2014
66863,911,826,8.0,15,15,0,2014
66864,911,815,33.0,12,12,0,2014
66865,911,16,0.0,17,17,0,2014
66866,911,821,0.0,20,20,0,2014
66867,911,820,0.0,21,21,0,2014
66868,911,824,2.0,16,16,0,2014
66869,911,154,8.0,14,14,0,2014
66870,911,813,0.0,19,19,0,2014
66871,911,828,0.0,18,18,0,2014
66872,911,20,98.0,6,6,0,2014
66873,911,1,191.0,2,2,5,2014
66874,911,13,40.0,9,9,0,2014
66875,911,155,0.0,22,22,0,2014
66876,911,817,156.0,3,3,3,2014
66877,911,827,0.0,23,23,0,2014
66878,912,3,238.0,1,1,4,2014
66879,912,825,38.0,12,12,0,2014
66880,912,18,72.0,7,7,0,2014
66881,912,4,121.0,5,5,0,2014
66882,912,822,122.0,4,4,0,2014
66883,912,807,70.0,8,8,0,2014
66884,912,8,41.0,10,10,0,2014
66885,912,818,11.0,13,13,0,2014
66886,912,826,8.0,15,15,0,2014
66887,912,815,39.0,11,11,0,2014
66888,912,16,0.0,17,17,0,2014
66889,912,821,0.0,20,20,0,2014
66890,912,820,0.0,21,21,0,2014
66891,912,824,2.0,16,16,0,2014
66892,912,154,8.0,14,14,0,2014
66893,912,813,0.0,19,19,0,2014
66894,912,828,0.0,18,18,0,2014
66895,912,20,106.0,6,6,0,2014
66896,912,1,216.0,2,2,6,2014
66897,912,13,55.0,9,9,0,2014
66898,912,155,0.0,22,22,0,2014
66899,912,817,166.0,3,3,3,2014
66900,912,827,0.0,23,23,0,2014
66901,913,3,238.0,2,2,4,2014
66902,913,825,39.0,12,12,0,2014
66903,913,18,72.0,7,7,0,2014
66904,913,4,133.0,4,4,0,2014
66905,913,822,122.0,6,6,0,2014
66906,913,807,72.0,8,8,0,2014
66907,913,8,45.0,11,11,0,2014
66908,913,818,19.0,13,13,0,2014
66909,913,826,8.0,15,15,0,2014
66910,913,815,45.0,10,10,0,2014
66911,913,16,0.0,17,17,0,2014
66912,913,821,0.0,20,20,0,2014
66913,913,820,0.0,21,21,0,2014
66914,913,824,2.0,16,16,0,2014
66915,913,154,8.0,14,14,0,2014
66916,913,813,0.0,19,19,0,2014
66917,913,828,0.0,18,18,0,2014
66918,913,20,124.0,5,5,0,2014
66919,913,1,241.0,1,1,7,2014
66920,913,13,65.0,9,9,0,2014
66921,913,155,0.0,22,22,0,2014
66922,913,817,181.0,3,3,3,2014
66923,913,827,0.0,23,23,0,2014
66924,914,3,256.0,2,2,4,2014
66925,914,825,39.0,12,12,0,2014
66926,914,18,82.0,7,7,0,2014
66927,914,4,133.0,5,5,0,2014
66928,914,822,130.0,6,6,0,2014
66929,914,807,76.0,8,8,0,2014
66930,914,8,45.0,11,11,0,2014
66931,914,818,21.0,13,13,0,2014
66932,914,826,8.0,15,15,0,2014
66933,914,815,46.0,10,10,0,2014
66934,914,16,0.0,17,17,0,2014
66935,914,821,0.0,20,20,0,2014
66936,914,820,0.0,21,21,0,2014
66937,914,824,2.0,16,16,0,2014
66938,914,154,8.0,14,14,0,2014
66939,914,813,0.0,19,19,0,2014
66940,914,828,0.0,18,18,0,2014
66941,914,20,139.0,4,4,0,2014
66942,914,1,266.0,1,1,8,2014
66943,914,13,71.0,9,9,0,2014
66944,914,155,0.0,22,22,0,2014
66945,914,817,193.0,3,3,3,2014
66946,914,827,0.0,23,23,0,2014
66947,915,3,274.0,2,2,4,2014
66948,915,825,49.0,10,10,0,2014
66949,915,18,94.0,7,7,0,2014
66950,915,4,141.0,6,6,0,2014
66951,915,822,145.0,4,4,0,2014
66952,915,807,76.0,8,8,0,2014
66953,915,8,47.0,12,12,0,2014
66954,915,818,21.0,13,13,0,2014
66955,915,826,8.0,15,15,0,2014
66956,915,815,47.0,11,11,0,2014
66957,915,16,0.0,17,17,0,2014
66958,915,821,0.0,20,20,0,2014
66959,915,820,0.0,21,21,0,2014
66960,915,824,2.0,16,16,0,2014
66961,915,154,8.0,14,14,0,2014
66962,915,813,0.0,19,19,0,2014
66963,915,828,0.0,18,18,0,2014
66964,915,20,143.0,5,5,0,2014
66965,915,1,291.0,1,1,9,2014
66966,915,13,71.0,9,9,0,2014
66967,915,155,0.0,22,22,0,2014
66968,915,817,199.0,3,3,3,2014
66969,915,827,0.0,23,23,0,2014
66970,916,3,292.0,2,2,4,2014
66971,916,825,53.0,10,10,0,2014
66972,916,18,94.0,7,7,0,2014
66973,916,4,149.0,6,6,0,2014
66974,916,822,155.0,4,4,0,2014
66975,916,807,76.0,9,9,0,2014
66976,916,8,47.0,12,12,0,2014
66977,916,818,22.0,13,13,0,2014
66978,916,826,8.0,15,15,0,2014
66979,916,815,47.0,11,11,0,2014
66980,916,16,0.0,18,18,0,2014
66981,916,821,0.0,20,20,0,2014
66982,916,820,0.0,21,21,0,2014
66983,916,824,2.0,17,17,0,2014
66984,916,154,8.0,14,14,0,2014
66985,916,813,2.0,16,16,0,2014
66986,916,828,0.0,19,19,0,2014
66987,916,20,149.0,5,5,0,2014
66988,916,1,316.0,1,1,10,2014
66989,916,13,83.0,8,8,0,2014
66990,916,155,0.0,22,22,0,2014
66991,916,817,214.0,3,3,3,2014
66992,916,827,0.0,23,23,0,2014
66993,917,3,317.0,2,2,5,2014
66994,917,825,55.0,10,10,0,2014
66995,917,18,106.0,7,7,0,2014
66996,917,4,157.0,5,5,0,2014
66997,917,822,156.0,6,6,0,2014
66998,917,807,80.0,9,9,0,2014
66999,917,8,53.0,11,11,0,2014
67000,917,818,22.0,13,13,0,2014
67001,917,826,8.0,15,15,0,2014
67002,917,815,47.0,12,12,0,2014
67003,917,16,0.0,18,18,0,2014
67004,917,821,0.0,20,20,0,2014
67005,917,820,0.0,21,21,0,2014
67006,917,824,2.0,17,17,0,2014
67007,917,154,8.0,14,14,0,2014
67008,917,813,2.0,16,16,0,2014
67009,917,828,0.0,19,19,0,2014
67010,917,20,159.0,4,4,0,2014
67011,917,1,334.0,1,1,10,2014
67012,917,13,98.0,8,8,0,2014
67013,917,155,0.0,22,22,0,2014
67014,917,817,214.0,3,3,3,2014
67015,917,827,0.0,23,23,0,2014
67016,918,3,317.0,2,2,5,2014
67017,918,825,55.0,11,11,0,2014
67018,918,18,126.0,8,8,0,2014
67019,918,4,161.0,6,6,0,2014
67020,918,822,186.0,4,4,0,2014
67021,918,807,96.0,9,9,0,2014
67022,918,8,55.0,12,12,0,2014
67023,918,818,22.0,13,13,0,2014
67024,918,826,8.0,15,15,0,2014
67025,918,815,59.0,10,10,0,2014
67026,918,16,0.0,18,18,0,2014
67027,918,821,0.0,20,20,0,2014
67028,918,820,0.0,21,21,0,2014
67029,918,824,2.0,17,17,0,2014
67030,918,154,8.0,14,14,0,2014
67031,918,813,2.0,16,16,0,2014
67032,918,828,0.0,19,19,0,2014
67033,918,20,167.0,5,5,0,2014
67034,918,1,384.0,1,1,11,2014
67035,918,13,134.0,7,7,0,2014
67036,918,155,0.0,22,22,0,2014
67037,918,817,238.0,3,3,3,2014
67038,918,827,0.0,24,24,0,2014
67039,918,829,0.0,23,23,0,2014
67203,933,3,159.0,2,2,3,2015
67201,926,822,0.0,18,18,0,2015
67199,926,826,0.0,16,16,0,2015
67197,926,154,0.0,14,14,0,2015
67195,926,8,0.0,12,12,0,2015
67202,933,1,169.0,1,1,4,2015
67200,926,825,0.0,17,17,0,2015
67198,926,813,0.0,15,15,0,2015
67196,926,830,0.0,13,13,0,2015
67194,926,18,0.0,11,11,0,2015
67193,926,815,1.0,10,10,0,2015
67192,926,832,2.0,9,9,0,2015
67191,926,828,4.0,8,8,0,2015
67190,926,807,6.0,7,7,0,2015
67189,926,817,8.0,6,6,0,2015
67188,926,831,10.0,5,5,0,2015
67187,926,13,12.0,4,4,0,2015
67186,926,20,15.0,3,3,0,2015
67185,926,3,18.0,2,2,0,2015
67184,926,1,25.0,1,1,1,2015
67058,927,1,43.0,1,1,1,2015
67059,927,3,33.0,3,3,0,2015
67060,927,20,40.0,2,2,1,2015
67061,927,13,20.0,4,4,0,2015
67062,927,831,10.0,6,6,0,2015
67063,927,817,9.0,8,8,0,2015
67064,927,807,6.0,9,9,0,2015
67065,927,828,4.0,12,12,0,2015
67066,927,832,6.0,11,11,0,2015
67067,927,815,1.0,14,14,0,2015
67068,927,18,0.0,16,16,0,2015
67069,927,8,12.0,5,5,0,2015
67070,927,830,6.0,10,10,0,2015
67071,927,154,0.0,15,15,0,2015
67072,927,813,0.0,18,18,0,2015
67073,927,826,2.0,13,13,0,2015
67074,927,825,0.0,19,19,0,2015
67075,927,822,10.0,7,7,0,2015
67076,927,833,0.0,17,17,0,2015
67077,927,4,0.0,20,20,0,2015
67078,927,829,0.0,21,21,0,2015
67079,928,1,68.0,1,1,2,2015
67080,928,3,51.0,3,3,0,2015
67081,928,20,55.0,2,2,1,2015
67082,928,13,30.0,4,4,0,2015
67083,928,831,14.0,7,7,0,2015
67084,928,817,11.0,8,8,0,2015
67085,928,807,6.0,10,10,0,2015
67086,928,828,5.0,13,13,0,2015
67087,928,832,6.0,12,12,0,2015
67088,928,815,1.0,15,15,0,2015
67089,928,18,0.0,16,16,0,2015
67090,928,8,24.0,5,5,0,2015
67091,928,830,6.0,11,11,0,2015
67092,928,154,6.0,9,9,0,2015
67093,928,813,0.0,20,20,0,2015
67094,928,826,2.0,14,14,0,2015
67095,928,825,0.0,21,21,0,2015
67096,928,822,18.0,6,6,0,2015
67097,928,833,0.0,18,18,0,2015
67098,928,4,0.0,17,17,0,2015
67099,928,829,0.0,19,19,0,2015
67100,929,1,93.0,1,1,3,2015
67101,929,3,66.0,2,2,0,2015
67102,929,20,65.0,3,3,1,2015
67103,929,13,31.0,5,5,0,2015
67104,929,831,14.0,8,8,0,2015
67105,929,817,19.0,7,7,0,2015
67106,929,807,6.0,10,10,0,2015
67107,929,828,5.0,14,14,0,2015
67108,929,832,6.0,12,12,0,2015
67109,929,815,5.0,13,13,0,2015
67110,929,18,0.0,17,17,0,2015
67111,929,8,42.0,4,4,0,2015
67112,929,830,6.0,11,11,0,2015
67113,929,154,12.0,9,9,0,2015
67114,929,813,0.0,20,20,0,2015
67115,929,826,4.0,15,15,0,2015
67116,929,825,0.0,21,21,0,2015
67117,929,822,30.0,6,6,0,2015
67118,929,833,0.0,18,18,0,2015
67119,929,4,0.0,16,16,0,2015
67120,929,829,0.0,19,19,0,2015
67121,930,1,111.0,1,1,3,2015
67122,930,3,91.0,2,2,1,2015
67123,930,20,80.0,3,3,1,2015
67124,930,13,39.0,6,6,0,2015
67125,930,831,14.0,9,9,0,2015
67126,930,817,25.0,7,7,0,2015
67127,930,807,6.0,12,12,0,2015
67128,930,828,5.0,14,14,0,2015
67129,930,832,8.0,10,10,0,2015
67130,930,815,5.0,13,13,0,2015
67131,930,18,0.0,17,17,0,2015
67132,930,8,52.0,4,4,0,2015
67133,930,830,6.0,11,11,0,2015
67134,930,154,16.0,8,8,0,2015
67135,930,813,0.0,20,20,0,2015
67136,930,826,5.0,15,15,0,2015
67137,930,825,0.0,21,21,0,2015
67138,930,822,42.0,5,5,0,2015
67139,930,833,0.0,18,18,0,2015
67140,930,4,0.0,16,16,0,2015
67141,930,829,0.0,19,19,0,2015
67142,931,1,126.0,1,1,3,2015
67143,931,3,116.0,2,2,2,2015
67144,931,20,98.0,3,3,1,2015
67145,931,13,39.0,6,6,0,2015
67146,931,831,16.0,9,9,0,2015
67147,931,817,35.0,7,7,0,2015
67148,931,807,6.0,13,13,0,2015
67149,931,828,5.0,15,15,0,2015
67150,931,832,9.0,12,12,0,2015
67151,931,815,11.0,11,11,0,2015
67152,931,18,4.0,16,16,0,2015
67153,931,8,60.0,4,4,0,2015
67154,931,830,6.0,14,14,0,2015
67155,931,154,16.0,10,10,0,2015
67156,931,813,0.0,20,20,0,2015
67157,931,826,17.0,8,8,0,2015
67158,931,825,0.0,21,21,0,2015
67159,931,822,42.0,5,5,0,2015
67160,931,833,0.0,18,18,0,2015
67161,931,4,0.0,17,17,0,2015
67162,931,829,0.0,19,19,0,2015
67163,932,1,151.0,1,1,4,2015
67164,932,3,134.0,2,2,2,2015
67165,932,20,108.0,3,3,1,2015
67166,932,13,47.0,6,6,0,2015
67167,932,831,16.0,10,10,0,2015
67168,932,817,35.0,7,7,0,2015
67169,932,807,10.0,12,12,0,2015
67170,932,828,5.0,16,16,0,2015
67171,932,832,9.0,13,13,0,2015
67172,932,815,11.0,11,11,0,2015
67173,932,18,4.0,17,17,0,2015
67174,932,8,72.0,4,4,0,2015
67175,932,830,6.0,14,14,0,2015
67176,932,154,17.0,9,9,0,2015
67177,932,813,6.0,15,15,0,2015
67178,932,826,19.0,8,8,0,2015
67179,932,825,0.0,21,21,0,2015
67180,932,822,57.0,5,5,0,2015
67181,932,833,0.0,19,19,0,2015
67182,932,4,0.0,18,18,0,2015
67183,932,829,0.0,20,20,0,2015
67204,933,20,120.0,3,3,1,2015
67205,933,13,62.0,6,6,0,2015
67206,933,831,16.0,11,11,0,2015
67207,933,817,36.0,7,7,0,2015
67208,933,807,18.0,9,9,0,2015
67209,933,828,5.0,16,16,0,2015
67210,933,832,9.0,15,15,0,2015
67211,933,815,13.0,12,12,0,2015
67212,933,18,4.0,17,17,0,2015
67213,933,8,72.0,4,4,0,2015
67214,933,830,10.0,14,14,0,2015
67215,933,154,17.0,10,10,0,2015
67216,933,813,12.0,13,13,0,2015
67217,933,826,19.0,8,8,0,2015
67218,933,825,0.0,21,21,0,2015
67219,933,822,67.0,5,5,0,2015
67220,933,833,0.0,19,19,0,2015
67221,933,4,0.0,18,18,0,2015
67222,933,829,0.0,20,20,0,2015
67223,934,1,194.0,1,1,5,2015
67224,934,3,177.0,2,2,3,2015
67225,934,20,135.0,3,3,1,2015
67226,934,13,74.0,6,6,0,2015
67227,934,831,16.0,11,11,0,2015
67228,934,817,36.0,7,7,0,2015
67229,934,807,24.0,9,9,0,2015
67230,934,828,5.0,16,16,0,2015
67231,934,832,9.0,15,15,0,2015
67232,934,815,15.0,12,12,0,2015
67233,934,18,4.0,17,17,0,2015
67234,934,8,76.0,5,5,0,2015
67235,934,830,10.0,14,14,0,2015
67236,934,154,17.0,10,10,0,2015
67237,934,813,12.0,13,13,0,2015
67238,934,826,27.0,8,8,0,2015
67239,934,825,0.0,21,21,0,2015
67240,934,822,77.0,4,4,0,2015
67241,934,833,0.0,19,19,0,2015
67242,934,4,1.0,18,18,0,2015
67243,934,829,0.0,20,20,0,2015
67244,936,1,202.0,1,1,5,2015
67245,936,3,181.0,2,2,3,2015
67246,936,20,160.0,3,3,2,2015
67247,936,13,74.0,6,6,0,2015
67248,936,831,16.0,12,12,0,2015
67249,936,817,51.0,7,7,0,2015
67250,936,807,24.0,9,9,0,2015
67251,936,828,6.0,18,18,0,2015
67252,936,832,9.0,16,16,0,2015
67253,936,815,15.0,13,13,0,2015
67254,936,18,6.0,17,17,0,2015
67255,936,8,76.0,5,5,0,2015
67256,936,830,22.0,11,11,0,2015
67257,936,154,23.0,10,10,0,2015
67258,936,813,12.0,14,14,0,2015
67259,936,826,45.0,8,8,0,2015
67260,936,825,0.0,21,21,0,2015
67261,936,822,77.0,4,4,0,2015
67262,936,833,0.0,19,19,0,2015
67263,936,4,11.0,15,15,0,2015
67264,936,829,0.0,20,20,0,2015
67265,937,1,227.0,1,1,6,2015
67266,937,3,199.0,2,2,3,2015
67267,937,20,160.0,3,3,2,2015
67268,937,13,82.0,5,5,0,2015
67269,937,831,16.0,13,13,0,2015
67270,937,817,51.0,8,8,0,2015
67271,937,807,24.0,12,12,0,2015
67272,937,828,7.0,17,17,0,2015
67273,937,832,9.0,16,16,0,2015
67274,937,815,25.0,11,11,0,2015
67275,937,18,6.0,18,18,0,2015
67276,937,8,82.0,4,4,0,2015
67277,937,830,26.0,10,10,0,2015
67278,937,154,38.0,9,9,0,2015
67279,937,813,12.0,14,14,0,2015
67280,937,826,57.0,7,7,0,2015
67281,937,825,0.0,21,21,0,2015
67282,937,822,79.0,6,6,0,2015
67283,937,833,0.0,19,19,0,2015
67284,937,4,11.0,15,15,0,2015
67285,937,829,0.0,20,20,0,2015
67286,938,1,252.0,1,1,7,2015
67287,938,3,199.0,2,2,3,2015
67288,938,20,178.0,3,3,2,2015
67289,938,13,97.0,4,4,0,2015
67290,938,831,16.0,13,13,0,2015
67291,938,817,55.0,8,8,0,2015
67292,938,807,30.0,11,11,0,2015
67293,938,828,9.0,17,17,0,2015
67294,938,832,9.0,16,16,0,2015
67295,938,815,33.0,10,10,0,2015
67296,938,18,6.0,18,18,0,2015
67297,938,8,92.0,5,5,0,2015
67298,938,830,26.0,12,12,0,2015
67299,938,154,38.0,9,9,0,2015
67300,938,813,12.0,14,14,0,2015
67301,938,826,58.0,7,7,0,2015
67302,938,825,0.0,21,21,0,2015
67303,938,822,91.0,6,6,0,2015
67304,938,833,0.0,19,19,0,2015
67305,938,4,11.0,15,15,0,2015
67306,938,829,0.0,20,20,0,2015
67307,939,1,252.0,1,1,7,2015
67308,939,3,211.0,2,2,3,2015
67309,939,20,203.0,3,3,3,2015
67310,939,13,97.0,6,6,0,2015
67311,939,831,17.0,13,13,0,2015
67312,939,817,73.0,7,7,0,2015
67313,939,807,30.0,12,12,0,2015
67314,939,828,9.0,17,17,0,2015
67315,939,832,11.0,16,16,0,2015
67316,939,815,39.0,9,9,0,2015
67317,939,18,6.0,18,18,0,2015
67318,939,8,107.0,4,4,0,2015
67319,939,830,30.0,11,11,0,2015
67320,939,154,38.0,10,10,0,2015
67321,939,813,12.0,14,14,0,2015
67322,939,826,66.0,8,8,0,2015
67323,939,825,0.0,22,22,0,2015
67324,939,822,101.0,5,5,0,2015
67325,939,833,0.0,19,19,0,2015
67326,939,4,11.0,15,15,0,2015
67327,939,829,0.0,20,20,0,2015
67328,939,834,0.0,21,21,0,2015
67372,940,834,0.0,21,21,0,2015
67371,940,829,0.0,20,20,0,2015
67370,940,4,11.0,16,16,0,2015
67368,940,822,111.0,5,5,0,2015
67366,940,826,66.0,8,8,0,2015
67365,940,813,16.0,14,14,0,2015
67364,940,154,44.0,9,9,0,2015
67363,940,830,32.0,12,12,0,2015
67359,940,832,12.0,15,15,0,2015
67358,940,828,9.0,17,17,0,2015
67355,940,831,17.0,13,13,0,2015
67352,940,3,229.0,2,2,3,2015
67367,940,825,0.0,22,22,0,2015
67357,940,807,38.0,11,11,0,2015
67360,940,815,39.0,10,10,0,2015
67361,940,18,6.0,18,18,0,2015
67362,940,8,119.0,4,4,0,2015
67354,940,13,97.0,6,6,0,2015
67369,940,833,0.0,19,19,0,2015
67356,940,817,73.0,7,7,0,2015
67353,940,20,218.0,3,3,3,2015
67351,940,1,277.0,1,1,8,2015
67440,942,3,247.0,3,3,3,2015
67526,941,834,0.0,21,21,0,2015
67521,941,825,0.0,22,22,0,2015
67522,941,822,111.0,5,5,0,2015
67443,942,831,27.0,13,13,0,2015
67442,942,13,109.0,6,6,0,2015
67441,942,20,251.0,2,2,3,2015
67525,941,829,0.0,20,20,0,2015
67524,941,4,11.0,16,16,0,2015
67439,942,1,327.0,1,1,10,2015
67523,941,833,0.0,19,19,0,2015
67520,941,826,76.0,7,7,0,2015
67519,941,813,22.0,14,14,0,2015
67518,941,154,44.0,10,10,0,2015
67517,941,830,33.0,12,12,0,2015
67516,941,8,123.0,4,4,0,2015
67515,941,18,8.0,18,18,0,2015
67514,941,815,54.0,9,9,0,2015
67513,941,832,12.0,15,15,0,2015
67512,941,828,9.0,17,17,0,2015
67511,941,807,38.0,11,11,0,2015
67510,941,817,73.0,8,8,0,2015
67509,941,831,25.0,13,13,0,2015
67508,941,13,109.0,6,6,0,2015
67507,941,20,236.0,2,2,3,2015
67506,941,3,229.0,3,3,3,2015
67505,941,1,302.0,1,1,9,2015
67444,942,817,74.0,8,8,0,2015
67445,942,807,38.0,12,12,0,2015
67446,942,828,9.0,18,18,0,2015
67447,942,832,18.0,15,15,0,2015
67448,942,815,64.0,9,9,0,2015
67449,942,18,16.0,16,16,0,2015
67450,942,8,123.0,4,4,0,2015
67451,942,830,45.0,10,10,0,2015
67452,942,154,44.0,11,11,0,2015
67453,942,813,26.0,14,14,0,2015
67454,942,826,76.0,7,7,0,2015
67455,942,825,0.0,22,22,0,2015
67456,942,822,111.0,5,5,0,2015
67457,942,833,0.0,19,19,0,2015
67458,942,4,11.0,17,17,0,2015
67459,942,829,0.0,21,21,0,2015
67460,942,834,0.0,20,20,0,2015
67461,943,1,345.0,1,1,10,2015
67462,943,3,272.0,2,2,4,2015
67463,943,20,251.0,3,3,3,2015
67464,943,13,117.0,6,6,0,2015
67465,943,831,27.0,13,13,0,2015
67466,943,817,84.0,8,8,0,2015
67467,943,807,44.0,12,12,0,2015
67468,943,828,9.0,18,18,0,2015
67469,943,832,18.0,15,15,0,2015
67470,943,815,68.0,9,9,0,2015
67471,943,18,16.0,16,16,0,2015
67472,943,8,123.0,5,5,0,2015
67473,943,830,47.0,10,10,0,2015
67474,943,154,45.0,11,11,0,2015
67475,943,813,26.0,14,14,0,2015
67476,943,826,88.0,7,7,0,2015
67477,943,825,0.0,22,22,0,2015
67478,943,822,126.0,4,4,0,2015
67479,943,833,0.0,19,19,0,2015
67480,943,4,11.0,17,17,0,2015
67481,943,829,0.0,21,21,0,2015
67482,943,834,0.0,20,20,0,2015
67483,944,1,363.0,1,1,10,2015
67484,944,3,297.0,2,2,5,2015
67485,944,20,266.0,3,3,3,2015
67486,944,13,117.0,6,6,0,2015
67487,944,831,27.0,13,13,0,2015
67488,944,817,84.0,8,8,0,2015
67489,944,807,52.0,10,10,0,2015
67490,944,828,9.0,18,18,0,2015
67491,944,832,18.0,15,15,0,2015
67492,944,815,68.0,9,9,0,2015
67493,944,18,16.0,16,16,0,2015
67494,944,8,135.0,5,5,0,2015
67495,944,830,49.0,12,12,0,2015
67496,944,154,49.0,11,11,0,2015
67497,944,813,27.0,14,14,0,2015
67498,944,826,94.0,7,7,0,2015
67499,944,825,0.0,22,22,0,2015
67500,944,822,136.0,4,4,0,2015
67501,944,833,0.0,19,19,0,2015
67502,944,4,11.0,17,17,0,2015
67503,944,829,0.0,21,21,0,2015
67504,944,834,0.0,20,20,0,2015
67527,945,1,381.0,1,1,10,2015
67528,945,3,322.0,2,2,6,2015
67529,945,20,278.0,3,3,3,2015
67530,945,13,121.0,6,6,0,2015
67531,945,831,27.0,13,13,0,2015
67532,945,817,92.0,8,8,0,2015
67533,945,807,58.0,10,10,0,2015
67534,945,828,9.0,18,18,0,2015
67535,945,832,18.0,15,15,0,2015
67536,945,815,78.0,9,9,0,2015
67537,945,18,16.0,16,16,0,2015
67538,945,8,150.0,4,4,0,2015
67539,945,830,49.0,12,12,0,2015
67540,945,154,51.0,11,11,0,2015
67541,945,813,27.0,14,14,0,2015
67542,945,826,95.0,7,7,0,2015
67543,945,825,0.0,22,22,0,2015
67544,945,822,136.0,5,5,0,2015
67545,945,833,0.0,19,19,0,2015
67546,945,4,11.0,17,17,0,2015
67547,945,829,0.0,21,21,0,2015
67548,945,834,0.0,20,20,0,2015
67732,955,1,117.0,2,2,2,2016
67731,955,3,141.0,1,1,5,2016
68106,948,4,0.0,21,21,0,2016
68102,948,828,0.0,17,17,0,2016
68100,948,831,0.0,15,15,0,2016
68098,948,815,0.0,13,13,0,2016
68096,948,835,0.0,11,11,0,2016
68086,948,3,25.0,1,1,1,2016
68104,948,837,0.0,19,19,0,2016
68107,948,826,0.0,22,22,0,2016
68105,948,821,0.0,20,20,0,2016
68103,948,8,0.0,18,18,0,2016
68101,948,836,0.0,16,16,0,2016
68099,948,18,0.0,14,14,0,2016
68097,948,825,0.0,12,12,0,2016
68095,948,830,1.0,10,10,0,2016
68094,948,832,2.0,9,9,0,2016
68093,948,822,4.0,8,8,0,2016
68092,948,807,6.0,7,7,0,2016
68091,948,154,8.0,6,6,0,2016
68090,948,13,10.0,5,5,0,2016
68089,948,817,12.0,4,4,0,2016
68088,948,20,15.0,3,3,0,2016
68087,948,1,18.0,2,2,0,2016
67571,949,3,50.0,1,1,2,2016
67572,949,1,33.0,2,2,0,2016
67573,949,20,15.0,6,6,0,2016
67574,949,817,24.0,3,3,0,2016
67575,949,13,14.0,7,7,0,2016
67576,949,154,18.0,5,5,0,2016
67577,949,807,6.0,9,9,0,2016
67578,949,822,6.0,11,11,0,2016
67579,949,832,2.0,12,12,0,2016
67580,949,830,9.0,8,8,0,2016
67581,949,835,0.0,15,15,0,2016
67582,949,825,0.0,14,14,0,2016
67583,949,815,0.0,17,17,0,2016
67584,949,18,0.0,20,20,0,2016
67585,949,831,0.0,19,19,0,2016
67586,949,836,0.0,18,18,0,2016
67587,949,828,0.0,16,16,0,2016
67588,949,8,18.0,4,4,0,2016
67589,949,837,0.0,21,21,0,2016
67590,949,821,0.0,22,22,0,2016
67591,949,4,0.0,23,23,0,2016
67592,949,826,6.0,10,10,0,2016
67593,949,838,1.0,13,13,0,2016
67594,950,3,75.0,1,1,3,2016
67595,950,1,39.0,2,2,0,2016
67596,950,20,33.0,4,4,0,2016
67597,950,817,36.0,3,3,0,2016
67598,950,13,22.0,6,6,0,2016
67599,950,154,18.0,8,8,0,2016
67600,950,807,6.0,11,11,0,2016
67601,950,822,7.0,10,10,0,2016
67602,950,832,4.0,12,12,0,2016
67603,950,830,13.0,9,9,0,2016
67604,950,835,0.0,16,16,0,2016
67605,950,825,0.0,14,14,0,2016
67606,950,815,0.0,15,15,0,2016
67607,950,18,0.0,19,19,0,2016
67608,950,831,0.0,21,21,0,2016
67609,950,836,0.0,20,20,0,2016
67610,950,828,0.0,17,17,0,2016
67611,950,8,28.0,5,5,0,2016
67612,950,837,0.0,23,23,0,2016
67613,950,821,0.0,22,22,0,2016
67614,950,4,0.0,18,18,0,2016
67615,950,826,21.0,7,7,0,2016
67616,950,838,1.0,13,13,0,2016
67617,951,3,100.0,1,1,4,2016
67618,951,1,57.0,2,2,0,2016
67619,951,20,33.0,5,5,0,2016
67620,951,817,36.0,4,4,0,2016
67621,951,13,32.0,6,6,0,2016
67622,951,154,22.0,7,7,0,2016
67623,951,807,6.0,13,13,0,2016
67624,951,822,19.0,9,9,0,2016
67625,951,832,4.0,14,14,0,2016
67626,951,830,13.0,10,10,0,2016
67627,951,835,0.0,18,18,0,2016
67628,951,825,6.0,12,12,0,2016
67629,951,815,2.0,15,15,0,2016
67630,951,18,1.0,16,16,0,2016
67631,951,831,0.0,21,21,0,2016
67632,951,836,0.0,20,20,0,2016
67633,951,828,0.0,19,19,0,2016
67634,951,8,43.0,3,3,0,2016
67635,951,837,0.0,23,23,0,2016
67636,951,821,0.0,22,22,0,2016
67637,951,4,8.0,11,11,0,2016
67638,951,826,21.0,8,8,0,2016
67639,951,838,1.0,17,17,0,2016
67640,952,3,100.0,1,1,4,2016
67641,952,1,57.0,3,3,0,2016
67642,952,20,48.0,4,4,0,2016
67643,952,817,48.0,5,5,0,2016
67644,952,13,36.0,7,7,0,2016
67645,952,154,22.0,10,10,0,2016
67646,952,807,6.0,15,15,0,2016
67647,952,822,29.0,8,8,0,2016
67648,952,832,12.0,11,11,0,2016
67649,952,830,38.0,6,6,1,2016
67650,952,835,0.0,18,18,0,2016
67651,952,825,6.0,14,14,0,2016
67652,952,815,8.0,13,13,0,2016
67653,952,18,3.0,16,16,0,2016
67654,952,831,0.0,22,22,0,2016
67655,952,836,0.0,21,21,0,2016
67656,952,828,0.0,20,20,0,2016
67657,952,8,61.0,2,2,0,2016
67658,952,837,0.0,23,23,0,2016
67659,952,821,0.0,19,19,0,2016
67660,952,4,8.0,12,12,0,2016
67661,952,826,22.0,9,9,0,2016
67662,952,838,1.0,17,17,0,2016
67663,953,3,106.0,1,1,4,2016
67664,953,1,82.0,2,2,1,2016
67665,953,20,60.0,5,5,0,2016
67666,953,817,66.0,3,3,0,2016
67667,953,13,37.0,7,7,0,2016
67668,953,154,22.0,11,11,0,2016
67669,953,807,14.0,14,14,0,2016
67670,953,822,29.0,8,8,0,2016
67671,953,832,16.0,13,13,0,2016
67672,953,830,38.0,6,6,1,2016
67673,953,835,0.0,19,19,0,2016
67674,953,825,6.0,15,15,0,2016
67675,953,815,23.0,9,9,0,2016
67676,953,18,5.0,16,16,0,2016
67677,953,831,0.0,22,22,0,2016
67678,953,836,0.0,21,21,0,2016
67679,953,828,0.0,20,20,0,2016
67680,953,8,61.0,4,4,0,2016
67681,953,837,0.0,23,23,0,2016
67682,953,821,0.0,18,18,0,2016
67683,953,4,18.0,12,12,0,2016
67684,953,826,22.0,10,10,0,2016
67685,953,838,1.0,17,17,0,2016
67686,954,3,116.0,1,1,4,2016
67687,954,1,107.0,2,2,2,2016
67688,954,20,78.0,3,3,0,2016
67689,954,817,72.0,4,4,0,2016
67690,954,13,37.0,8,8,0,2016
67691,954,154,22.0,11,11,0,2016
67692,954,807,18.0,13,13,0,2016
67693,954,822,44.0,7,7,0,2016
67694,954,832,18.0,14,14,0,2016
67695,954,830,50.0,6,6,1,2016
67696,954,835,0.0,19,19,0,2016
67697,954,825,6.0,15,15,0,2016
67698,954,815,24.0,9,9,0,2016
67699,954,18,5.0,16,16,0,2016
67700,954,831,0.0,22,22,0,2016
67701,954,836,0.0,21,21,0,2016
67702,954,828,0.0,20,20,0,2016
67703,954,8,69.0,5,5,0,2016
67704,954,837,0.0,23,23,0,2016
67705,954,821,0.0,18,18,0,2016
67706,954,4,18.0,12,12,0,2016
67707,954,826,22.0,10,10,0,2016
67708,954,838,1.0,17,17,0,2016
67733,955,20,96.0,3,3,0,2016
67734,955,817,78.0,5,5,0,2016
67735,955,13,38.0,9,9,0,2016
67736,955,154,22.0,11,11,0,2016
67737,955,807,20.0,12,12,0,2016
67738,955,822,52.0,7,7,0,2016
67739,955,832,18.0,14,14,0,2016
67740,955,830,54.0,6,6,1,2016
67741,955,835,0.0,19,19,0,2016
67742,955,825,6.0,15,15,0,2016
67743,955,815,39.0,8,8,0,2016
67744,955,18,5.0,16,16,0,2016
67745,955,831,0.0,21,21,0,2016
67746,955,836,0.0,22,22,0,2016
67747,955,828,0.0,20,20,0,2016
67748,955,8,81.0,4,4,0,2016
67749,955,837,0.0,23,23,0,2016
67750,955,821,0.0,18,18,0,2016
67751,955,4,18.0,13,13,0,2016
67752,955,826,22.0,10,10,0,2016
67753,955,838,1.0,17,17,0,2016
67754,956,3,153.0,1,1,5,2016
67755,956,1,142.0,2,2,3,2016
67756,956,20,96.0,3,3,0,2016
67757,956,817,88.0,5,5,0,2016
67758,956,13,38.0,9,9,0,2016
67759,956,154,28.0,10,10,0,2016
67760,956,807,20.0,13,13,0,2016
67761,956,822,54.0,7,7,0,2016
67762,956,832,22.0,12,12,0,2016
67763,956,830,72.0,6,6,1,2016
67764,956,835,0.0,20,20,0,2016
67765,956,825,6.0,16,16,0,2016
67766,956,815,39.0,8,8,0,2016
67767,956,18,13.0,15,15,0,2016
67768,956,831,0.0,22,22,0,2016
67769,956,836,1.0,17,17,0,2016
67770,956,828,0.0,21,21,0,2016
67771,956,8,96.0,4,4,0,2016
67772,956,837,0.0,23,23,0,2016
67773,956,821,0.0,19,19,0,2016
67774,956,4,18.0,14,14,0,2016
67775,956,826,22.0,11,11,0,2016
67776,956,838,1.0,18,18,0,2016
67777,957,3,168.0,1,1,5,2016
67778,957,1,167.0,2,2,4,2016
67779,957,20,98.0,5,5,0,2016
67780,957,817,100.0,4,4,0,2016
67781,957,13,38.0,9,9,0,2016
67782,957,154,28.0,10,10,0,2016
67783,957,807,26.0,11,11,0,2016
67784,957,822,54.0,7,7,0,2016
67785,957,832,26.0,12,12,0,2016
67786,957,830,90.0,6,6,1,2016
67787,957,835,0.0,20,20,0,2016
67788,957,825,6.0,16,16,0,2016
67789,957,815,47.0,8,8,0,2016
67790,957,18,13.0,15,15,0,2016
67791,957,831,0.0,22,22,0,2016
67792,957,836,1.0,17,17,0,2016
67793,957,828,0.0,21,21,0,2016
67794,957,8,106.0,3,3,0,2016
67795,957,837,0.0,23,23,0,2016
67796,957,821,0.0,19,19,0,2016
67797,957,4,18.0,14,14,0,2016
67798,957,826,23.0,13,13,0,2016
67799,957,838,1.0,18,18,0,2016
67800,958,3,186.0,2,2,5,2016
67801,958,1,192.0,1,1,5,2016
67802,958,20,110.0,5,5,0,2016
67803,958,817,115.0,3,3,0,2016
67804,958,13,38.0,9,9,0,2016
67805,958,154,28.0,11,11,0,2016
67806,958,807,27.0,12,12,0,2016
67807,958,822,56.0,7,7,0,2016
67808,958,832,30.0,10,10,0,2016
67809,958,830,100.0,6,6,1,2016
67810,958,835,0.0,20,20,0,2016
67811,958,825,6.0,16,16,0,2016
67812,958,815,47.0,8,8,0,2016
67813,958,18,13.0,15,15,0,2016
67814,958,831,0.0,22,22,0,2016
67815,958,836,1.0,17,17,0,2016
67816,958,828,0.0,21,21,0,2016
67817,958,8,114.0,4,4,0,2016
67818,958,837,0.0,23,23,0,2016
67819,958,821,0.0,19,19,0,2016
67820,958,4,24.0,13,13,0,2016
67821,958,826,23.0,14,14,0,2016
67822,958,838,1.0,18,18,0,2016
67823,959,3,198.0,2,2,5,2016
67824,959,1,217.0,1,1,6,2016
67825,959,20,120.0,5,5,0,2016
67826,959,817,133.0,3,3,0,2016
67827,959,13,38.0,9,9,0,2016
67828,959,154,28.0,12,12,0,2016
67829,959,807,33.0,10,10,0,2016
67830,959,822,58.0,7,7,0,2016
67831,959,832,30.0,11,11,0,2016
67832,959,830,115.0,6,6,1,2016
67833,959,835,0.0,20,20,0,2016
67834,959,825,6.0,16,16,0,2016
67835,959,815,48.0,8,8,0,2016
67836,959,18,17.0,15,15,0,2016
67837,959,831,0.0,22,22,0,2016
67838,959,836,1.0,17,17,0,2016
67839,959,828,0.0,21,21,0,2016
67840,959,8,122.0,4,4,0,2016
67841,959,837,0.0,23,23,0,2016
67842,959,821,0.0,19,19,0,2016
67843,959,4,24.0,13,13,0,2016
67844,959,826,23.0,14,14,0,2016
67845,959,838,1.0,18,18,0,2016
67846,960,3,223.0,2,2,6,2016
67847,960,1,232.0,1,1,6,2016
67848,960,20,128.0,4,4,0,2016
67849,960,817,151.0,3,3,0,2016
67850,960,13,39.0,10,10,0,2016
67851,960,154,28.0,13,13,0,2016
67852,960,807,45.0,9,9,0,2016
67853,960,822,62.0,7,7,0,2016
67854,960,832,30.0,12,12,0,2016
67855,960,830,115.0,6,6,1,2016
67856,960,835,0.0,20,20,0,2016
67857,960,825,6.0,16,16,0,2016
67858,960,815,58.0,8,8,0,2016
67859,960,18,17.0,15,15,0,2016
67860,960,831,0.0,22,22,0,2016
67861,960,836,1.0,17,17,0,2016
67862,960,828,0.0,21,21,0,2016
67863,960,8,124.0,5,5,0,2016
67864,960,837,0.0,23,23,0,2016
67865,960,821,0.0,19,19,0,2016
67866,960,4,30.0,11,11,0,2016
67867,960,826,23.0,14,14,0,2016
67868,960,838,1.0,18,18,0,2016
67869,960,839,0.0,24,24,0,2016
67870,961,3,248.0,2,2,7,2016
67871,961,1,250.0,1,1,6,2016
67872,961,20,143.0,4,4,0,2016
67873,961,817,161.0,3,3,0,2016
67874,961,13,41.0,10,10,0,2016
67875,961,154,28.0,13,13,0,2016
67876,961,807,46.0,9,9,0,2016
67877,961,822,70.0,7,7,0,2016
67878,961,832,30.0,12,12,0,2016
67879,961,830,121.0,6,6,1,2016
67880,961,835,0.0,20,20,0,2016
67881,961,825,6.0,16,16,0,2016
67882,961,815,62.0,8,8,0,2016
67883,961,18,17.0,15,15,0,2016
67884,961,831,0.0,22,22,0,2016
67885,961,836,1.0,17,17,0,2016
67886,961,828,0.0,21,21,0,2016
67887,961,8,136.0,5,5,0,2016
67888,961,837,0.0,23,23,0,2016
67889,961,821,0.0,19,19,0,2016
67890,961,4,30.0,11,11,0,2016
67891,961,826,23.0,14,14,0,2016
67892,961,838,1.0,18,18,0,2016
67893,961,839,0.0,24,24,0,2016
67894,962,3,273.0,1,1,8,2016
67895,962,1,265.0,2,2,6,2016
67896,962,20,153.0,4,4,0,2016
67897,962,817,179.0,3,3,0,2016
67898,962,13,41.0,10,10,0,2016
67899,962,154,28.0,13,13,0,2016
67900,962,807,46.0,9,9,0,2016
67901,962,822,70.0,7,7,0,2016
67902,962,832,30.0,12,12,0,2016
67903,962,830,129.0,6,6,1,2016
67904,962,835,0.0,20,20,0,2016
67905,962,825,7.0,16,16,0,2016
67906,962,815,66.0,8,8,0,2016
67907,962,18,17.0,15,15,0,2016
67908,962,831,0.0,22,22,0,2016
67909,962,836,1.0,17,17,0,2016
67910,962,828,0.0,21,21,0,2016
67911,962,8,148.0,5,5,0,2016
67912,962,837,0.0,23,23,0,2016
67913,962,821,0.0,19,19,0,2016
67914,962,4,36.0,11,11,0,2016
67915,962,826,25.0,14,14,0,2016
67916,962,838,1.0,18,18,0,2016
67917,962,839,0.0,24,24,0,2016
67918,963,3,288.0,1,1,8,2016
67919,963,1,265.0,2,2,6,2016
67920,963,20,153.0,5,5,0,2016
67921,963,817,204.0,3,3,1,2016
67922,963,13,41.0,11,11,0,2016
67923,963,154,28.0,13,13,0,2016
67924,963,807,50.0,9,9,0,2016
67925,963,822,80.0,7,7,0,2016
67926,963,832,30.0,12,12,0,2016
67927,963,830,147.0,6,6,1,2016
67928,963,835,1.0,17,17,0,2016
67929,963,825,7.0,16,16,0,2016
67930,963,815,74.0,8,8,0,2016
67931,963,18,19.0,15,15,0,2016
67932,963,831,0.0,22,22,0,2016
67933,963,836,1.0,18,18,0,2016
67934,963,828,0.0,21,21,0,2016
67935,963,8,160.0,4,4,0,2016
67936,963,837,0.0,23,23,0,2016
67937,963,821,0.0,20,20,0,2016
67938,963,4,42.0,10,10,0,2016
67939,963,826,25.0,14,14,0,2016
67940,963,838,1.0,19,19,0,2016
67941,963,839,0.0,24,24,0,2016
67942,964,3,313.0,1,1,9,2016
67943,964,1,280.0,2,2,6,2016
67944,964,20,165.0,6,6,0,2016
67945,964,817,212.0,3,3,1,2016
67946,964,13,43.0,10,10,0,2016
67947,964,154,28.0,13,13,0,2016
67948,964,807,54.0,9,9,0,2016
67949,964,822,81.0,7,7,0,2016
67950,964,832,30.0,12,12,0,2016
67951,964,830,165.0,5,5,1,2016
67952,964,835,1.0,17,17,0,2016
67953,964,825,7.0,16,16,0,2016
67954,964,815,80.0,8,8,0,2016
67955,964,18,19.0,15,15,0,2016
67956,964,831,0.0,22,22,0,2016
67957,964,836,1.0,18,18,0,2016
67958,964,828,0.0,21,21,0,2016
67959,964,8,170.0,4,4,0,2016
67960,964,837,0.0,23,23,0,2016
67961,964,821,0.0,20,20,0,2016
67962,964,4,42.0,11,11,0,2016
67963,964,826,25.0,14,14,0,2016
67964,964,838,1.0,19,19,0,2016
67965,964,839,0.0,24,24,0,2016
68061,965,839,0.0,24,24,0,2016
68060,965,838,1.0,19,19,0,2016
68059,965,826,25.0,14,14,0,2016
68058,965,4,52.0,10,10,0,2016
68056,965,837,0.0,23,23,0,2016
68055,965,8,170.0,5,5,0,2016
68054,965,828,0.0,21,21,0,2016
68053,965,836,1.0,18,18,0,2016
68051,965,18,21.0,15,15,0,2016
68050,965,815,84.0,7,7,0,2016
68049,965,825,7.0,16,16,0,2016
68047,965,830,165.0,6,6,1,2016
68046,965,832,38.0,12,12,0,2016
68044,965,807,54.0,9,9,0,2016
68041,965,817,227.0,3,3,1,2016
68048,965,835,1.0,17,17,0,2016
68052,965,831,0.0,22,22,0,2016
68045,965,822,81.0,8,8,0,2016
68057,965,821,0.0,20,20,0,2016
68042,965,13,49.0,11,11,0,2016
68043,965,154,29.0,13,13,0,2016
68039,965,1,305.0,2,2,7,2016
68040,965,20,177.0,4,4,0,2016
68038,965,3,331.0,1,1,9,2016
68080,966,837,0.0,23,23,0,2016
68077,966,836,1.0,18,18,0,2016
68075,966,18,21.0,15,15,0,2016
68110,967,20,197.0,4,4,0,2016
68109,967,1,355.0,2,2,9,2016
68108,967,3,367.0,1,1,9,2016
68085,966,839,0.0,24,24,0,2016
68084,966,838,1.0,19,19,0,2016
68083,966,826,25.0,14,14,0,2016
68082,966,4,52.0,10,10,0,2016
68081,966,821,0.0,20,20,0,2016
68079,966,8,178.0,5,5,0,2016
68078,966,828,0.0,21,21,0,2016
68076,966,831,0.0,22,22,0,2016
68072,966,835,1.0,17,17,0,2016
68073,966,825,7.0,16,16,0,2016
68074,966,815,85.0,7,7,0,2016
68071,966,830,177.0,6,6,1,2016
68070,966,832,38.0,12,12,0,2016
68069,966,822,85.0,8,8,0,2016
68068,966,807,60.0,9,9,0,2016
68067,966,154,29.0,13,13,0,2016
68066,966,13,51.0,11,11,0,2016
68065,966,817,242.0,3,3,1,2016
68064,966,20,187.0,4,4,0,2016
68062,966,3,349.0,1,1,9,2016
68063,966,1,330.0,2,2,8,2016
68111,967,817,246.0,3,3,1,2016
68112,967,13,51.0,11,11,0,2016
68113,967,154,29.0,13,13,0,2016
68114,967,807,66.0,9,9,0,2016
68115,967,822,85.0,8,8,0,2016
68116,967,832,46.0,12,12,0,2016
68117,967,830,192.0,5,5,1,2016
68118,967,835,1.0,18,18,0,2016
68119,967,825,7.0,16,16,0,2016
68120,967,815,97.0,7,7,0,2016
68121,967,18,21.0,15,15,0,2016
68122,967,831,2.0,17,17,0,2016
68123,967,836,1.0,19,19,0,2016
68124,967,828,0.0,22,22,0,2016
68125,967,8,178.0,6,6,0,2016
68126,967,837,0.0,24,24,0,2016
68127,967,821,0.0,21,21,0,2016
68128,967,4,53.0,10,10,0,2016
68129,967,826,25.0,14,14,0,2016
68130,967,838,1.0,20,20,0,2016
68131,967,839,0.0,23,23,0,2016
68132,968,3,385.0,1,1,9,2016
68133,968,1,380.0,2,2,10,2016
68134,968,20,212.0,4,4,0,2016
68135,968,817,256.0,3,3,1,2016
68136,968,13,53.0,11,11,0,2016
68137,968,154,29.0,13,13,0,2016
68138,968,807,72.0,9,9,0,2016
68139,968,822,85.0,8,8,0,2016
68140,968,832,46.0,12,12,0,2016
68141,968,830,204.0,5,5,1,2016
68142,968,835,1.0,18,18,0,2016
68143,968,825,7.0,16,16,0,2016
68144,968,815,101.0,7,7,0,2016
68145,968,18,21.0,15,15,0,2016
68146,968,831,2.0,17,17,0,2016
68147,968,836,1.0,19,19,0,2016
68148,968,828,0.0,22,22,0,2016
68149,968,8,186.0,6,6,0,2016
68150,968,837,0.0,24,24,0,2016
68151,968,821,0.0,21,21,0,2016
68152,968,4,54.0,10,10,0,2016
68153,968,826,25.0,14,14,0,2016
68154,968,838,1.0,20,20,0,2016
68155,968,839,0.0,23,23,0,2016
68161,969,13,8.0,6,6,0,2017
68162,969,815,6.0,7,7,0,2017
68163,969,832,4.0,8,8,0,2017
68164,969,826,2.0,9,9,0,2017
68165,969,839,1.0,10,10,0,2017
68166,969,807,0.0,11,11,0,2017
68167,969,841,0.0,12,12,0,2017
68168,969,838,0.0,13,13,0,2017
68169,969,4,0.0,14,14,0,2017
68170,969,825,0.0,15,15,0,2017
68171,969,840,0.0,16,16,0,2017
68172,969,817,0.0,17,17,0,2017
68173,969,828,0.0,18,18,0,2017
68174,969,835,0.0,19,19,0,2017
68175,969,154,0.0,20,20,0,2017
68176,970,20,43.0,1,1,1,2017
68177,970,1,43.0,2,2,1,2017
68178,970,822,23.0,4,4,0,2017
68179,970,8,22.0,5,5,0,2017
68180,970,830,25.0,3,3,0,2017
68181,970,13,8.0,8,8,0,2017
68182,970,815,8.0,9,9,0,2017
68183,970,832,10.0,7,7,0,2017
68184,970,826,2.0,11,11,0,2017
68185,970,839,2.0,12,12,0,2017
68186,970,807,0.0,13,13,0,2017
68187,970,841,0.0,15,15,0,2017
68188,970,838,0.0,16,16,0,2017
68189,970,4,0.0,19,19,0,2017
68190,970,825,4.0,10,10,0,2017
68191,970,840,0.0,20,20,0,2017
68192,970,817,12.0,6,6,0,2017
68193,970,828,0.0,18,18,0,2017
68194,970,835,0.0,17,17,0,2017
68195,970,154,0.0,14,14,0,2017
68196,971,20,68.0,1,1,2,2017
68197,971,1,61.0,2,2,1,2017
68198,971,822,38.0,3,3,0,2017
68199,971,8,34.0,4,4,0,2017
68200,971,830,25.0,5,5,0,2017
68201,971,13,16.0,7,7,0,2017
68202,971,815,14.0,8,8,0,2017
68203,971,832,10.0,9,9,0,2017
68204,971,826,2.0,14,14,0,2017
68205,971,839,3.0,12,12,0,2017
68206,971,807,2.0,13,13,0,2017
68207,971,841,0.0,16,16,0,2017
68208,971,838,0.0,18,18,0,2017
68209,971,4,0.0,19,19,0,2017
68210,971,825,4.0,11,11,0,2017
68211,971,840,0.0,21,21,0,2017
68212,971,817,22.0,6,6,0,2017
68213,971,828,0.0,20,20,0,2017
68214,971,835,0.0,17,17,0,2017
68215,971,154,4.0,10,10,0,2017
68216,971,836,0.0,15,15,0,2017
68217,972,20,86.0,1,1,2,2017
68218,972,1,73.0,2,2,1,2017
68219,972,822,63.0,3,3,1,2017
68220,972,8,49.0,4,4,0,2017
68221,972,830,35.0,5,5,0,2017
68222,972,13,18.0,8,8,0,2017
68223,972,815,22.0,7,7,0,2017
68224,972,832,11.0,9,9,0,2017
68225,972,826,2.0,14,14,0,2017
68226,972,839,9.0,10,10,0,2017
68227,972,807,6.0,11,11,0,2017
68228,972,841,0.0,17,17,0,2017
68229,972,838,0.0,19,19,0,2017
68230,972,4,0.0,20,20,0,2017
68231,972,825,4.0,13,13,0,2017
68232,972,840,0.0,16,16,0,2017
68233,972,817,22.0,6,6,0,2017
68234,972,828,0.0,21,21,0,2017
68235,972,835,0.0,18,18,0,2017
68236,972,154,4.0,12,12,0,2017
68237,972,836,0.0,15,15,0,2017
68238,973,20,104.0,1,1,2,2017
68239,973,1,98.0,2,2,2,2017
68240,973,822,63.0,3,3,1,2017
68241,973,8,49.0,4,4,0,2017
68242,973,830,35.0,6,6,0,2017
68243,973,13,18.0,9,9,0,2017
68244,973,815,34.0,7,7,0,2017
68245,973,832,17.0,10,10,0,2017
68246,973,826,4.0,15,15,0,2017
68247,973,839,19.0,8,8,0,2017
68248,973,807,14.0,11,11,0,2017
68249,973,841,0.0,19,19,0,2017
68250,973,838,0.0,21,21,0,2017
68251,973,4,0.0,18,18,0,2017
68252,973,825,4.0,14,14,0,2017
68253,973,840,0.0,17,17,0,2017
68254,973,817,37.0,5,5,0,2017
68255,973,828,0.0,16,16,0,2017
68256,973,835,0.0,20,20,0,2017
68257,973,154,5.0,12,12,0,2017
68258,973,836,4.0,13,13,0,2017
68259,974,20,129.0,1,1,3,2017
68260,974,1,104.0,2,2,2,2017
68261,974,822,75.0,3,3,1,2017
68262,974,8,67.0,4,4,0,2017
68263,974,830,45.0,6,6,0,2017
68264,974,13,20.0,9,9,0,2017
68265,974,815,34.0,7,7,0,2017
68266,974,832,25.0,8,8,0,2017
68267,974,826,4.0,15,15,0,2017
68268,974,839,19.0,10,10,0,2017
68269,974,807,14.0,11,11,0,2017
68270,974,841,0.0,20,20,0,2017
68271,974,838,0.0,21,21,0,2017
68272,974,4,0.0,19,19,0,2017
68273,974,825,5.0,13,13,0,2017
68274,974,840,0.0,18,18,0,2017
68275,974,817,52.0,5,5,0,2017
68276,974,828,0.0,17,17,0,2017
68277,974,835,0.0,16,16,0,2017
68278,974,154,9.0,12,12,0,2017
68279,974,836,4.0,14,14,0,2017
68280,974,18,0.0,22,22,0,2017
68281,975,20,141.0,1,1,3,2017
68282,975,1,129.0,2,2,3,2017
68283,975,822,93.0,3,3,1,2017
68284,975,8,73.0,4,4,0,2017
68285,975,830,45.0,6,6,0,2017
68286,975,13,20.0,10,10,0,2017
68287,975,815,44.0,7,7,0,2017
68288,975,832,25.0,9,9,0,2017
68289,975,826,4.0,15,15,0,2017
68290,975,839,27.0,8,8,0,2017
68291,975,807,18.0,11,11,0,2017
68292,975,841,0.0,20,20,0,2017
68293,975,838,0.0,21,21,0,2017
68294,975,4,0.0,19,19,0,2017
68295,975,825,5.0,13,13,0,2017
68296,975,840,2.0,16,16,0,2017
68297,975,817,67.0,5,5,0,2017
68298,975,828,0.0,18,18,0,2017
68299,975,835,0.0,17,17,0,2017
68300,975,154,10.0,12,12,0,2017
68301,975,836,4.0,14,14,0,2017
68302,975,18,0.0,22,22,0,2017
68303,976,20,153.0,1,1,3,2017
68304,976,1,139.0,2,2,3,2017
68305,976,822,111.0,3,3,1,2017
68306,976,8,73.0,5,5,0,2017
68307,976,830,45.0,6,6,0,2017
68308,976,13,20.0,10,10,0,2017
68309,976,815,44.0,7,7,0,2017
68310,976,832,29.0,9,9,0,2017
68311,976,826,4.0,16,16,0,2017
68312,976,839,35.0,8,8,0,2017
68313,976,807,18.0,11,11,0,2017
68314,976,841,0.0,21,21,0,2017
68315,976,838,0.0,20,20,0,2017
68316,976,4,2.0,17,17,0,2017
68317,976,825,11.0,13,13,0,2017
68318,976,840,17.0,12,12,0,2017
68319,976,817,92.0,4,4,1,2017
68320,976,828,0.0,19,19,0,2017
68321,976,835,0.0,18,18,0,2017
68322,976,154,10.0,14,14,0,2017
68323,976,836,5.0,15,15,0,2017
68324,976,18,0.0,22,22,0,2017
68325,977,20,171.0,1,1,3,2017
68326,977,1,151.0,2,2,3,2017
68327,977,822,136.0,3,3,2,2017
68328,977,8,83.0,5,5,0,2017
68329,977,830,45.0,7,7,0,2017
68330,977,13,22.0,10,10,0,2017
68331,977,815,50.0,6,6,0,2017
68332,977,832,29.0,9,9,0,2017
68333,977,826,4.0,16,16,0,2017
68334,977,839,39.0,8,8,0,2017
68335,977,807,18.0,12,12,0,2017
68336,977,841,0.0,21,21,0,2017
68337,977,838,0.0,20,20,0,2017
68338,977,4,2.0,17,17,0,2017
68339,977,825,11.0,14,14,0,2017
68340,977,840,18.0,11,11,0,2017
68341,977,817,107.0,4,4,1,2017
68342,977,828,0.0,19,19,0,2017
68343,977,835,0.0,18,18,0,2017
68344,977,154,18.0,13,13,0,2017
68345,977,836,5.0,15,15,0,2017
68346,977,18,0.0,22,22,0,2017
68347,978,20,177.0,1,1,3,2017
68348,978,1,176.0,2,2,4,2017
68349,978,822,154.0,3,3,2,2017
68350,978,8,98.0,5,5,0,2017
68351,978,830,57.0,6,6,0,2017
68352,978,13,23.0,11,11,0,2017
68353,978,815,52.0,7,7,0,2017
68354,978,832,29.0,9,9,0,2017
68355,978,826,4.0,16,16,0,2017
68356,978,839,43.0,8,8,0,2017
68357,978,807,26.0,10,10,0,2017
68358,978,841,0.0,21,21,0,2017
68359,978,838,0.0,20,20,0,2017
68360,978,4,2.0,17,17,0,2017
68361,978,825,11.0,14,14,0,2017
68362,978,840,18.0,12,12,0,2017
68363,978,817,117.0,4,4,1,2017
68364,978,828,0.0,19,19,0,2017
68365,978,835,0.0,18,18,0,2017
68366,978,154,18.0,13,13,0,2017
68367,978,836,5.0,15,15,0,2017
68368,978,18,0.0,22,22,0,2017
68369,979,20,202.0,1,1,4,2017
68370,979,1,188.0,2,2,4,2017
68371,979,822,169.0,3,3,2,2017
68372,979,8,116.0,5,5,0,2017
68373,979,830,67.0,6,6,0,2017
68374,979,13,23.0,11,11,0,2017
68375,979,815,56.0,7,7,0,2017
68376,979,832,35.0,9,9,0,2017
68377,979,826,4.0,17,17,0,2017
68378,979,839,45.0,8,8,0,2017
68379,979,807,26.0,10,10,0,2017
68380,979,841,0.0,21,21,0,2017
68381,979,838,1.0,18,18,0,2017
68382,979,4,10.0,15,15,0,2017
68383,979,825,11.0,14,14,0,2017
68384,979,840,18.0,12,12,0,2017
68385,979,817,117.0,4,4,1,2017
68386,979,828,0.0,20,20,0,2017
68387,979,835,0.0,19,19,0,2017
68388,979,154,18.0,13,13,0,2017
68389,979,836,5.0,16,16,0,2017
68390,979,18,0.0,22,22,0,2017
68391,979,814,0.0,23,23,0,2017
68392,980,20,220.0,1,1,4,2017
68393,980,1,213.0,2,2,5,2017
68394,980,822,179.0,3,3,2,2017
68395,980,8,128.0,5,5,0,2017
68396,980,830,67.0,6,6,0,2017
68397,980,13,27.0,11,11,0,2017
68398,980,815,56.0,7,7,0,2017
68399,980,832,36.0,9,9,0,2017
68400,980,826,4.0,17,17,0,2017
68401,980,839,47.0,8,8,0,2017
68402,980,807,34.0,10,10,0,2017
68403,980,841,0.0,21,21,0,2017
68404,980,838,1.0,18,18,0,2017
68405,980,4,10.0,15,15,0,2017
68406,980,825,11.0,14,14,0,2017
68407,980,840,18.0,13,13,0,2017
68408,980,817,132.0,4,4,1,2017
68409,980,828,0.0,20,20,0,2017
68410,980,835,0.0,19,19,0,2017
68411,980,154,24.0,12,12,0,2017
68412,980,836,5.0,16,16,0,2017
68413,980,18,0.0,22,22,0,2017
68414,980,814,0.0,23,23,0,2017
68415,981,20,235.0,2,2,4,2017
68416,981,1,238.0,1,1,6,2017
68417,981,822,197.0,3,3,2,2017
68418,981,8,138.0,5,5,0,2017
68419,981,830,68.0,6,6,0,2017
68420,981,13,31.0,11,11,0,2017
68421,981,815,58.0,7,7,0,2017
68422,981,832,36.0,9,9,0,2017
68423,981,826,4.0,17,17,0,2017
68424,981,839,55.0,8,8,0,2017
68425,981,807,34.0,10,10,0,2017
68426,981,841,0.0,21,21,0,2017
68427,981,838,1.0,18,18,0,2017
68428,981,4,10.0,15,15,0,2017
68429,981,825,11.0,14,14,0,2017
68430,981,840,24.0,12,12,0,2017
68431,981,817,144.0,4,4,1,2017
68432,981,828,0.0,20,20,0,2017
68433,981,835,0.0,19,19,0,2017
68434,981,154,24.0,13,13,0,2017
68435,981,836,5.0,16,16,0,2017
68436,981,18,0.0,22,22,0,2017
68437,981,814,0.0,23,23,0,2017
68438,982,20,235.0,2,2,4,2017
68439,982,1,263.0,1,1,7,2017
68440,982,822,212.0,3,3,2,2017
68441,982,8,138.0,5,5,0,2017
68442,982,830,68.0,6,6,0,2017
68443,982,13,31.0,11,11,0,2017
68444,982,815,68.0,7,7,0,2017
68445,982,832,48.0,9,9,0,2017
68446,982,826,4.0,19,19,0,2017
68447,982,839,56.0,8,8,0,2017
68448,982,807,34.0,10,10,0,2017
68449,982,841,0.0,21,21,0,2017
68450,982,838,7.0,17,17,0,2017
68451,982,4,10.0,15,15,0,2017
68452,982,825,11.0,14,14,0,2017
68453,982,840,28.0,12,12,0,2017
68454,982,817,162.0,4,4,1,2017
68455,982,828,0.0,20,20,0,2017
68456,982,835,8.0,16,16,0,2017
68457,982,154,26.0,13,13,0,2017
68458,982,836,5.0,18,18,0,2017
68459,982,18,0.0,22,22,0,2017
68460,982,814,0.0,23,23,0,2017
68461,983,20,247.0,2,2,4,2017
68462,983,1,281.0,1,1,7,2017
68463,983,822,222.0,3,3,2,2017
68464,983,8,138.0,5,5,0,2017
68465,983,830,93.0,6,6,1,2017
68466,983,13,33.0,11,11,0,2017
68467,983,815,76.0,7,7,0,2017
68468,983,832,48.0,9,9,0,2017
68469,983,826,4.0,19,19,0,2017
68470,983,839,57.0,8,8,0,2017
68471,983,807,34.0,10,10,0,2017
68472,983,841,0.0,21,21,0,2017
68473,983,838,13.0,14,14,0,2017
68474,983,4,10.0,16,16,0,2017
68475,983,825,11.0,15,15,0,2017
68476,983,840,32.0,12,12,0,2017
68477,983,817,177.0,4,4,1,2017
68478,983,828,0.0,20,20,0,2017
68479,983,835,8.0,17,17,0,2017
68480,983,154,26.0,13,13,0,2017
68481,983,836,5.0,18,18,0,2017
68482,983,18,0.0,23,23,0,2017
68483,983,814,0.0,24,24,0,2017
68484,983,842,0.0,22,22,0,2017
68485,984,20,247.0,2,2,4,2017
68486,984,1,306.0,1,1,8,2017
68487,984,822,234.0,3,3,2,2017
68488,984,8,148.0,5,5,0,2017
68489,984,830,111.0,6,6,1,2017
68490,984,13,34.0,11,11,0,2017
68491,984,815,82.0,7,7,0,2017
68492,984,832,48.0,9,9,0,2017
68493,984,826,4.0,19,19,0,2017
68494,984,839,65.0,8,8,0,2017
68495,984,807,34.0,10,10,0,2017
68496,984,841,0.0,21,21,0,2017
68497,984,838,13.0,15,15,0,2017
68498,984,4,10.0,16,16,0,2017
68499,984,825,15.0,14,14,0,2017
68500,984,840,32.0,12,12,0,2017
68501,984,817,192.0,4,4,1,2017
68502,984,828,0.0,20,20,0,2017
68503,984,835,8.0,17,17,0,2017
68504,984,154,28.0,13,13,0,2017
68505,984,836,5.0,18,18,0,2017
68506,984,18,0.0,23,23,0,2017
68507,984,814,0.0,24,24,0,2017
68508,984,842,0.0,22,22,0,2017
68509,985,20,265.0,2,2,4,2017
68510,985,1,331.0,1,1,9,2017
68511,985,822,244.0,3,3,2,2017
68512,985,8,163.0,5,5,0,2017
68513,985,830,123.0,6,6,1,2017
68514,985,13,36.0,10,10,0,2017
68515,985,815,86.0,7,7,0,2017
68516,985,832,54.0,9,9,0,2017
68517,985,826,5.0,19,19,0,2017
68518,985,839,73.0,8,8,0,2017
68519,985,807,34.0,11,11,0,2017
68520,985,841,0.0,21,21,0,2017
68521,985,838,13.0,15,15,0,2017
68522,985,4,10.0,16,16,0,2017
68523,985,825,15.0,14,14,0,2017
68524,985,840,32.0,12,12,0,2017
68525,985,817,192.0,4,4,1,2017
68526,985,828,0.0,20,20,0,2017
68527,985,835,8.0,17,17,0,2017
68528,985,154,28.0,13,13,0,2017
68529,985,836,5.0,18,18,0,2017
68530,985,18,0.0,24,24,0,2017
68531,985,814,0.0,25,25,0,2017
68532,985,842,0.0,22,22,0,2017
68533,985,843,0.0,23,23,0,2017
68534,986,20,277.0,2,2,4,2017
68535,986,1,333.0,1,1,9,2017
68536,986,822,262.0,3,3,2,2017
68537,986,8,178.0,5,5,0,2017
68538,986,830,148.0,6,6,2,2017
68539,986,13,36.0,11,11,0,2017
68540,986,815,92.0,7,7,0,2017
68541,986,832,54.0,9,9,0,2017
68542,986,826,5.0,19,19,0,2017
68543,986,839,83.0,8,8,0,2017
68544,986,807,34.0,12,12,0,2017
68545,986,841,0.0,21,21,0,2017
68546,986,838,13.0,15,15,0,2017
68547,986,4,11.0,16,16,0,2017
68548,986,825,19.0,14,14,0,2017
68549,986,840,40.0,10,10,0,2017
68550,986,817,192.0,4,4,1,2017
68551,986,828,0.0,20,20,0,2017
68552,986,835,8.0,17,17,0,2017
68553,986,154,28.0,13,13,0,2017
68554,986,836,5.0,18,18,0,2017
68555,986,18,0.0,24,24,0,2017
68556,986,814,0.0,25,25,0,2017
68557,986,842,0.0,22,22,0,2017
68558,986,843,0.0,23,23,0,2017
68559,987,20,302.0,2,2,5,2017
68560,987,1,345.0,1,1,9,2017
68561,987,822,280.0,3,3,2,2017
68562,987,8,193.0,5,5,0,2017
68563,987,830,158.0,6,6,2,2017
68564,987,13,42.0,10,10,0,2017
68565,987,815,94.0,7,7,0,2017
68566,987,832,54.0,9,9,0,2017
68567,987,826,5.0,19,19,0,2017
68568,987,839,83.0,8,8,0,2017
68569,987,807,35.0,12,12,0,2017
68570,987,841,0.0,22,22,0,2017
68571,987,838,13.0,16,16,0,2017
68572,987,4,15.0,15,15,0,2017
68573,987,825,19.0,14,14,0,2017
68574,987,840,40.0,11,11,0,2017
68575,987,817,200.0,4,4,1,2017
68576,987,828,0.0,20,20,0,2017
68577,987,835,8.0,17,17,0,2017
68578,987,154,28.0,13,13,0,2017
68579,987,836,5.0,18,18,0,2017
68580,987,18,0.0,24,24,0,2017
68581,987,814,0.0,25,25,0,2017
68582,987,842,0.0,21,21,0,2017
68583,987,843,0.0,23,23,0,2017
68584,988,20,317.0,2,2,5,2017
68585,988,1,363.0,1,1,9,2017
68586,988,822,305.0,3,3,3,2017
68587,988,8,205.0,4,4,0,2017
68588,988,830,168.0,6,6,2,2017
68589,988,13,43.0,11,11,0,2017
68590,988,815,100.0,7,7,0,2017
68591,988,832,54.0,9,9,0,2017
68592,988,826,5.0,19,19,0,2017
68593,988,839,87.0,8,8,0,2017
68594,988,807,43.0,10,10,0,2017
68595,988,841,0.0,22,22,0,2017
68596,988,838,13.0,16,16,0,2017
68597,988,4,17.0,15,15,0,2017
68598,988,825,19.0,14,14,0,2017
68599,988,840,40.0,12,12,0,2017
68600,988,817,200.0,5,5,1,2017
68601,988,828,0.0,20,20,0,2017
68602,988,835,8.0,17,17,0,2017
68603,988,154,28.0,13,13,0,2017
68604,988,836,5.0,18,18,0,2017
68605,988,18,0.0,24,24,0,2017
68606,988,814,0.0,25,25,0,2017
68607,988,842,0.0,21,21,0,2017
68608,988,843,0.0,23,23,0,2017
68609,989,20,25.0,1,1,1,2018
68610,989,1,18.0,2,2,0,2018
68611,989,8,15.0,3,3,0,2018
68612,989,817,12.0,4,4,0,2018
68613,989,4,10.0,5,5,0,2018
68614,989,830,8.0,6,6,0,2018
68615,989,807,6.0,7,7,0,2018
68616,989,822,4.0,8,8,0,2018
68617,989,838,2.0,9,9,0,2018
68618,989,832,1.0,10,10,0,2018
68619,989,815,0.0,11,11,0,2018
68620,989,839,0.0,12,12,0,2018
68621,989,844,0.0,13,13,0,2018
68622,989,840,0.0,14,14,0,2018
68623,989,843,0.0,15,15,0,2018
68624,989,154,0.0,16,16,0,2018
68625,989,825,0.0,17,17,0,2018
68626,989,842,0.0,18,18,0,2018
68627,989,828,0.0,19,19,0,2018
68628,989,845,0.0,20,20,0,2018
68708,990,845,0.0,20,20,0,2018
68693,990,4,16.0,4,4,0,2018
68694,990,830,8.0,10,10,0,2018
68705,990,825,10.0,9,9,0,2018
68701,990,844,0.0,16,16,0,2018
68709,992,20,66.0,2,2,2,2018
68707,990,828,2.0,12,12,0,2018
68706,990,842,12.0,7,7,0,2018
68691,990,8,15.0,5,5,0,2018
68704,990,154,0.0,17,17,0,2018
68702,990,840,0.0,18,18,0,2018
68703,990,843,0.0,19,19,0,2018
68700,990,839,1.0,14,14,0,2018
68699,990,815,0.0,15,15,0,2018
68698,990,832,1.0,13,13,0,2018
68697,990,838,6.0,11,11,0,2018
68696,990,822,22.0,3,3,0,2018
68695,990,807,14.0,6,6,0,2018
68692,990,817,12.0,8,8,0,2018
68689,990,20,50.0,1,1,2,2018
68690,990,1,33.0,2,2,0,2018
68669,991,20,54.0,1,1,2,2018
68670,991,1,45.0,2,2,0,2018
68671,991,8,30.0,5,5,0,2018
68672,991,817,37.0,4,4,1,2018
68673,991,4,22.0,6,6,0,2018
68674,991,830,18.0,8,8,0,2018
68675,991,807,22.0,7,7,0,2018
68676,991,822,40.0,3,3,0,2018
68677,991,838,6.0,11,11,0,2018
68678,991,832,3.0,12,12,0,2018
68679,991,815,0.0,15,15,0,2018
68680,991,839,1.0,14,14,0,2018
68681,991,844,0.0,16,16,0,2018
68682,991,840,0.0,18,18,0,2018
68683,991,843,0.0,20,20,0,2018
68684,991,154,0.0,17,17,0,2018
68685,991,825,11.0,10,10,0,2018
68686,991,842,12.0,9,9,0,2018
68687,991,828,2.0,13,13,0,2018
68688,991,845,0.0,19,19,0,2018
68710,992,1,70.0,1,1,1,2018
68711,992,8,48.0,3,3,0,2018
68712,992,817,37.0,5,5,1,2018
68713,992,4,28.0,6,6,0,2018
68714,992,830,18.0,8,8,0,2018
68715,992,807,22.0,7,7,0,2018
68716,992,822,40.0,4,4,0,2018
68717,992,838,8.0,14,14,0,2018
68718,992,832,13.0,10,10,0,2018
68719,992,815,15.0,9,9,0,2018
68720,992,839,1.0,17,17,0,2018
68721,992,844,8.0,13,13,0,2018
68722,992,840,4.0,15,15,0,2018
68723,992,843,1.0,18,18,0,2018
68724,992,154,0.0,19,19,0,2018
68725,992,825,11.0,12,12,0,2018
68726,992,842,12.0,11,11,0,2018
68727,992,828,2.0,16,16,0,2018
68728,992,845,0.0,20,20,0,2018
68729,993,20,78.0,2,2,2,2018
68730,993,1,95.0,1,1,2,2018
68731,993,8,48.0,4,4,0,2018
68732,993,817,47.0,5,5,1,2018
68733,993,4,32.0,7,7,0,2018
68734,993,830,33.0,6,6,0,2018
68735,993,807,22.0,8,8,0,2018
68736,993,822,58.0,3,3,0,2018
68737,993,838,8.0,14,14,0,2018
68738,993,832,19.0,10,10,0,2018
68739,993,815,17.0,11,11,0,2018
68740,993,839,1.0,17,17,0,2018
68741,993,844,9.0,13,13,0,2018
68742,993,840,4.0,15,15,0,2018
68743,993,843,1.0,18,18,0,2018
68744,993,154,0.0,19,19,0,2018
68745,993,825,19.0,9,9,0,2018
68746,993,842,12.0,12,12,0,2018
68747,993,828,2.0,16,16,0,2018
68748,993,845,0.0,20,20,0,2018
68749,994,20,96.0,2,2,2,2018
68750,994,1,110.0,1,1,2,2018
68751,994,8,60.0,5,5,0,2018
68752,994,817,72.0,3,3,2,2018
68753,994,4,32.0,7,7,0,2018
68754,994,830,35.0,6,6,0,2018
68755,994,807,26.0,8,8,0,2018
68756,994,822,68.0,4,4,0,2018
68757,994,838,8.0,15,15,0,2018
68758,994,832,20.0,9,9,0,2018
68759,994,815,17.0,12,12,0,2018
68760,994,839,9.0,13,13,0,2018
68761,994,844,9.0,14,14,0,2018
68762,994,840,4.0,16,16,0,2018
68763,994,843,1.0,18,18,0,2018
68764,994,154,0.0,19,19,0,2018
68765,994,825,19.0,10,10,0,2018
68766,994,842,18.0,11,11,0,2018
68767,994,828,2.0,17,17,0,2018
68768,994,845,0.0,20,20,0,2018
68769,995,20,121.0,1,1,3,2018
68770,995,1,120.0,2,2,2,2018
68771,995,8,68.0,5,5,0,2018
68772,995,817,84.0,4,4,2,2018
68773,995,4,32.0,7,7,0,2018
68774,995,830,50.0,6,6,0,2018
68775,995,807,32.0,8,8,0,2018
68776,995,822,86.0,3,3,0,2018
68777,995,838,8.0,15,15,0,2018
68778,995,832,24.0,9,9,0,2018
68779,995,815,17.0,12,12,0,2018
68780,995,839,11.0,13,13,0,2018
68781,995,844,10.0,14,14,0,2018
68782,995,840,4.0,16,16,0,2018
68783,995,843,1.0,18,18,0,2018
68784,995,154,0.0,19,19,0,2018
68785,995,825,19.0,10,10,0,2018
68786,995,842,18.0,11,11,0,2018
68787,995,828,2.0,17,17,0,2018
68788,995,845,0.0,20,20,0,2018
68789,996,20,131.0,2,2,3,2018
68790,996,1,145.0,1,1,3,2018
68791,996,8,83.0,5,5,0,2018
68792,996,817,96.0,3,3,2,2018
68793,996,4,32.0,8,8,0,2018
68794,996,830,68.0,6,6,0,2018
68795,996,807,34.0,7,7,0,2018
68796,996,822,92.0,4,4,0,2018
68797,996,838,8.0,15,15,0,2018
68798,996,832,28.0,9,9,0,2018
68799,996,815,17.0,12,12,0,2018
68800,996,839,11.0,13,13,0,2018
68801,996,844,11.0,14,14,0,2018
68802,996,840,4.0,16,16,0,2018
68803,996,843,1.0,18,18,0,2018
68804,996,154,0.0,19,19,0,2018
68805,996,825,27.0,10,10,0,2018
68806,996,842,18.0,11,11,0,2018
68807,996,828,2.0,17,17,0,2018
68808,996,845,0.0,20,20,0,2018
68809,997,20,146.0,1,1,3,2018
68810,997,1,145.0,2,2,3,2018
68811,997,8,101.0,3,3,0,2018
68812,997,817,96.0,4,4,2,2018
68813,997,4,36.0,8,8,0,2018
68814,997,830,93.0,5,5,1,2018
68815,997,807,34.0,9,9,0,2018
68816,997,822,92.0,6,6,0,2018
68817,997,838,8.0,16,16,0,2018
68818,997,832,28.0,10,10,0,2018
68819,997,815,23.0,11,11,0,2018
68820,997,839,19.0,12,12,0,2018
68821,997,844,13.0,14,14,0,2018
68822,997,840,4.0,17,17,0,2018
68823,997,843,1.0,19,19,0,2018
68824,997,154,12.0,15,15,0,2018
68825,997,825,37.0,7,7,0,2018
68826,997,842,18.0,13,13,0,2018
68827,997,828,3.0,18,18,0,2018
68828,997,845,0.0,20,20,0,2018
68829,998,20,171.0,1,1,4,2018
68830,998,1,163.0,2,2,3,2018
68831,998,8,116.0,3,3,0,2018
68832,998,817,106.0,4,4,2,2018
68833,998,4,40.0,8,8,0,2018
68834,998,830,93.0,6,6,1,2018
68835,998,807,42.0,7,7,0,2018
68836,998,822,104.0,5,5,0,2018
68837,998,838,8.0,16,16,0,2018
68838,998,832,28.0,10,10,0,2018
68839,998,815,24.0,12,12,0,2018
68840,998,839,25.0,11,11,0,2018
68841,998,844,13.0,14,14,0,2018
68842,998,840,4.0,17,17,0,2018
68843,998,843,1.0,19,19,0,2018
68844,998,154,12.0,15,15,0,2018
68845,998,825,39.0,9,9,0,2018
68846,998,842,18.0,13,13,0,2018
68847,998,828,3.0,18,18,0,2018
68848,998,845,0.0,20,20,0,2018
68849,999,20,171.0,2,2,4,2018
68850,999,1,188.0,1,1,4,2018
68851,999,8,131.0,3,3,0,2018
68852,999,817,106.0,5,5,2,2018
68853,999,4,40.0,8,8,0,2018
68854,999,830,105.0,6,6,1,2018
68855,999,807,52.0,7,7,0,2018
68856,999,822,122.0,4,4,0,2018
68857,999,838,8.0,16,16,0,2018
68858,999,832,28.0,12,12,0,2018
68859,999,815,30.0,10,10,0,2018
68860,999,839,29.0,11,11,0,2018
68861,999,844,13.0,15,15,0,2018
68862,999,840,4.0,18,18,0,2018
68863,999,843,2.0,19,19,0,2018
68864,999,154,20.0,13,13,0,2018
68865,999,825,39.0,9,9,0,2018
68866,999,842,18.0,14,14,0,2018
68867,999,828,5.0,17,17,0,2018
68868,999,845,0.0,20,20,0,2018
68869,1000,20,189.0,2,2,4,2018
68870,1000,1,213.0,1,1,5,2018
68871,1000,8,146.0,3,3,0,2018
68872,1000,817,118.0,5,5,2,2018
68873,1000,4,44.0,9,9,0,2018
68874,1000,830,105.0,6,6,1,2018
68875,1000,807,52.0,7,7,0,2018
68876,1000,822,132.0,4,4,0,2018
68877,1000,838,8.0,16,16,0,2018
68878,1000,832,30.0,11,11,0,2018
68879,1000,815,30.0,10,10,0,2018
68880,1000,839,29.0,12,12,0,2018
68881,1000,844,13.0,15,15,0,2018
68882,1000,840,4.0,18,18,0,2018
68883,1000,843,2.0,19,19,0,2018
68884,1000,154,21.0,14,14,0,2018
68885,1000,825,45.0,8,8,0,2018
68886,1000,842,26.0,13,13,0,2018
68887,1000,828,5.0,17,17,0,2018
68888,1000,845,0.0,20,20,0,2018
68889,1001,20,214.0,2,2,5,2018
68890,1001,1,231.0,1,1,5,2018
68891,1001,8,146.0,3,3,0,2018
68892,1001,817,118.0,6,6,2,2018
68893,1001,4,44.0,9,9,0,2018
68894,1001,830,120.0,5,5,1,2018
68895,1001,807,52.0,7,7,0,2018
68896,1001,822,144.0,4,4,0,2018
68897,1001,838,8.0,16,16,0,2018
68898,1001,832,30.0,12,12,0,2018
68899,1001,815,40.0,10,10,0,2018
68900,1001,839,37.0,11,11,0,2018
68901,1001,844,13.0,15,15,0,2018
68902,1001,840,4.0,18,18,0,2018
68903,1001,843,2.0,19,19,0,2018
68904,1001,154,27.0,14,14,0,2018
68905,1001,825,49.0,8,8,0,2018
68906,1001,842,28.0,13,13,0,2018
68907,1001,828,6.0,17,17,0,2018
68908,1001,845,0.0,20,20,0,2018
68963,1002,843,2.0,19,19,0,2018
68966,1002,842,28.0,13,13,0,2018
68958,1002,832,34.0,12,12,0,2018
68968,1002,845,1.0,20,20,0,2018
68956,1002,822,159.0,4,4,0,2018
68967,1002,828,6.0,18,18,0,2018
68952,1002,817,118.0,6,6,2,2018
68965,1002,825,49.0,8,8,0,2018
68964,1002,154,27.0,14,14,0,2018
68962,1002,840,6.0,17,17,0,2018
68960,1002,839,45.0,10,10,0,2018
68961,1002,844,13.0,15,15,0,2018
68959,1002,815,46.0,9,9,0,2018
68957,1002,838,8.0,16,16,0,2018
68955,1002,807,52.0,7,7,0,2018
68954,1002,830,130.0,5,5,1,2018
68953,1002,4,44.0,11,11,0,2018
68949,1002,20,226.0,2,2,5,2018
68950,1002,1,256.0,1,1,6,2018
68951,1002,8,164.0,3,3,0,2018
68969,1003,20,241.0,2,2,5,2018
68970,1003,1,281.0,1,1,7,2018
68971,1003,8,174.0,3,3,0,2018
68972,1003,817,126.0,6,6,2,2018
68973,1003,4,50.0,8,8,0,2018
68974,1003,830,148.0,5,5,1,2018
68975,1003,807,53.0,7,7,0,2018
68976,1003,822,171.0,4,4,0,2018
68977,1003,838,8.0,16,16,0,2018
68978,1003,832,38.0,12,12,0,2018
68979,1003,815,46.0,10,10,0,2018
68980,1003,839,45.0,11,11,0,2018
68981,1003,844,15.0,15,15,0,2018
68982,1003,840,6.0,17,17,0,2018
68983,1003,843,2.0,19,19,0,2018
68984,1003,154,27.0,14,14,0,2018
68985,1003,825,49.0,9,9,0,2018
68986,1003,842,28.0,13,13,0,2018
68987,1003,828,6.0,18,18,0,2018
68988,1003,845,1.0,20,20,0,2018
68989,1004,20,256.0,2,2,5,2018
68990,1004,1,306.0,1,1,8,2018
68991,1004,8,186.0,4,4,0,2018
68992,1004,817,134.0,6,6,2,2018
68993,1004,4,50.0,9,9,0,2018
68994,1004,830,158.0,5,5,1,2018
68995,1004,807,53.0,8,8,0,2018
68996,1004,822,189.0,3,3,0,2018
68997,1004,838,8.0,16,16,0,2018
68998,1004,832,38.0,12,12,0,2018
68999,1004,815,47.0,10,10,0,2018
69000,1004,839,47.0,11,11,0,2018
69001,1004,844,21.0,15,15,0,2018
69002,1004,840,6.0,17,17,0,2018
69003,1004,843,2.0,19,19,0,2018
69004,1004,154,27.0,14,14,0,2018
69005,1004,825,53.0,7,7,0,2018
69006,1004,842,28.0,13,13,0,2018
69007,1004,828,6.0,18,18,0,2018
69008,1004,845,1.0,20,20,0,2018
69009,1005,20,264.0,2,2,5,2018
69010,1005,1,331.0,1,1,9,2018
69011,1005,8,196.0,4,4,0,2018
69012,1005,817,146.0,6,6,2,2018
69013,1005,4,50.0,10,10,0,2018
69014,1005,830,173.0,5,5,1,2018
69015,1005,807,53.0,9,9,0,2018
69016,1005,822,207.0,3,3,0,2018
69017,1005,838,8.0,16,16,0,2018
69018,1005,832,39.0,12,12,0,2018
69019,1005,815,53.0,7,7,0,2018
69020,1005,839,49.0,11,11,0,2018
69021,1005,844,21.0,15,15,0,2018
69022,1005,840,6.0,17,17,0,2018
69023,1005,843,2.0,19,19,0,2018
69024,1005,154,31.0,13,13,0,2018
69025,1005,825,53.0,8,8,0,2018
69026,1005,842,28.0,14,14,0,2018
69027,1005,828,6.0,18,18,0,2018
69028,1005,845,1.0,20,20,0,2018
69067,1006,828,7.0,17,17,0,2018
69065,1006,825,53.0,9,9,0,2018
69063,1006,843,4.0,19,19,0,2018
69062,1006,840,6.0,18,18,0,2018
69060,1006,839,49.0,11,11,0,2018
69058,1006,832,45.0,12,12,0,2018
69056,1006,822,217.0,4,4,0,2018
69054,1006,830,191.0,5,5,1,2018
69052,1006,817,146.0,6,6,2,2018
69050,1006,1,346.0,1,1,9,2018
69066,1006,842,28.0,14,14,0,2018
69068,1006,845,1.0,20,20,0,2018
69055,1006,807,61.0,7,7,0,2018
69061,1006,844,21.0,15,15,0,2018
69064,1006,154,31.0,13,13,0,2018
69057,1006,838,8.0,16,16,0,2018
69053,1006,4,50.0,10,10,0,2018
69059,1006,815,57.0,8,8,0,2018
69051,1006,8,221.0,3,3,1,2018
69049,1006,20,276.0,2,2,5,2018
69069,1007,20,294.0,2,2,5,2018
69070,1007,1,358.0,1,1,9,2018
69071,1007,8,236.0,3,3,1,2018
69072,1007,817,146.0,6,6,2,2018
69073,1007,4,50.0,10,10,0,2018
69074,1007,830,216.0,5,5,2,2018
69075,1007,807,69.0,7,7,0,2018
69076,1007,822,227.0,4,4,0,2018
69077,1007,838,12.0,16,16,0,2018
69078,1007,832,45.0,12,12,0,2018
69079,1007,815,57.0,8,8,0,2018
69080,1007,839,49.0,11,11,0,2018
69081,1007,844,27.0,15,15,0,2018
69082,1007,840,6.0,18,18,0,2018
69083,1007,843,4.0,19,19,0,2018
69084,1007,154,31.0,13,13,0,2018
69085,1007,825,53.0,9,9,0,2018
69086,1007,842,29.0,14,14,0,2018
69087,1007,828,9.0,17,17,0,2018
69088,1007,845,1.0,20,20,0,2018
69089,1008,20,302.0,2,2,5,2018
69090,1008,1,383.0,1,1,10,2018
69091,1008,8,251.0,3,3,1,2018
69092,1008,817,158.0,6,6,2,2018
69093,1008,4,50.0,10,10,0,2018
69094,1008,830,234.0,5,5,2,2018
69095,1008,807,69.0,7,7,0,2018
69096,1008,822,237.0,4,4,0,2018
69097,1008,838,12.0,16,16,0,2018
69098,1008,832,45.0,12,12,0,2018
69099,1008,815,58.0,8,8,0,2018
69100,1008,839,49.0,11,11,0,2018
69101,1008,844,33.0,14,14,0,2018
69102,1008,840,6.0,18,18,0,2018
69103,1008,843,4.0,19,19,0,2018
69104,1008,154,35.0,13,13,0,2018
69105,1008,825,55.0,9,9,0,2018
69106,1008,842,29.0,15,15,0,2018
69107,1008,828,9.0,17,17,0,2018
69108,1008,845,1.0,20,20,0,2018
69109,1009,20,320.0,2,2,5,2018
69110,1009,1,408.0,1,1,11,2018
69111,1009,8,251.0,3,3,1,2018
69112,1009,817,170.0,6,6,2,2018
69113,1009,4,50.0,11,11,0,2018
69114,1009,830,249.0,4,4,2,2018
69115,1009,807,69.0,7,7,0,2018
69116,1009,822,247.0,5,5,0,2018
69117,1009,838,12.0,16,16,0,2018
69118,1009,832,53.0,10,10,0,2018
69119,1009,815,62.0,8,8,0,2018
69120,1009,839,49.0,12,12,0,2018
69121,1009,844,39.0,13,13,0,2018
69122,1009,840,6.0,18,18,0,2018
69123,1009,843,4.0,19,19,0,2018
69124,1009,154,37.0,14,14,0,2018
69125,1009,825,56.0,9,9,0,2018
69126,1009,842,29.0,15,15,0,2018
69127,1009,828,9.0,17,17,0,2018
69128,1009,845,1.0,20,20,0,2018
